ano,mes,municipio,cid_familia,n_registros,n_procedimentos
2026,6,JUINA,tuberculose,33,33
2026,6,LUCAS DO RIO VERDE,tuberculose,15,15
2026,6,NOVA MUTUM,tuberculose,13,13
2026,6,CLAUDIA,tuberculose,1,1
2026,6,GUARANTA DO NORTE,tuberculose,14,14
2026,6,JUINA,dengue_arbovirose,38,38
2026,6,CAMPO VERDE,tuberculose,9,9
2026,6,SAO FELIX DO ARAGUAIA,tuberculose,9,9
2026,6,BALNEARIO CAMBORIU,dengue_arbovirose,1,1
2026,6,SAPEZAL,hepatite,1,1
2026,6,JACIARA,hepatite,1,1
2026,6,GAUCHA DO NORTE,hepatite,4,4
2026,6,TANGARA DA SERRA,dengue_arbovirose,3,3
2026,6,VARZEA GRANDE,tuberculose,65,65
2026,6,BRASNORTE,tuberculose,2,2
2026,6,TANGARA DA SERRA,hepatite,54,64
2026,6,VILHENA,dengue_arbovirose,3,3
2026,6,PONTES E LACERDA,tuberculose,37,37
2026,6,CHAPADA DOS GUIMARAES,tuberculose,7,7
2026,6,JURUENA,dengue_arbovirose,1,1
2026,6,ALVORADA DOESTE,dengue_arbovirose,1,1
2026,6,CASTANHEIRA,dengue_arbovirose,1,1
2026,6,SAO JOSE DO RIO CLARO,tuberculose,2,2
2026,6,APIACAS,tuberculose,1,1
2026,6,COTRIGUACU,dengue_arbovirose,13,9
2026,6,PORTO DOS GAUCHOS,tuberculose,1,1
2026,6,NOVA MONTE VERDE,hepatite,2,2
2026,6,SORRISO,hepatite,11,11
2026,6,BARRA DO GARCAS,tuberculose,14,14
2026,6,BARRA DO GARCAS,hepatite,5,5
2026,6,ARAPUTANGA,tuberculose,2,2
2026,6,TERRA NOVA DO NORTE,hepatite,1,1
2026,6,NOVO MUNDO,tuberculose,1,1
2026,6,PONTES E LACERDA,dengue_arbovirose,53,72
2026,6,CANARANA,dengue_arbovirose,4,8
2026,6,ROSARIO OESTE,hepatite,1,1
2026,6,NOVA GUARITA,hepatite,2,2
2026,6,TAPURAH,tuberculose,1,1
2026,6,CARLINDA,hepatite,2,2
2026,6,BOA VISTA,tuberculose,1,1
2026,6,NOBRES,tuberculose,3,3
2026,6,VARZEA GRANDE,dengue_arbovirose,81,86
2026,6,CAMPOS DE JULIO,dengue_arbovirose,2,2
2026,6,ROLIM DE MOURA,dengue_arbovirose,1,1
2026,6,TABAPORA,dengue_arbovirose,6,24
2026,6,MIRASSOL D OESTE,tuberculose,1,1
2026,6,FELIZ NATAL,hepatite,1,1
2026,6,PEIXOTO DE AZEVEDO,dengue_arbovirose,32,32
2026,6,SAO JOSE DOS QUATRO MARCOS,hepatite,1,1
2026,6,NOVA XAVANTINA,hepatite,5,5
2026,6,PEIXOTO DE AZEVEDO,tuberculose,4,4
2026,6,ARENAPOLIS,hepatite,1,1
2026,6,TERRA NOVA DO NORTE,dengue_arbovirose,4,7
2026,6,VILHENA,hepatite,1,1
2026,6,510183,hepatite,2,2
2026,6,MATUPA,hepatite,3,3
2026,6,ROSARIO OESTE,tuberculose,1,1
2026,6,SANTO ANTONIO DO LEVERGER,hepatite,1,1
2026,6,ARAGUAIANA,tuberculose,1,1
2026,6,ALTO GARCAS,hepatite,1,1
2026,6,PARANAITA,tuberculose,3,3
2026,6,DOM AQUINO,hepatite,1,1
2026,6,PRIMAVERA DO LESTE,tuberculose,12,12
2026,6,CAMPOS DE JULIO,tuberculose,1,1
2026,6,COLIDER,tuberculose,4,4
2026,6,SERRA NOVA DOURADA,hepatite,1,1
2026,6,ARIPUANA,tuberculose,5,5
2026,6,NOVA MUTUM,hepatite,10,10
2026,6,ALTO ALEGRE DOS PARECIS,dengue_arbovirose,1,1
2026,6,UNIAO DO SUL,tuberculose,2,2
2026,6,RONDONOPOLIS,hepatite,15,15
2026,6,AGUA BOA,tuberculose,6,6
2026,6,DIAMANTINO,hepatite,1,1
2026,6,ACREUNA,tuberculose,1,1
2026,6,AGUA BOA,hepatite,3,3
2026,6,PIRANHAS,dengue_arbovirose,1,1
2026,6,RIO VERDE,dengue_arbovirose,1,1
2026,6,PARANATINGA,hepatite,1,1
2026,6,SINOP,dengue_arbovirose,14,26
2026,6,RIBEIRAO CASCALHEIRA,hepatite,2,2
2026,6,SINOP,tuberculose,15,15
2026,6,NOVA NAZARE,dengue_arbovirose,3,4
2026,6,POCONE,tuberculose,4,4
2026,6,CARLINDA,dengue_arbovirose,1,1
2026,6,GUARUJA,dengue_arbovirose,1,1
2026,6,SANTO ANTONIO DO LEVERGER,tuberculose,5,5
2026,6,JUSCIMEIRA,tuberculose,2,2
2026,6,JUARA,dengue_arbovirose,236,881
2026,6,BRASNORTE,hepatite,1,1
2026,6,CANARANA,tuberculose,40,40
2026,6,PRIMAVERA DO LESTE,hepatite,6,6
2026,6,VARZEA GRANDE,hepatite,10,10
2026,6,RONDONOPOLIS,tuberculose,20,20
2026,6,MACHADINHO DOESTE,dengue_arbovirose,2,2
2026,6,BANNACH,hepatite,1,1
2026,6,JACIARA,tuberculose,1,1
2026,6,MARCELANDIA,dengue_arbovirose,3,3
2026,6,GUARANTA DO NORTE,dengue_arbovirose,4,6
2026,6,510183,tuberculose,1,1
2026,6,BARAO DE MELGACO,tuberculose,1,1
2026,6,ARIQUEMES,dengue_arbovirose,1,1
2026,6,CUJUBIM,dengue_arbovirose,1,1
2026,6,SAO MIGUEL DO ARAGUAIA,dengue_arbovirose,3,3
2026,6,GUIRATINGA,tuberculose,1,1
2026,6,COLNIZA,dengue_arbovirose,141,141
2026,6,COLNIZA,hepatite,1,1
2026,6,CACOAL,dengue_arbovirose,1,1
2026,6,BOA VISTA,dengue_arbovirose,1,1
2026,6,CUIABA,hepatite,37,37
2026,6,JUINA,hepatite,22,22
2026,6,SAO MIGUEL DOS CAMPOS,tuberculose,2,2
2026,6,CHAPECO,hepatite,1,1
2026,6,RIO BRANCO,dengue_arbovirose,1,1
2026,6,HUMAITA,dengue_arbovirose,1,1
2026,6,CAMPO NOVO DE RONDONIA,dengue_arbovirose,1,1
2026,6,CUIABA,tuberculose,122,122
2026,6,SORRISO,tuberculose,34,34
2026,6,CUIABA,dengue_arbovirose,7,7
2026,6,QUIRINOPOLIS,tuberculose,1,1
2026,6,PINHEIROS,tuberculose,1,1
2026,6,MONTES CLAROS,hepatite,1,1
2026,6,MATUPA,tuberculose,1,1
2026,6,PORTO ALEGRE DO NORTE,tuberculose,2,2
2026,6,PEDRA PRETA,dengue_arbovirose,5,7
2026,6,PONTES E LACERDA,hepatite,1,1
2026,6,APUI,dengue_arbovirose,1,1
2026,6,MARCELANDIA,hepatite,2,2
2026,6,TERRA NOVA DO NORTE,tuberculose,1,1
2026,6,SAO JOSE DO POVO,tuberculose,1,1
2026,6,CANARANA,hepatite,5,5
2026,6,TABAPORA,tuberculose,5,5
2026,6,VILA RICA,tuberculose,5,5
2026,6,GUARANTA DO NORTE,hepatite,18,18
2026,6,NOVA CANAA DO NORTE,tuberculose,1,1
2026,6,COTRIGUACU,hepatite,2,2
2026,6,APARECIDA DE GOIANIA,tuberculose,1,1
2026,6,RONDONOPOLIS,dengue_arbovirose,75,75
2026,6,BOM JESUS DO ARAGUAIA,tuberculose,2,2
2026,6,SAPEZAL,dengue_arbovirose,4,12
2026,6,RIBEIRAO CASCALHEIRA,tuberculose,1,1
2026,6,BARRA DO BUGRES,tuberculose,17,17
2026,6,GAUCHA DO NORTE,tuberculose,2,2
2026,6,ALTA FLORESTA,tuberculose,4,4
2026,6,NOVA UBIRATA,tuberculose,1,1
2026,6,TOME-ACU,dengue_arbovirose,1,1
2026,6,ACORIZAL,tuberculose,3,3
2026,6,NOVA MARINGA,tuberculose,1,1
2026,6,PARANAITA,dengue_arbovirose,1,1
2026,6,CANABRAVA DO NORTE,tuberculose,2,2
2026,6,PALMITAL,tuberculose,1,1
2026,6,PORTO ESPERIDIAO,tuberculose,1,1
2026,6,SOBRADINHO,tuberculose,1,1
2026,6,BARREIRAS,tuberculose,1,1
2026,6,SEARA,tuberculose,1,1
2026,6,SAO JOSE DO RIO CLARO,hepatite,1,1
2026,6,CAMPO VERDE,hepatite,1,1
2026,6,CAMPO NOVO DO PARECIS,dengue_arbovirose,1,1
2026,6,PARANAITA,hepatite,2,2
2026,6,ORIXIMINA,dengue_arbovirose,1,1
2026,6,PEIXOTO DE AZEVEDO,hepatite,1,1
2026,6,BARRA DE SAO FRANCISCO,dengue_arbovirose,1,1
2026,6,NOVA OLIMPIA,hepatite,1,1
2026,6,NOSSA SENHORA DO LIVRAMENTO,tuberculose,2,2
2026,6,CACERES,hepatite,1,1
2026,6,CAMPINAPOLIS,tuberculose,13,13
2026,6,MARIALVA,dengue_arbovirose,1,1
2026,6,QUERENCIA,tuberculose,2,2
2026,6,ALTA FLORESTA DOESTE,dengue_arbovirose,1,2
2026,6,ALTO GARCAS,tuberculose,1,1
2026,6,TANGARA DA SERRA,tuberculose,88,88
2026,6,POXOREO,tuberculose,2,2
2026,6,RESERVA DO CABACAL,tuberculose,1,1
2026,6,ALTAMIRA,tuberculose,1,1
2026,6,APIACAS,dengue_arbovirose,1,1
2026,6,RIBEIRAOZINHO,tuberculose,1,1
2026,6,JI-PARANA,dengue_arbovirose,2,2
2026,6,MUNDO NOVO,hepatite,1,1
2026,6,CAMPO NOVO DO PARECIS,tuberculose,5,5
2026,6,ALTA FLORESTA,hepatite,4,4
2026,6,COLIDER,dengue_arbovirose,1,0
2026,6,CAMPINAPOLIS,dengue_arbovirose,6,21
2026,6,SAPEZAL,tuberculose,4,4
2026,6,JURUENA,hepatite,1,1
2026,6,NOVA SANTA HELENA,hepatite,2,2
2026,6,NORTELANDIA,tuberculose,2,2
2026,6,TURILANDIA,dengue_arbovirose,1,1
2026,6,CASTANHEIRA,tuberculose,2,2
2026,6,PLANALTO DA SERRA,dengue_arbovirose,5,5
2026,6,CEREJEIRAS,dengue_arbovirose,1,1
2026,6,DIAMANTINO,tuberculose,3,3
2026,6,NOVA BANDEIRANTES,dengue_arbovirose,1,1
2026,6,JABOATAO DOS GUARARAPES,tuberculose,1,1
2026,6,COLNIZA,tuberculose,2,2
2026,6,RIO BRANCO,tuberculose,1,1
2026,6,JUARA,tuberculose,9,9
2026,6,SANTO ANTONIO DO LESTE,dengue_arbovirose,2,2
2026,6,CACERES,tuberculose,20,20
2026,6,NOVA BANDEIRANTES,hepatite,3,3
2026,6,CHAPADA DOS GUIMARAES,hepatite,2,2
2026,6,COLIDER,hepatite,3,3
2026,6,AGUA BOA,dengue_arbovirose,1,1
2026,6,PEDRA PRETA,hepatite,1,1
2026,6,ALTO PARAGUAI,hepatite,1,1
2026,6,CONFRESA,tuberculose,4,4
2026,6,SAO JOSE DOS QUATRO MARCOS,tuberculose,1,1
2026,6,IPORA,tuberculose,1,1
2026,6,ARIPUANA,dengue_arbovirose,4,4
