municipio,cnes_estabelecimentos,cnes_leitos_total,cnes_leitos_sus,cnes_leitos_uti,cnes_equipamentos_total,cnes_equipamentos_uso,cnes_equipamentos_criticos,cnes_equipes_total,cnes_equipes_esf
*EM BRANCO,73,,,,315,315,63,49,9
ACORIZAL,250,,,,276,276,23,111,48
AGUA BOA,2216,2172.0,1812.0,240.0,14050,13751,2348,633,316
ALTA FLORESTA,5440,5076.0,2604.0,546.0,32029,30567,8629,786,408
ALTO ARAGUAIA,1038,2390.0,552.0,0.0,2580,2488,670,383,167
ALTO BOA VISTA,468,,,,2555,2486,115,165,72
ALTO GARCAS,482,339.0,339.0,0.0,3376,3177,600,190,95
ALTO PARAGUAI,293,,,,590,590,129,204,93
ALTO TAQUARI,526,488.0,488.0,0.0,1345,1293,276,167,72
APIACAS,383,768.0,768.0,0.0,2525,2373,205,192,96
ARAGUAIANA,261,229.0,229.0,0.0,345,326,69,77,24
ARAGUAINHA,115,,,,156,156,0,72,24
ARAPUTANGA,833,475.0,403.0,0.0,2464,2464,504,216,120
ARENAPOLIS,707,984.0,984.0,12.0,2476,2383,270,192,96
ARIPUANA,1050,903.0,807.0,0.0,7058,7012,876,299,144
BARAO DE MELGACO,262,288.0,288.0,0.0,1051,1051,69,143,72
BARRA DO BUGRES,1730,768.0,768.0,0.0,4141,4101,1118,391,205
BARRA DO GARCAS,5933,3325.0,1975.0,438.0,15199,14988,3600,1082,475
BOM JESUS DO ARAGUAIA,356,,,,270,270,46,150,72
BRASNORTE,1055,960.0,960.0,0.0,5947,5897,696,260,120
CACERES,6303,8377.0,7323.0,1392.0,40525,39141,8582,1013,422
CAMPINAPOLIS,639,570.0,570.0,0.0,886,748,115,239,96
CAMPO NOVO DO PARECIS,2993,828.0,807.0,0.0,36016,35001,4897,629,261
CAMPO VERDE,2509,1872.0,1488.0,240.0,8074,7732,2621,792,336
CAMPOS DE JULIO,805,408.0,408.0,0.0,4652,4012,222,144,72
CANABRAVA DO NORTE,393,65.0,65.0,0.0,286,284,25,142,62
CANARANA,1935,1060.0,708.0,0.0,12509,11684,1039,384,192
CARLINDA,532,,,,2908,2908,184,199,110
CASTANHEIRA,429,,,,2308,2262,184,120,72
CHAPADA DOS GUIMARAES,812,56.0,0.0,0.0,3520,3390,375,325,215
CLAUDIA,429,657.0,657.0,0.0,979,910,115,216,96
COCALINHO,536,408.0,408.0,0.0,1536,1513,51,149,72
COLIDER,1973,2918.0,1589.0,480.0,21186,17430,5205,432,192
COLNIZA,962,864.0,848.0,0.0,1658,1303,244,216,192
COMODORO,1401,1008.0,744.0,0.0,1829,1783,236,290,168
CONFRESA,1878,1872.0,1704.0,0.0,8401,7987,977,501,216
CONQUISTA D OESTE,289,,,,602,579,93,72,48
COTRIGUACU,432,816.0,816.0,0.0,3972,3504,253,238,120
CUIABA,52545,62003.0,39314.0,15487.0,432558,410654,95688,5679,3306
CURVELANDIA,217,,,,925,925,129,96,48
DENISE,399,,,,1388,1342,391,141,71
DIAMANTINO,1580,720.0,720.0,0.0,5545,5379,1672,544,237
DOM AQUINO,318,516.0,406.0,0.0,1188,1111,127,216,96
FELIZ NATAL,524,,,,1787,1718,46,167,72
FIGUEIROPOLIS D OESTE,184,,,,207,207,69,71,24
GAUCHA DO NORTE,806,239.0,239.0,0.0,2273,2245,236,106,48
GENERAL CARNEIRO,310,360.0,360.0,0.0,1640,1564,188,128,48
GLORIA D OESTE,175,,,,1314,1291,136,120,48
GUARANTA DO NORTE,1628,1464.0,881.0,240.0,10852,10806,1738,456,216
GUIRATINGA,536,335.0,295.0,0.0,3383,1037,216,264,120
INDIAVAI,169,,,,481,231,138,48,24
IPIRANGA DO NORTE,448,,,,1736,1621,196,158,72
ITANHANGA,347,,,,764,764,92,144,72
ITAUBA,251,384.0,384.0,0.0,805,789,138,48,24
ITIQUIRA,692,888.0,888.0,0.0,3208,3094,368,253,120
JACIARA,1676,1392.0,1272.0,24.0,8319,7256,1577,450,192
JANGADA,384,,,,1283,1283,138,216,105
JAURU,418,912.0,792.0,0.0,691,622,256,167,72
JUARA,2652,1455.0,912.0,0.0,11908,11229,1988,421,216
JUINA,2650,3018.0,2088.0,240.0,22398,21003,3591,551,288
JURUENA,722,474.0,474.0,0.0,3813,3731,448,144,72
JUSCIMEIRA,495,360.0,360.0,0.0,5098,5079,648,249,119
LAMBARI D OESTE,180,,,,263,263,27,116,48
LUCAS DO RIO VERDE,6743,3924.0,2962.0,550.0,18200,17203,3606,1248,600
LUCIARA,203,,,,961,800,207,72,24
MARCELANDIA,466,531.0,531.0,0.0,808,808,230,196,96
MATUPA,1197,928.0,654.0,0.0,5484,5208,854,308,144
MIRASSOL D OESTE,2383,1968.0,1704.0,0.0,3242,3110,522,305,168
NOBRES,1007,955.0,787.0,0.0,3108,3039,388,312,144
NORTELANDIA,273,486.0,486.0,0.0,805,805,230,144,72
NOSSA SENHORA DO LIVRAMENTO,265,384.0,384.0,0.0,1012,1012,46,200,96
NOVA BANDEIRANTES,706,336.0,336.0,0.0,3070,2959,314,263,132
NOVA BRASILANDIA,257,52.0,52.0,0.0,805,690,69,120,48
NOVA CANAA DO NORTE,599,125.0,125.0,0.0,1318,1043,113,241,120
NOVA GUARITA,209,,,,1307,1175,324,118,48
NOVA LACERDA,334,,,,569,569,92,165,72
NOVA MARILANDIA,179,,,,1288,1242,138,72,24
NOVA MARINGA,258,,,,1533,1470,344,170,78
NOVA MONTE VERDE,366,312.0,312.0,0.0,736,713,184,168,72
NOVA MUTUM,5267,5199.0,4065.0,1460.0,40619,40215,6885,955,325
NOVA NAZARE,246,,,,331,331,59,100,48
NOVA OLIMPIA,867,1392.0,912.0,0.0,2276,1955,276,272,120
NOVA SANTA HELENA,193,,,,336,336,23,119,53
NOVA UBIRATA,629,50.0,50.0,0.0,1599,1599,196,215,116
NOVA XAVANTINA,1111,1280.0,752.0,0.0,9140,8251,1201,356,155
NOVO HORIZONTE DO NORTE,256,312.0,309.0,0.0,2580,2225,135,96,48
NOVO MUNDO,301,,,,1074,1035,276,168,96
NOVO SANTO ANTONIO,161,,,,966,944,63,72,24
NOVO SAO JOAQUIM,368,754.0,754.0,0.0,3726,3641,462,166,72
PARANAITA,636,922.0,922.0,0.0,3861,3752,593,247,115
PARANATINGA,972,810.0,810.0,0.0,2105,1944,362,368,168
PEDRA PRETA,584,688.0,688.0,0.0,731,636,195,212,120
PEIXOTO DE AZEVEDO,1270,1611.0,1521.0,90.0,7163,6165,1828,330,198
PLANALTO DA SERRA,243,,,,1238,1122,55,72,24
POCONE,895,1310.0,1124.0,0.0,7581,7375,957,459,216
PONTAL DO ARAGUAIA,302,,,,471,431,23,175,72
PONTE BRANCA,214,408.0,408.0,0.0,1513,1490,299,72,24
PONTES E LACERDA,2846,2136.0,1776.0,0.0,12189,11782,1690,549,288
PORTO ALEGRE DO NORTE,343,432.0,432.0,0.0,895,832,89,216,120
PORTO DOS GAUCHOS,383,486.0,486.0,0.0,3520,3275,229,178,82
PORTO ESPERIDIAO,400,96.0,96.0,0.0,995,903,82,258,120
PORTO ESTRELA,337,,,,437,437,23,117,48
POXOREO,537,1888.0,1592.0,0.0,2264,2103,861,240,144
PRIMAVERA DO LESTE,5579,5956.0,3172.0,1394.0,45843,44859,9023,904,408
QUERENCIA,1519,693.0,573.0,0.0,7501,7087,969,432,167
RESERVA DO CABACAL,120,,,,405,320,135,72,24
RIBEIRAO CASCALHEIRA,772,878.0,793.0,13.0,2747,2747,476,205,109
RIBEIRAOZINHO,232,344.0,344.0,0.0,617,617,95,72,24
RIO BRANCO,223,432.0,432.0,0.0,385,339,135,96,48
RONDOLANDIA,303,,,,364,341,65,116,48
RONDONOPOLIS,21425,17390.0,12105.0,3323.0,90262,77678,17267,3044,1468
ROSARIO OESTE,645,2005.0,2005.0,85.0,2668,2609,464,314,157
SALTO DO CEU,298,336.0,336.0,0.0,621,575,46,120,48
SANTA CARMEM,335,,,,1371,1348,207,119,48
SANTA CRUZ DO XINGU,210,186.0,96.0,0.0,299,299,207,72,24
SANTA RITA DO TRIVELATO,336,,,,352,352,138,118,47
SANTA TEREZINHA,230,431.0,431.0,0.0,615,589,69,153,72
SANTO AFONSO,210,,,,368,299,69,72,24
SANTO ANTONIO DO LESTE,273,,,,339,224,138,75,24
SANTO ANTONIO DO LEVERGER,362,424.0,424.0,0.0,3461,3278,230,342,144
SAO FELIX DO ARAGUAIA,710,764.0,764.0,0.0,2931,2931,241,216,96
SAO JOSE DO POVO,96,,,,115,115,46,95,48
SAO JOSE DO RIO CLARO,960,528.0,528.0,0.0,3986,3819,753,312,144
SAO JOSE DO XINGU,240,,,,506,483,138,96,48
SAO JOSE DOS QUATRO MARCOS,987,1208.0,337.0,0.0,3204,2894,693,211,120
SAO PEDRO DA CIPA,168,,,,253,230,0,120,48
SAPEZAL,2120,1272.0,816.0,0.0,6902,6547,1364,273,151
SERRA NOVA DOURADA,178,,,,179,179,69,68,24
SINOP,17590,11163.0,6712.0,1474.0,76144,63259,18659,1654,879
SORRISO,8872,8458.0,6046.0,2843.0,82420,78305,11786,1464,648
TABAPORA,571,342.0,342.0,1.0,3025,2863,254,192,96
TANGARA DA SERRA,8863,8317.0,3893.0,1782.0,36548,36042,9619,938,552
TAPURAH,765,493.0,493.0,0.0,2412,2067,190,298,96
TERRA NOVA DO NORTE,480,826.0,826.0,0.0,1627,1608,548,238,96
TESOURO,182,360.0,360.0,0.0,483,483,115,96,48
TORIXOREU,327,608.0,582.0,0.0,737,737,80,120,48
UNIAO DO SUL,389,,,,1242,1104,184,120,48
VALE DE SAO DOMINGOS,310,,,,194,194,69,120,48
VARZEA GRANDE,6794,15148.0,12585.0,2552.0,85542,82499,19725,4130,3049
VERA,625,726.0,726.0,0.0,2454,2454,121,144,72
VILA BELA DA S TRINDADE,415,1459.0,1306.0,0.0,2095,2095,753,217,120
VILA RICA,931,504.0,504.0,0.0,4613,3854,180,305,168
