target,forecast_step,forecast_epi_year,forecast_epi_week,forecast_tests,forecast_positividade,forecast_notificacoes,metodo,modelo_versao
bacteremia_bact_rias_cultura,1,2026,35,1.45,0.0,0.0,ewma_span4_tail8,baseline_v1
bacteremia_bact_rias_cultura,2,2026,36,1.45,0.0,0.0,ewma_span4_tail8,baseline_v1
bacteremia_bact_rias_cultura,3,2026,37,1.45,0.0,0.0,ewma_span4_tail8,baseline_v1
bacteremia_bact_rias_cultura,4,2026,38,1.45,0.0,0.0,ewma_span4_tail8,baseline_v1
bacteremia_bact_rias_teste_de_sensibilidade,1,2026,26,1.02,0.0,0.0,ewma_span4_tail8,baseline_v1
bacteremia_bact_rias_teste_de_sensibilidade,2,2026,27,1.02,0.0,0.0,ewma_span4_tail8,baseline_v1
bacteremia_bact_rias_teste_de_sensibilidade,3,2026,28,1.02,0.0,0.0,ewma_span4_tail8,baseline_v1
bacteremia_bact_rias_teste_de_sensibilidade,4,2026,29,1.02,0.0,0.0,ewma_span4_tail8,baseline_v1
brucelose_brucelose,1,2026,37,2.11,0.0,0.0,ewma_span4_tail8,baseline_v1
brucelose_brucelose,2,2026,38,2.11,0.0,0.0,ewma_span4_tail8,baseline_v1
brucelose_brucelose,3,2026,39,2.11,0.0,0.0,ewma_span4_tail8,baseline_v1
brucelose_brucelose,4,2026,40,2.11,0.0,0.0,ewma_span4_tail8,baseline_v1
brucelose_brucelose_igg,1,2026,37,2.07,0.0,0.0,ewma_span4_tail8,baseline_v1
brucelose_brucelose_igg,2,2026,38,2.07,0.0,0.0,ewma_span4_tail8,baseline_v1
brucelose_brucelose_igg,3,2026,39,2.07,0.0,0.0,ewma_span4_tail8,baseline_v1
brucelose_brucelose_igg,4,2026,40,2.07,0.0,0.0,ewma_span4_tail8,baseline_v1
brucelose_brucelose_igm,1,2026,37,2.07,0.0,0.0,ewma_span4_tail8,baseline_v1
brucelose_brucelose_igm,2,2026,38,2.07,0.0,0.0,ewma_span4_tail8,baseline_v1
brucelose_brucelose_igm,3,2026,39,2.07,0.0,0.0,ewma_span4_tail8,baseline_v1
brucelose_brucelose_igm,4,2026,40,2.07,0.0,0.0,ewma_span4_tail8,baseline_v1
caxumba_caxumba_biologia_molecular,1,2026,38,1.76,0.0,0.0,ewma_span4_tail8,baseline_v1
caxumba_caxumba_biologia_molecular,2,2026,39,1.76,0.0,0.0,ewma_span4_tail8,baseline_v1
caxumba_caxumba_biologia_molecular,3,2026,40,1.76,0.0,0.0,ewma_span4_tail8,baseline_v1
caxumba_caxumba_biologia_molecular,4,2026,41,1.76,0.0,0.0,ewma_span4_tail8,baseline_v1
chikungunya,1,2026,38,13.96,0.0,0.0,ewma_span4_tail8,baseline_v1
chikungunya,2,2026,39,13.96,0.0,0.0,ewma_span4_tail8,baseline_v1
chikungunya,3,2026,40,13.96,0.0,0.0,ewma_span4_tail8,baseline_v1
chikungunya,4,2026,41,13.96,0.0,0.0,ewma_span4_tail8,baseline_v1
citomegalov_rus_citomegalov_rus_igg,1,2026,38,1.0,0.0,0.0,ewma_span4_tail8,baseline_v1
citomegalov_rus_citomegalov_rus_igg,2,2026,39,1.0,0.0,0.0,ewma_span4_tail8,baseline_v1
citomegalov_rus_citomegalov_rus_igg,3,2026,40,1.0,0.0,0.0,ewma_span4_tail8,baseline_v1
citomegalov_rus_citomegalov_rus_igg,4,2026,41,1.0,0.0,0.0,ewma_span4_tail8,baseline_v1
citomegalov_rus_citomegalov_rus_igg_avidez,1,2026,38,1.0,0.0,0.0,ewma_span4_tail8,baseline_v1
citomegalov_rus_citomegalov_rus_igg_avidez,2,2026,39,1.0,0.0,0.0,ewma_span4_tail8,baseline_v1
citomegalov_rus_citomegalov_rus_igg_avidez,3,2026,40,1.0,0.0,0.0,ewma_span4_tail8,baseline_v1
citomegalov_rus_citomegalov_rus_igg_avidez,4,2026,41,1.0,0.0,0.0,ewma_span4_tail8,baseline_v1
citomegalov_rus_citomegalov_rus_igm,1,2026,38,1.0,0.0,0.0,ewma_span4_tail8,baseline_v1
citomegalov_rus_citomegalov_rus_igm,2,2026,39,1.0,0.0,0.0,ewma_span4_tail8,baseline_v1
citomegalov_rus_citomegalov_rus_igm,3,2026,40,1.0,0.0,0.0,ewma_span4_tail8,baseline_v1
citomegalov_rus_citomegalov_rus_igm,4,2026,41,1.0,0.0,0.0,ewma_span4_tail8,baseline_v1
citomegalov_rus_toxoplasmose_igg,1,2026,34,1.81,0.0432,0.0,ewma_span4_tail8,baseline_v1
citomegalov_rus_toxoplasmose_igg,2,2026,35,1.81,0.0432,0.0,ewma_span4_tail8,baseline_v1
citomegalov_rus_toxoplasmose_igg,3,2026,36,1.81,0.0432,0.0,ewma_span4_tail8,baseline_v1
citomegalov_rus_toxoplasmose_igg,4,2026,37,1.81,0.0432,0.0,ewma_span4_tail8,baseline_v1
citomegalov_rus_toxoplasmose_igm,1,2026,34,1.81,0.0,0.0,ewma_span4_tail8,baseline_v1
citomegalov_rus_toxoplasmose_igm,2,2026,35,1.81,0.0,0.0,ewma_span4_tail8,baseline_v1
citomegalov_rus_toxoplasmose_igm,3,2026,36,1.81,0.0,0.0,ewma_span4_tail8,baseline_v1
citomegalov_rus_toxoplasmose_igm,4,2026,37,1.81,0.0,0.0,ewma_span4_tail8,baseline_v1
coqueluche_bordetella,1,2026,36,1.0,0.0,0.0,ewma_span4_tail8,baseline_v1
coqueluche_bordetella,2,2026,37,1.0,0.0,0.0,ewma_span4_tail8,baseline_v1
coqueluche_bordetella,3,2026,38,1.0,0.0,0.0,ewma_span4_tail8,baseline_v1
coqueluche_bordetella,4,2026,39,1.0,0.0,0.0,ewma_span4_tail8,baseline_v1
coqueluche_coqueluche_detec_o_de_bordetella_pertussis,1,2026,26,2.46,0.0,0.0,ewma_span4_tail8,baseline_v1
coqueluche_coqueluche_detec_o_de_bordetella_pertussis,2,2026,27,2.46,0.0,0.0,ewma_span4_tail8,baseline_v1
coqueluche_coqueluche_detec_o_de_bordetella_pertussis,3,2026,28,2.46,0.0,0.0,ewma_span4_tail8,baseline_v1
coqueluche_coqueluche_detec_o_de_bordetella_pertussis,4,2026,29,2.46,0.0,0.0,ewma_span4_tail8,baseline_v1
coqueluche_v_rus_respirat_rios,1,2026,16,1.97,0.0,0.0,ewma_span4_tail8,baseline_v1
coqueluche_v_rus_respirat_rios,2,2026,17,1.97,0.0,0.0,ewma_span4_tail8,baseline_v1
coqueluche_v_rus_respirat_rios,3,2026,18,1.97,0.0,0.0,ewma_span4_tail8,baseline_v1
coqueluche_v_rus_respirat_rios,4,2026,19,1.97,0.0,0.0,ewma_span4_tail8,baseline_v1
criptococose_criptococos,1,2026,37,1.03,0.0,0.0,ewma_span4_tail8,baseline_v1
criptococose_criptococos,2,2026,38,1.03,0.0,0.0,ewma_span4_tail8,baseline_v1
criptococose_criptococos,3,2026,39,1.03,0.0,0.0,ewma_span4_tail8,baseline_v1
criptococose_criptococos,4,2026,40,1.03,0.0,0.0,ewma_span4_tail8,baseline_v1
criptococose_criptococos_teste_r_pido,1,2026,35,3.74,0.0321,0.0,ewma_span4_tail8,baseline_v1
criptococose_criptococos_teste_r_pido,2,2026,36,3.74,0.0321,0.0,ewma_span4_tail8,baseline_v1
criptococose_criptococos_teste_r_pido,3,2026,37,3.74,0.0321,0.0,ewma_span4_tail8,baseline_v1
criptococose_criptococos_teste_r_pido,4,2026,38,3.74,0.0321,0.0,ewma_span4_tail8,baseline_v1
criptococose_cultura_para_fungos,1,2026,20,1.57,0.2269,0.0,ewma_span4_tail8,baseline_v1
criptococose_cultura_para_fungos,2,2026,21,1.57,0.2269,0.0,ewma_span4_tail8,baseline_v1
criptococose_cultura_para_fungos,3,2026,22,1.57,0.2269,0.0,ewma_span4_tail8,baseline_v1
criptococose_cultura_para_fungos,4,2026,23,1.57,0.2269,0.0,ewma_span4_tail8,baseline_v1
criptococose_fungos,1,2026,20,1.05,0.0829,0.0,ewma_span4_tail8,baseline_v1
criptococose_fungos,2,2026,21,1.05,0.0829,0.0,ewma_span4_tail8,baseline_v1
criptococose_fungos,3,2026,22,1.05,0.0829,0.0,ewma_span4_tail8,baseline_v1
criptococose_fungos,4,2026,23,1.05,0.0829,0.0,ewma_span4_tail8,baseline_v1
criptococose_fungos_teste_de_sensibilidade,1,2026,20,1.67,0.0,0.0,ewma_span4_tail8,baseline_v1
criptococose_fungos_teste_de_sensibilidade,2,2026,21,1.67,0.0,0.0,ewma_span4_tail8,baseline_v1
criptococose_fungos_teste_de_sensibilidade,3,2026,22,1.67,0.0,0.0,ewma_span4_tail8,baseline_v1
criptococose_fungos_teste_de_sensibilidade,4,2026,23,1.67,0.0,0.0,ewma_span4_tail8,baseline_v1
dengue,1,2026,38,183.14,0.0011,0.0,ewma_span4_tail8,baseline_v1
dengue,2,2026,39,183.14,0.0011,0.0,ewma_span4_tail8,baseline_v1
dengue,3,2026,40,183.14,0.0011,0.0,ewma_span4_tail8,baseline_v1
dengue,4,2026,41,183.14,0.0011,0.0,ewma_span4_tail8,baseline_v1
difteria_pesquisa_de_arbov_rus_zdc,1,2025,27,1.0,0.0,0.0,ewma_span4_tail8,baseline_v1
difteria_pesquisa_de_arbov_rus_zdc,2,2025,28,1.0,0.0,0.0,ewma_span4_tail8,baseline_v1
difteria_pesquisa_de_arbov_rus_zdc,3,2025,29,1.0,0.0,0.0,ewma_span4_tail8,baseline_v1
difteria_pesquisa_de_arbov_rus_zdc,4,2025,30,1.0,0.0,0.0,ewma_span4_tail8,baseline_v1
doen_a_de_chagas_chagas,1,2026,38,1.11,0.0,0.0,ewma_span4_tail8,baseline_v1
doen_a_de_chagas_chagas,2,2026,39,1.11,0.0,0.0,ewma_span4_tail8,baseline_v1
doen_a_de_chagas_chagas,3,2026,40,1.11,0.0,0.0,ewma_span4_tail8,baseline_v1
doen_a_de_chagas_chagas,4,2026,41,1.11,0.0,0.0,ewma_span4_tail8,baseline_v1
doen_a_de_chagas_chagas_igg,1,2026,38,3.56,0.0,0.0,ewma_span4_tail8,baseline_v1
doen_a_de_chagas_chagas_igg,2,2026,39,3.56,0.0,0.0,ewma_span4_tail8,baseline_v1
doen_a_de_chagas_chagas_igg,3,2026,40,3.56,0.0,0.0,ewma_span4_tail8,baseline_v1
doen_a_de_chagas_chagas_igg,4,2026,41,3.56,0.0,0.0,ewma_span4_tail8,baseline_v1
doen_a_de_chagas_chagas_igm,1,2026,38,1.72,0.0,0.0,ewma_span4_tail8,baseline_v1
doen_a_de_chagas_chagas_igm,2,2026,39,1.72,0.0,0.0,ewma_span4_tail8,baseline_v1
doen_a_de_chagas_chagas_igm,3,2026,40,1.72,0.0,0.0,ewma_span4_tail8,baseline_v1
doen_a_de_chagas_chagas_igm,4,2026,41,1.72,0.0,0.0,ewma_span4_tail8,baseline_v1
doen_a_de_chagas_cr_nica_chagas_igg,1,2026,35,1.0,0.0,0.0,ewma_span4_tail8,baseline_v1
doen_a_de_chagas_cr_nica_chagas_igg,2,2026,36,1.0,0.0,0.0,ewma_span4_tail8,baseline_v1
doen_a_de_chagas_cr_nica_chagas_igg,3,2026,37,1.0,0.0,0.0,ewma_span4_tail8,baseline_v1
doen_a_de_chagas_cr_nica_chagas_igg,4,2026,38,1.0,0.0,0.0,ewma_span4_tail8,baseline_v1
doen_a_de_chagas_pesquisa_de_arbov_rus_zdc,1,2026,19,1.14,0.0,0.0,ewma_span4_tail8,baseline_v1
doen_a_de_chagas_pesquisa_de_arbov_rus_zdc,2,2026,20,1.14,0.0,0.0,ewma_span4_tail8,baseline_v1
doen_a_de_chagas_pesquisa_de_arbov_rus_zdc,3,2026,21,1.14,0.0,0.0,ewma_span4_tail8,baseline_v1
doen_a_de_chagas_pesquisa_de_arbov_rus_zdc,4,2026,22,1.14,0.0,0.0,ewma_span4_tail8,baseline_v1
doen_a_de_lyme_lyme_igg,1,2026,35,1.4,0.0,0.0,ewma_span4_tail8,baseline_v1
doen_a_de_lyme_lyme_igg,2,2026,36,1.4,0.0,0.0,ewma_span4_tail8,baseline_v1
doen_a_de_lyme_lyme_igg,3,2026,37,1.4,0.0,0.0,ewma_span4_tail8,baseline_v1
doen_a_de_lyme_lyme_igg,4,2026,38,1.4,0.0,0.0,ewma_span4_tail8,baseline_v1
doen_a_de_lyme_lyme_igm,1,2026,35,1.4,0.0,0.0,ewma_span4_tail8,baseline_v1
doen_a_de_lyme_lyme_igm,2,2026,36,1.4,0.0,0.0,ewma_span4_tail8,baseline_v1
doen_a_de_lyme_lyme_igm,3,2026,37,1.4,0.0,0.0,ewma_span4_tail8,baseline_v1
doen_a_de_lyme_lyme_igm,4,2026,38,1.4,0.0,0.0,ewma_span4_tail8,baseline_v1
doen_as_diarr_icas_gastroenterite_bact_rias_cultura,1,2026,36,3.05,0.0,0.0,ewma_span4_tail8,baseline_v1
doen_as_diarr_icas_gastroenterite_bact_rias_cultura,2,2026,37,3.05,0.0,0.0,ewma_span4_tail8,baseline_v1
doen_as_diarr_icas_gastroenterite_bact_rias_cultura,3,2026,38,3.05,0.0,0.0,ewma_span4_tail8,baseline_v1
doen_as_diarr_icas_gastroenterite_bact_rias_cultura,4,2026,39,3.05,0.0,0.0,ewma_span4_tail8,baseline_v1
doen_as_sexualmente_transmitidas_pesquisa_de_multipat_genos_ist,1,2026,38,9.52,0.0,0.0,ewma_span4_tail8,baseline_v1
doen_as_sexualmente_transmitidas_pesquisa_de_multipat_genos_ist,2,2026,39,9.52,0.0,0.0,ewma_span4_tail8,baseline_v1
doen_as_sexualmente_transmitidas_pesquisa_de_multipat_genos_ist,3,2026,40,9.52,0.0,0.0,ewma_span4_tail8,baseline_v1
doen_as_sexualmente_transmitidas_pesquisa_de_multipat_genos_ist,4,2026,41,9.52,0.0,0.0,ewma_span4_tail8,baseline_v1
doenca_de_chagas_aguda_chagas,1,2026,35,1.16,0.0093,0.0,ewma_span4_tail8,baseline_v1
doenca_de_chagas_aguda_chagas,2,2026,36,1.16,0.0093,0.0,ewma_span4_tail8,baseline_v1
doenca_de_chagas_aguda_chagas,3,2026,37,1.16,0.0093,0.0,ewma_span4_tail8,baseline_v1
doenca_de_chagas_aguda_chagas,4,2026,38,1.16,0.0093,0.0,ewma_span4_tail8,baseline_v1
doenca_de_chagas_aguda_chagas_igg,1,2026,37,1.4,0.0,0.0,ewma_span4_tail8,baseline_v1
doenca_de_chagas_aguda_chagas_igg,2,2026,38,1.4,0.0,0.0,ewma_span4_tail8,baseline_v1
doenca_de_chagas_aguda_chagas_igg,3,2026,39,1.4,0.0,0.0,ewma_span4_tail8,baseline_v1
doenca_de_chagas_aguda_chagas_igg,4,2026,40,1.4,0.0,0.0,ewma_span4_tail8,baseline_v1
doenca_de_chagas_aguda_chagas_igm,1,2026,36,1.55,0.0,0.0,ewma_span4_tail8,baseline_v1
doenca_de_chagas_aguda_chagas_igm,2,2026,37,1.55,0.0,0.0,ewma_span4_tail8,baseline_v1
doenca_de_chagas_aguda_chagas_igm,3,2026,38,1.55,0.0,0.0,ewma_span4_tail8,baseline_v1
doenca_de_chagas_aguda_chagas_igm,4,2026,39,1.55,0.0,0.0,ewma_span4_tail8,baseline_v1
esporotricose_humana_cultura_para_fungos,1,2026,37,2.76,0.0,0.0,ewma_span4_tail8,baseline_v1
esporotricose_humana_cultura_para_fungos,2,2026,38,2.76,0.0,0.0,ewma_span4_tail8,baseline_v1
esporotricose_humana_cultura_para_fungos,3,2026,39,2.76,0.0,0.0,ewma_span4_tail8,baseline_v1
esporotricose_humana_cultura_para_fungos,4,2026,40,2.76,0.0,0.0,ewma_span4_tail8,baseline_v1
esporotricose_humana_fungos,1,2026,37,3.12,0.0,0.0,ewma_span4_tail8,baseline_v1
esporotricose_humana_fungos,2,2026,38,3.12,0.0,0.0,ewma_span4_tail8,baseline_v1
esporotricose_humana_fungos,3,2026,39,3.12,0.0,0.0,ewma_span4_tail8,baseline_v1
esporotricose_humana_fungos,4,2026,40,3.12,0.0,0.0,ewma_span4_tail8,baseline_v1
esporotricose_humana_fungos_teste_de_sensibilidade,1,2026,37,2.83,0.0,0.0,ewma_span4_tail8,baseline_v1
esporotricose_humana_fungos_teste_de_sensibilidade,2,2026,38,2.83,0.0,0.0,ewma_span4_tail8,baseline_v1
esporotricose_humana_fungos_teste_de_sensibilidade,3,2026,39,2.83,0.0,0.0,ewma_span4_tail8,baseline_v1
esporotricose_humana_fungos_teste_de_sensibilidade,4,2026,40,2.83,0.0,0.0,ewma_span4_tail8,baseline_v1
esquistossomose_esquistossomose_sorologia,1,2026,38,1.56,0.0,0.0,ewma_span4_tail8,baseline_v1
esquistossomose_esquistossomose_sorologia,2,2026,39,1.56,0.0,0.0,ewma_span4_tail8,baseline_v1
esquistossomose_esquistossomose_sorologia,3,2026,40,1.56,0.0,0.0,ewma_span4_tail8,baseline_v1
esquistossomose_esquistossomose_sorologia,4,2026,41,1.56,0.0,0.0,ewma_span4_tail8,baseline_v1
febre_amarela,1,2026,34,4.81,0.0,0.0,ewma_span4_tail8,baseline_v1
febre_amarela,2,2026,35,4.81,0.0,0.0,ewma_span4_tail8,baseline_v1
febre_amarela,3,2026,36,4.81,0.0,0.0,ewma_span4_tail8,baseline_v1
febre_amarela,4,2026,37,4.81,0.0,0.0,ewma_span4_tail8,baseline_v1
febre_maculosa_rickettsioses_febre_maculosa_1a_amostra,1,2026,37,1.4,0.0,0.0,ewma_span4_tail8,baseline_v1
febre_maculosa_rickettsioses_febre_maculosa_1a_amostra,2,2026,38,1.4,0.0,0.0,ewma_span4_tail8,baseline_v1
febre_maculosa_rickettsioses_febre_maculosa_1a_amostra,3,2026,39,1.4,0.0,0.0,ewma_span4_tail8,baseline_v1
febre_maculosa_rickettsioses_febre_maculosa_1a_amostra,4,2026,40,1.4,0.0,0.0,ewma_span4_tail8,baseline_v1
febre_maculosa_rickettsioses_febre_maculosa_2a_amostra,1,2026,37,1.51,0.0,0.0,ewma_span4_tail8,baseline_v1
febre_maculosa_rickettsioses_febre_maculosa_2a_amostra,2,2026,38,1.51,0.0,0.0,ewma_span4_tail8,baseline_v1
febre_maculosa_rickettsioses_febre_maculosa_2a_amostra,3,2026,39,1.51,0.0,0.0,ewma_span4_tail8,baseline_v1
febre_maculosa_rickettsioses_febre_maculosa_2a_amostra,4,2026,40,1.51,0.0,0.0,ewma_span4_tail8,baseline_v1
febre_maculosa_rickettsioses_febre_maculosa_biologia_molecular,1,2026,37,1.89,0.0,0.0,ewma_span4_tail8,baseline_v1
febre_maculosa_rickettsioses_febre_maculosa_biologia_molecular,2,2026,38,1.89,0.0,0.0,ewma_span4_tail8,baseline_v1
febre_maculosa_rickettsioses_febre_maculosa_biologia_molecular,3,2026,39,1.89,0.0,0.0,ewma_span4_tail8,baseline_v1
febre_maculosa_rickettsioses_febre_maculosa_biologia_molecular,4,2026,40,1.89,0.0,0.0,ewma_span4_tail8,baseline_v1
febre_maculosa_rickettsioses_febre_maculosa_igg,1,2026,35,2.06,0.0,0.0,ewma_span4_tail8,baseline_v1
febre_maculosa_rickettsioses_febre_maculosa_igg,2,2026,36,2.06,0.0,0.0,ewma_span4_tail8,baseline_v1
febre_maculosa_rickettsioses_febre_maculosa_igg,3,2026,37,2.06,0.0,0.0,ewma_span4_tail8,baseline_v1
febre_maculosa_rickettsioses_febre_maculosa_igg,4,2026,38,2.06,0.0,0.0,ewma_span4_tail8,baseline_v1
febre_maculosa_rickettsioses_febre_maculosa_igm,1,2026,35,2.06,0.0,0.0,ewma_span4_tail8,baseline_v1
febre_maculosa_rickettsioses_febre_maculosa_igm,2,2026,36,2.06,0.0,0.0,ewma_span4_tail8,baseline_v1
febre_maculosa_rickettsioses_febre_maculosa_igm,3,2026,37,2.06,0.0,0.0,ewma_span4_tail8,baseline_v1
febre_maculosa_rickettsioses_febre_maculosa_igm,4,2026,38,2.06,0.0,0.0,ewma_span4_tail8,baseline_v1
febre_maculosa_rickettsioses_lyme_igg,1,2026,20,1.0,0.0,0.0,ewma_span4_tail8,baseline_v1
febre_maculosa_rickettsioses_lyme_igg,2,2026,21,1.0,0.0,0.0,ewma_span4_tail8,baseline_v1
febre_maculosa_rickettsioses_lyme_igg,3,2026,22,1.0,0.0,0.0,ewma_span4_tail8,baseline_v1
febre_maculosa_rickettsioses_lyme_igg,4,2026,23,1.0,0.0,0.0,ewma_span4_tail8,baseline_v1
febre_maculosa_rickettsioses_lyme_igm,1,2026,20,1.05,0.0,0.0,ewma_span4_tail8,baseline_v1
febre_maculosa_rickettsioses_lyme_igm,2,2026,21,1.05,0.0,0.0,ewma_span4_tail8,baseline_v1
febre_maculosa_rickettsioses_lyme_igm,3,2026,22,1.05,0.0,0.0,ewma_span4_tail8,baseline_v1
febre_maculosa_rickettsioses_lyme_igm,4,2026,23,1.05,0.0,0.0,ewma_span4_tail8,baseline_v1
filariose_filariose_parasitol_gico,1,2026,19,1.47,0.0,0.0,ewma_span4_tail8,baseline_v1
filariose_filariose_parasitol_gico,2,2026,20,1.47,0.0,0.0,ewma_span4_tail8,baseline_v1
filariose_filariose_parasitol_gico,3,2026,21,1.47,0.0,0.0,ewma_span4_tail8,baseline_v1
filariose_filariose_parasitol_gico,4,2026,22,1.47,0.0,0.0,ewma_span4_tail8,baseline_v1
filariose_filariose_pesquisa_do_ant_geno,1,2026,19,1.13,0.0,0.0,ewma_span4_tail8,baseline_v1
filariose_filariose_pesquisa_do_ant_geno,2,2026,20,1.13,0.0,0.0,ewma_span4_tail8,baseline_v1
filariose_filariose_pesquisa_do_ant_geno,3,2026,21,1.13,0.0,0.0,ewma_span4_tail8,baseline_v1
filariose_filariose_pesquisa_do_ant_geno,4,2026,22,1.13,0.0,0.0,ewma_span4_tail8,baseline_v1
hansen_ase_bact_rias_teste_de_sensibilidade,1,2026,36,1.79,0.0,0.0,ewma_span4_tail8,baseline_v1
hansen_ase_bact_rias_teste_de_sensibilidade,2,2026,37,1.79,0.0,0.0,ewma_span4_tail8,baseline_v1
hansen_ase_bact_rias_teste_de_sensibilidade,3,2026,38,1.79,0.0,0.0,ewma_span4_tail8,baseline_v1
hansen_ase_bact_rias_teste_de_sensibilidade,4,2026,39,1.79,0.0,0.0,ewma_span4_tail8,baseline_v1
hansen_ase_hansen_ase,1,2026,38,9.92,0.0,0.0,ewma_span4_tail8,baseline_v1
hansen_ase_hansen_ase,2,2026,39,9.92,0.0,0.0,ewma_span4_tail8,baseline_v1
hansen_ase_hansen_ase,3,2026,40,9.92,0.0,0.0,ewma_span4_tail8,baseline_v1
hansen_ase_hansen_ase,4,2026,41,9.92,0.0,0.0,ewma_span4_tail8,baseline_v1
hansen_ase_hansen_ase_biologia_molecular,1,2026,37,2.4,0.0,0.0,ewma_span4_tail8,baseline_v1
hansen_ase_hansen_ase_biologia_molecular,2,2026,38,2.4,0.0,0.0,ewma_span4_tail8,baseline_v1
hansen_ase_hansen_ase_biologia_molecular,3,2026,39,2.4,0.0,0.0,ewma_span4_tail8,baseline_v1
hansen_ase_hansen_ase_biologia_molecular,4,2026,40,2.4,0.0,0.0,ewma_span4_tail8,baseline_v1
hansen_ase_hansen_ase_teste_de_sensibilidade_genot_pico,1,2026,38,6.32,0.0,0.0,ewma_span4_tail8,baseline_v1
hansen_ase_hansen_ase_teste_de_sensibilidade_genot_pico,2,2026,39,6.32,0.0,0.0,ewma_span4_tail8,baseline_v1
hansen_ase_hansen_ase_teste_de_sensibilidade_genot_pico,3,2026,40,6.32,0.0,0.0,ewma_span4_tail8,baseline_v1
hansen_ase_hansen_ase_teste_de_sensibilidade_genot_pico,4,2026,41,6.32,0.0,0.0,ewma_span4_tail8,baseline_v1
hantavirus,1,2026,38,2.98,0.0,0.0,ewma_span4_tail8,baseline_v1
hantavirus,2,2026,39,2.98,0.0,0.0,ewma_span4_tail8,baseline_v1
hantavirus,3,2026,40,2.98,0.0,0.0,ewma_span4_tail8,baseline_v1
hantavirus,4,2026,41,2.98,0.0,0.0,ewma_span4_tail8,baseline_v1
hepatite,1,2026,38,7.47,0.088,0.0,ewma_span4_tail8,baseline_v1
hepatite,2,2026,39,7.47,0.088,0.0,ewma_span4_tail8,baseline_v1
hepatite,3,2026,40,7.47,0.088,0.0,ewma_span4_tail8,baseline_v1
hepatite,4,2026,41,7.47,0.088,0.0,ewma_span4_tail8,baseline_v1
hepatite_a,1,2026,38,6.98,0.0,0.0,ewma_span4_tail8,baseline_v1
hepatite_a,2,2026,39,6.98,0.0,0.0,ewma_span4_tail8,baseline_v1
hepatite_a,3,2026,40,6.98,0.0,0.0,ewma_span4_tail8,baseline_v1
hepatite_a,4,2026,41,6.98,0.0,0.0,ewma_span4_tail8,baseline_v1
hepatite_b_hbv,1,2026,38,99.25,0.0,0.0,ewma_span4_tail8,baseline_v1
hepatite_b_hbv,2,2026,39,99.25,0.0,0.0,ewma_span4_tail8,baseline_v1
hepatite_b_hbv,3,2026,40,99.25,0.0,0.0,ewma_span4_tail8,baseline_v1
hepatite_b_hbv,4,2026,41,99.25,0.0,0.0,ewma_span4_tail8,baseline_v1
hepatite_c_hcv,1,2026,38,20.18,0.0,0.0,ewma_span4_tail8,baseline_v1
hepatite_c_hcv,2,2026,39,20.18,0.0,0.0,ewma_span4_tail8,baseline_v1
hepatite_c_hcv,3,2026,40,20.18,0.0,0.0,ewma_span4_tail8,baseline_v1
hepatite_c_hcv,4,2026,41,20.18,0.0,0.0,ewma_span4_tail8,baseline_v1
herpes_simples_herpes_simplex_1_e_2_biologia_molecular,1,2026,37,1.09,0.0,0.0,ewma_span4_tail8,baseline_v1
herpes_simples_herpes_simplex_1_e_2_biologia_molecular,2,2026,38,1.09,0.0,0.0,ewma_span4_tail8,baseline_v1
herpes_simples_herpes_simplex_1_e_2_biologia_molecular,3,2026,39,1.09,0.0,0.0,ewma_span4_tail8,baseline_v1
herpes_simples_herpes_simplex_1_e_2_biologia_molecular,4,2026,40,1.09,0.0,0.0,ewma_span4_tail8,baseline_v1
herpes_simples_herpes_v_rus_igg,1,2026,38,1.09,0.0,0.0,ewma_span4_tail8,baseline_v1
herpes_simples_herpes_v_rus_igg,2,2026,39,1.09,0.0,0.0,ewma_span4_tail8,baseline_v1
herpes_simples_herpes_v_rus_igg,3,2026,40,1.09,0.0,0.0,ewma_span4_tail8,baseline_v1
herpes_simples_herpes_v_rus_igg,4,2026,41,1.09,0.0,0.0,ewma_span4_tail8,baseline_v1
herpes_simples_herpes_v_rus_igm,1,2026,38,1.09,0.0,0.0,ewma_span4_tail8,baseline_v1
herpes_simples_herpes_v_rus_igm,2,2026,39,1.09,0.0,0.0,ewma_span4_tail8,baseline_v1
herpes_simples_herpes_v_rus_igm,3,2026,40,1.09,0.0,0.0,ewma_span4_tail8,baseline_v1
herpes_simples_herpes_v_rus_igm,4,2026,41,1.09,0.0,0.0,ewma_span4_tail8,baseline_v1
hidatidose_hidatidose_igg,1,2026,27,1.16,0.0,0.0,ewma_span4_tail8,baseline_v1
hidatidose_hidatidose_igg,2,2026,28,1.16,0.0,0.0,ewma_span4_tail8,baseline_v1
hidatidose_hidatidose_igg,3,2026,29,1.16,0.0,0.0,ewma_span4_tail8,baseline_v1
hidatidose_hidatidose_igg,4,2026,30,1.16,0.0,0.0,ewma_span4_tail8,baseline_v1
histoplasmose_histoplasmose,1,2026,38,1.71,0.0,0.0,ewma_span4_tail8,baseline_v1
histoplasmose_histoplasmose,2,2026,39,1.71,0.0,0.0,ewma_span4_tail8,baseline_v1
histoplasmose_histoplasmose,3,2026,40,1.71,0.0,0.0,ewma_span4_tail8,baseline_v1
histoplasmose_histoplasmose,4,2026,41,1.71,0.0,0.0,ewma_span4_tail8,baseline_v1
hiv,1,2026,37,7.57,0.2958,0.0,ewma_span4_tail8,baseline_v1
hiv,2,2026,38,7.57,0.2958,0.0,ewma_span4_tail8,baseline_v1
hiv,3,2026,39,7.57,0.2958,0.0,ewma_span4_tail8,baseline_v1
hiv,4,2026,40,7.57,0.2958,0.0,ewma_span4_tail8,baseline_v1
htlv_htlv_i_ii_v_rus_linfotr_pico_humano_tipo_i_e_ii,1,2026,37,1.63,0.0,0.0,ewma_span4_tail8,baseline_v1
htlv_htlv_i_ii_v_rus_linfotr_pico_humano_tipo_i_e_ii,2,2026,38,1.63,0.0,0.0,ewma_span4_tail8,baseline_v1
htlv_htlv_i_ii_v_rus_linfotr_pico_humano_tipo_i_e_ii,3,2026,39,1.63,0.0,0.0,ewma_span4_tail8,baseline_v1
htlv_htlv_i_ii_v_rus_linfotr_pico_humano_tipo_i_e_ii,4,2026,40,1.63,0.0,0.0,ewma_span4_tail8,baseline_v1
infec_o_coloniza_o_bact_rias_cultura,1,2026,38,9.47,0.0,0.0,ewma_span4_tail8,baseline_v1
infec_o_coloniza_o_bact_rias_cultura,2,2026,39,9.47,0.0,0.0,ewma_span4_tail8,baseline_v1
infec_o_coloniza_o_bact_rias_cultura,3,2026,40,9.47,0.0,0.0,ewma_span4_tail8,baseline_v1
infec_o_coloniza_o_bact_rias_cultura,4,2026,41,9.47,0.0,0.0,ewma_span4_tail8,baseline_v1
infec_o_coloniza_o_bact_rias_identifica_o,1,2026,36,3.2,0.0,0.0,ewma_span4_tail8,baseline_v1
infec_o_coloniza_o_bact_rias_identifica_o,2,2026,37,3.2,0.0,0.0,ewma_span4_tail8,baseline_v1
infec_o_coloniza_o_bact_rias_identifica_o,3,2026,38,3.2,0.0,0.0,ewma_span4_tail8,baseline_v1
infec_o_coloniza_o_bact_rias_identifica_o,4,2026,39,3.2,0.0,0.0,ewma_span4_tail8,baseline_v1
infec_o_coloniza_o_bact_rias_teste_de_sensibilidade,1,2026,38,17.04,0.0,0.0,ewma_span4_tail8,baseline_v1
infec_o_coloniza_o_bact_rias_teste_de_sensibilidade,2,2026,39,17.04,0.0,0.0,ewma_span4_tail8,baseline_v1
infec_o_coloniza_o_bact_rias_teste_de_sensibilidade,3,2026,40,17.04,0.0,0.0,ewma_span4_tail8,baseline_v1
infec_o_coloniza_o_bact_rias_teste_de_sensibilidade,4,2026,41,17.04,0.0,0.0,ewma_span4_tail8,baseline_v1
infec_o_coloniza_o_bact_rias_teste_de_sensibilidade_ii,1,2026,37,1.95,0.0,0.0,ewma_span4_tail8,baseline_v1
infec_o_coloniza_o_bact_rias_teste_de_sensibilidade_ii,2,2026,38,1.95,0.0,0.0,ewma_span4_tail8,baseline_v1
infec_o_coloniza_o_bact_rias_teste_de_sensibilidade_ii,3,2026,39,1.95,0.0,0.0,ewma_span4_tail8,baseline_v1
infec_o_coloniza_o_bact_rias_teste_de_sensibilidade_ii,4,2026,40,1.95,0.0,0.0,ewma_span4_tail8,baseline_v1
infec_o_coloniza_o_cultura_para_fungos,1,2026,38,3.0,0.0,0.0,ewma_span4_tail8,baseline_v1
infec_o_coloniza_o_cultura_para_fungos,2,2026,39,3.0,0.0,0.0,ewma_span4_tail8,baseline_v1
infec_o_coloniza_o_cultura_para_fungos,3,2026,40,3.0,0.0,0.0,ewma_span4_tail8,baseline_v1
infec_o_coloniza_o_cultura_para_fungos,4,2026,41,3.0,0.0,0.0,ewma_span4_tail8,baseline_v1
infec_o_coloniza_o_fungos,1,2026,38,3.0,0.0,0.0,ewma_span4_tail8,baseline_v1
infec_o_coloniza_o_fungos,2,2026,39,3.0,0.0,0.0,ewma_span4_tail8,baseline_v1
infec_o_coloniza_o_fungos,3,2026,40,3.0,0.0,0.0,ewma_span4_tail8,baseline_v1
infec_o_coloniza_o_fungos,4,2026,41,3.0,0.0,0.0,ewma_span4_tail8,baseline_v1
infec_o_coloniza_o_fungos_teste_de_sensibilidade,1,2026,38,3.0,0.0,0.0,ewma_span4_tail8,baseline_v1
infec_o_coloniza_o_fungos_teste_de_sensibilidade,2,2026,39,3.0,0.0,0.0,ewma_span4_tail8,baseline_v1
infec_o_coloniza_o_fungos_teste_de_sensibilidade,3,2026,40,3.0,0.0,0.0,ewma_span4_tail8,baseline_v1
infec_o_coloniza_o_fungos_teste_de_sensibilidade,4,2026,41,3.0,0.0,0.0,ewma_span4_tail8,baseline_v1
infec_o_coloniza_o_pesquisa_de_carbapenemases,1,2026,35,1.13,0.0311,0.0,ewma_span4_tail8,baseline_v1
infec_o_coloniza_o_pesquisa_de_carbapenemases,2,2026,36,1.13,0.0311,0.0,ewma_span4_tail8,baseline_v1
infec_o_coloniza_o_pesquisa_de_carbapenemases,3,2026,37,1.13,0.0311,0.0,ewma_span4_tail8,baseline_v1
infec_o_coloniza_o_pesquisa_de_carbapenemases,4,2026,38,1.13,0.0311,0.0,ewma_span4_tail8,baseline_v1
infec_o_coloniza_o_pesquisa_de_genes_de_resist_ncia,1,2026,38,7.15,0.0,0.0,ewma_span4_tail8,baseline_v1
infec_o_coloniza_o_pesquisa_de_genes_de_resist_ncia,2,2026,39,7.15,0.0,0.0,ewma_span4_tail8,baseline_v1
infec_o_coloniza_o_pesquisa_de_genes_de_resist_ncia,3,2026,40,7.15,0.0,0.0,ewma_span4_tail8,baseline_v1
infec_o_coloniza_o_pesquisa_de_genes_de_resist_ncia,4,2026,41,7.15,0.0,0.0,ewma_span4_tail8,baseline_v1
infec_o_coloniza_o_pesquisa_de_genes_de_resist_ncia_fungos,1,2026,36,2.88,0.0,0.0,ewma_span4_tail8,baseline_v1
infec_o_coloniza_o_pesquisa_de_genes_de_resist_ncia_fungos,2,2026,37,2.88,0.0,0.0,ewma_span4_tail8,baseline_v1
infec_o_coloniza_o_pesquisa_de_genes_de_resist_ncia_fungos,3,2026,38,2.88,0.0,0.0,ewma_span4_tail8,baseline_v1
infec_o_coloniza_o_pesquisa_de_genes_de_resist_ncia_fungos,4,2026,39,2.88,0.0,0.0,ewma_span4_tail8,baseline_v1
infec_o_coloniza_o_v_rus_respirat_rios,1,2026,38,1.72,0.0,0.0,ewma_span4_tail8,baseline_v1
infec_o_coloniza_o_v_rus_respirat_rios,2,2026,39,1.72,0.0,0.0,ewma_span4_tail8,baseline_v1
infec_o_coloniza_o_v_rus_respirat_rios,3,2026,40,1.72,0.0,0.0,ewma_span4_tail8,baseline_v1
infec_o_coloniza_o_v_rus_respirat_rios,4,2026,41,1.72,0.0,0.0,ewma_span4_tail8,baseline_v1
influenza,1,2026,38,34.51,0.0,0.0,ewma_span4_tail8,baseline_v1
influenza,2,2026,39,34.51,0.0,0.0,ewma_span4_tail8,baseline_v1
influenza,3,2026,40,34.51,0.0,0.0,ewma_span4_tail8,baseline_v1
influenza,4,2026,41,34.51,0.0,0.0,ewma_span4_tail8,baseline_v1
intoxica_o_ex_gena_por_subst_ncias_qu_micas_incluindo_agrot_xicos_gases_t_xicos_,1,2026,29,2.91,0.0,0.0,ewma_span4_tail8,baseline_v1
intoxica_o_ex_gena_por_subst_ncias_qu_micas_incluindo_agrot_xicos_gases_t_xicos_,2,2026,30,2.91,0.0,0.0,ewma_span4_tail8,baseline_v1
intoxica_o_ex_gena_por_subst_ncias_qu_micas_incluindo_agrot_xicos_gases_t_xicos_,3,2026,31,2.91,0.0,0.0,ewma_span4_tail8,baseline_v1
intoxica_o_ex_gena_por_subst_ncias_qu_micas_incluindo_agrot_xicos_gases_t_xicos_,4,2026,32,2.91,0.0,0.0,ewma_span4_tail8,baseline_v1
leishmaniose,1,2026,38,4.59,0.0,0.0,ewma_span4_tail8,baseline_v1
leishmaniose,2,2026,39,4.59,0.0,0.0,ewma_span4_tail8,baseline_v1
leishmaniose,3,2026,40,4.59,0.0,0.0,ewma_span4_tail8,baseline_v1
leishmaniose,4,2026,41,4.59,0.0,0.0,ewma_span4_tail8,baseline_v1
leptospira,1,2026,38,6.8,0.0,0.0,ewma_span4_tail8,baseline_v1
leptospira,2,2026,39,6.8,0.0,0.0,ewma_span4_tail8,baseline_v1
leptospira,3,2026,40,6.8,0.0,0.0,ewma_span4_tail8,baseline_v1
leptospira,4,2026,41,6.8,0.0,0.0,ewma_span4_tail8,baseline_v1
malaria,1,2026,34,1.91,0.0,0.0,ewma_span4_tail8,baseline_v1
malaria,2,2026,35,1.91,0.0,0.0,ewma_span4_tail8,baseline_v1
malaria,3,2026,36,1.91,0.0,0.0,ewma_span4_tail8,baseline_v1
malaria,4,2026,37,1.91,0.0,0.0,ewma_span4_tail8,baseline_v1
meningite,1,2026,38,27.39,0.0,0.0,ewma_span4_tail8,baseline_v1
meningite,2,2026,39,27.39,0.0,0.0,ewma_span4_tail8,baseline_v1
meningite,3,2026,40,27.39,0.0,0.0,ewma_span4_tail8,baseline_v1
meningite,4,2026,41,27.39,0.0,0.0,ewma_span4_tail8,baseline_v1
micobacterioses_cultura_para_fungos,1,2026,37,1.0,0.0,0.0,ewma_span4_tail8,baseline_v1
micobacterioses_cultura_para_fungos,2,2026,38,1.0,0.0,0.0,ewma_span4_tail8,baseline_v1
micobacterioses_cultura_para_fungos,3,2026,39,1.0,0.0,0.0,ewma_span4_tail8,baseline_v1
micobacterioses_cultura_para_fungos,4,2026,40,1.0,0.0,0.0,ewma_span4_tail8,baseline_v1
micobacterioses_fungos,1,2026,37,1.0,0.0,0.0,ewma_span4_tail8,baseline_v1
micobacterioses_fungos,2,2026,38,1.0,0.0,0.0,ewma_span4_tail8,baseline_v1
micobacterioses_fungos,3,2026,39,1.0,0.0,0.0,ewma_span4_tail8,baseline_v1
micobacterioses_fungos,4,2026,40,1.0,0.0,0.0,ewma_span4_tail8,baseline_v1
micobacterioses_fungos_teste_de_sensibilidade,1,2026,37,1.64,0.0,0.0,ewma_span4_tail8,baseline_v1
micobacterioses_fungos_teste_de_sensibilidade,2,2026,38,1.64,0.0,0.0,ewma_span4_tail8,baseline_v1
micobacterioses_fungos_teste_de_sensibilidade,3,2026,39,1.64,0.0,0.0,ewma_span4_tail8,baseline_v1
micobacterioses_fungos_teste_de_sensibilidade,4,2026,40,1.64,0.0,0.0,ewma_span4_tail8,baseline_v1
micobacterioses_micobact_rias_identifica_o,1,2026,37,1.33,0.0,0.0,ewma_span4_tail8,baseline_v1
micobacterioses_micobact_rias_identifica_o,2,2026,38,1.33,0.0,0.0,ewma_span4_tail8,baseline_v1
micobacterioses_micobact_rias_identifica_o,3,2026,39,1.33,0.0,0.0,ewma_span4_tail8,baseline_v1
micobacterioses_micobact_rias_identifica_o,4,2026,40,1.33,0.0,0.0,ewma_span4_tail8,baseline_v1
micobacterioses_micobacteriose_tsa,1,2026,37,1.3,0.0,0.0,ewma_span4_tail8,baseline_v1
micobacterioses_micobacteriose_tsa,2,2026,38,1.3,0.0,0.0,ewma_span4_tail8,baseline_v1
micobacterioses_micobacteriose_tsa,3,2026,39,1.3,0.0,0.0,ewma_span4_tail8,baseline_v1
micobacterioses_micobacteriose_tsa,4,2026,40,1.3,0.0,0.0,ewma_span4_tail8,baseline_v1
micose_cultura_para_fungos,1,2026,34,2.21,0.0,0.0,ewma_span4_tail8,baseline_v1
micose_cultura_para_fungos,2,2026,35,2.21,0.0,0.0,ewma_span4_tail8,baseline_v1
micose_cultura_para_fungos,3,2026,36,2.21,0.0,0.0,ewma_span4_tail8,baseline_v1
micose_cultura_para_fungos,4,2026,37,2.21,0.0,0.0,ewma_span4_tail8,baseline_v1
micose_fungos,1,2026,34,3.0,0.0,0.0,ewma_span4_tail8,baseline_v1
micose_fungos,2,2026,35,3.0,0.0,0.0,ewma_span4_tail8,baseline_v1
micose_fungos,3,2026,36,3.0,0.0,0.0,ewma_span4_tail8,baseline_v1
micose_fungos,4,2026,37,3.0,0.0,0.0,ewma_span4_tail8,baseline_v1
micose_fungos_teste_de_sensibilidade,1,2026,34,2.17,0.0,0.0,ewma_span4_tail8,baseline_v1
micose_fungos_teste_de_sensibilidade,2,2026,35,2.17,0.0,0.0,ewma_span4_tail8,baseline_v1
micose_fungos_teste_de_sensibilidade,3,2026,36,2.17,0.0,0.0,ewma_span4_tail8,baseline_v1
micose_fungos_teste_de_sensibilidade,4,2026,37,2.17,0.0,0.0,ewma_span4_tail8,baseline_v1
oropouche,1,2026,35,1.15,0.0,0.0,ewma_span4_tail8,baseline_v1
oropouche,2,2026,36,1.15,0.0,0.0,ewma_span4_tail8,baseline_v1
oropouche,3,2026,37,1.15,0.0,0.0,ewma_span4_tail8,baseline_v1
oropouche,4,2026,38,1.15,0.0,0.0,ewma_span4_tail8,baseline_v1
paracoccidioidomicose_paracoccidioidomicose,1,2026,35,1.09,0.0,0.0,ewma_span4_tail8,baseline_v1
paracoccidioidomicose_paracoccidioidomicose,2,2026,36,1.09,0.0,0.0,ewma_span4_tail8,baseline_v1
paracoccidioidomicose_paracoccidioidomicose,3,2026,37,1.09,0.0,0.0,ewma_span4_tail8,baseline_v1
paracoccidioidomicose_paracoccidioidomicose,4,2026,38,1.09,0.0,0.0,ewma_span4_tail8,baseline_v1
parvovirose_parvov_rus_b19_biologia_molecular,1,2026,34,1.0,0.0,0.0,ewma_span4_tail8,baseline_v1
parvovirose_parvov_rus_b19_biologia_molecular,2,2026,35,1.0,0.0,0.0,ewma_span4_tail8,baseline_v1
parvovirose_parvov_rus_b19_biologia_molecular,3,2026,36,1.0,0.0,0.0,ewma_span4_tail8,baseline_v1
parvovirose_parvov_rus_b19_biologia_molecular,4,2026,37,1.0,0.0,0.0,ewma_span4_tail8,baseline_v1
parvovirose_parvov_rus_b19_igg,1,2026,34,1.3,0.0,0.0,ewma_span4_tail8,baseline_v1
parvovirose_parvov_rus_b19_igg,2,2026,35,1.3,0.0,0.0,ewma_span4_tail8,baseline_v1
parvovirose_parvov_rus_b19_igg,3,2026,36,1.3,0.0,0.0,ewma_span4_tail8,baseline_v1
parvovirose_parvov_rus_b19_igg,4,2026,37,1.3,0.0,0.0,ewma_span4_tail8,baseline_v1
parvovirose_parvov_rus_b19_igm,1,2026,34,1.3,0.0,0.0,ewma_span4_tail8,baseline_v1
parvovirose_parvov_rus_b19_igm,2,2026,35,1.3,0.0,0.0,ewma_span4_tail8,baseline_v1
parvovirose_parvov_rus_b19_igm,3,2026,36,1.3,0.0,0.0,ewma_span4_tail8,baseline_v1
parvovirose_parvov_rus_b19_igm,4,2026,37,1.3,0.0,0.0,ewma_span4_tail8,baseline_v1
pneumonia_bact_rias_cultura,1,2026,28,1.0,0.0,0.0,ewma_span4_tail8,baseline_v1
pneumonia_bact_rias_cultura,2,2026,29,1.0,0.0,0.0,ewma_span4_tail8,baseline_v1
pneumonia_bact_rias_cultura,3,2026,30,1.0,0.0,0.0,ewma_span4_tail8,baseline_v1
pneumonia_bact_rias_cultura,4,2026,31,1.0,0.0,0.0,ewma_span4_tail8,baseline_v1
pneumonia_bact_rias_teste_de_sensibilidade,1,2025,28,1.37,0.0,0.0,ewma_span4_tail8,baseline_v1
pneumonia_bact_rias_teste_de_sensibilidade,2,2025,29,1.37,0.0,0.0,ewma_span4_tail8,baseline_v1
pneumonia_bact_rias_teste_de_sensibilidade,3,2025,30,1.37,0.0,0.0,ewma_span4_tail8,baseline_v1
pneumonia_bact_rias_teste_de_sensibilidade,4,2025,31,1.37,0.0,0.0,ewma_span4_tail8,baseline_v1
pneumonia_v_rus_respirat_rios,1,2026,16,2.35,0.0,0.0,ewma_span4_tail8,baseline_v1
pneumonia_v_rus_respirat_rios,2,2026,17,2.35,0.0,0.0,ewma_span4_tail8,baseline_v1
pneumonia_v_rus_respirat_rios,3,2026,18,2.35,0.0,0.0,ewma_span4_tail8,baseline_v1
pneumonia_v_rus_respirat_rios,4,2026,19,2.35,0.0,0.0,ewma_span4_tail8,baseline_v1
raiva_colinesterase_plasm_tica,1,2026,29,2.27,0.0,0.0,ewma_span4_tail8,baseline_v1
raiva_colinesterase_plasm_tica,2,2026,30,2.27,0.0,0.0,ewma_span4_tail8,baseline_v1
raiva_colinesterase_plasm_tica,3,2026,31,2.27,0.0,0.0,ewma_span4_tail8,baseline_v1
raiva_colinesterase_plasm_tica,4,2026,32,2.27,0.0,0.0,ewma_span4_tail8,baseline_v1
raiva_raiva,1,2026,38,13.34,0.0,0.0,ewma_span4_tail8,baseline_v1
raiva_raiva,2,2026,39,13.34,0.0,0.0,ewma_span4_tail8,baseline_v1
raiva_raiva,3,2026,40,13.34,0.0,0.0,ewma_span4_tail8,baseline_v1
raiva_raiva,4,2026,41,13.34,0.0,0.0,ewma_span4_tail8,baseline_v1
rotav_rus_rotav_rus,1,2026,19,1.4,0.0,0.0,ewma_span4_tail8,baseline_v1
rotav_rus_rotav_rus,2,2026,20,1.4,0.0,0.0,ewma_span4_tail8,baseline_v1
rotav_rus_rotav_rus,3,2026,21,1.4,0.0,0.0,ewma_span4_tail8,baseline_v1
rotav_rus_rotav_rus,4,2026,22,1.4,0.0,0.0,ewma_span4_tail8,baseline_v1
rub_ola_rub_ola_biologia_molecular,1,2026,30,1.13,0.0,0.0,ewma_span4_tail8,baseline_v1
rub_ola_rub_ola_biologia_molecular,2,2026,31,1.13,0.0,0.0,ewma_span4_tail8,baseline_v1
rub_ola_rub_ola_biologia_molecular,3,2026,32,1.13,0.0,0.0,ewma_span4_tail8,baseline_v1
rub_ola_rub_ola_biologia_molecular,4,2026,33,1.13,0.0,0.0,ewma_span4_tail8,baseline_v1
rub_ola_rub_ola_igg,1,2026,37,1.87,0.0,0.0,ewma_span4_tail8,baseline_v1
rub_ola_rub_ola_igg,2,2026,38,1.87,0.0,0.0,ewma_span4_tail8,baseline_v1
rub_ola_rub_ola_igg,3,2026,39,1.87,0.0,0.0,ewma_span4_tail8,baseline_v1
rub_ola_rub_ola_igg,4,2026,40,1.87,0.0,0.0,ewma_span4_tail8,baseline_v1
rub_ola_rub_ola_igm,1,2026,37,1.87,0.0,0.0,ewma_span4_tail8,baseline_v1
rub_ola_rub_ola_igm,2,2026,38,1.87,0.0,0.0,ewma_span4_tail8,baseline_v1
rub_ola_rub_ola_igm,3,2026,39,1.87,0.0,0.0,ewma_span4_tail8,baseline_v1
rub_ola_rub_ola_igm,4,2026,40,1.87,0.0,0.0,ewma_span4_tail8,baseline_v1
s_ndrome_de_guillain_barr_pesquisa_de_arbov_rus_zdc,1,2025,51,1.05,0.0,0.0,ewma_span4_tail8,baseline_v1
s_ndrome_de_guillain_barr_pesquisa_de_arbov_rus_zdc,2,2025,52,1.05,0.0,0.0,ewma_span4_tail8,baseline_v1
s_ndrome_de_guillain_barr_pesquisa_de_arbov_rus_zdc,3,2025,53,1.05,0.0,0.0,ewma_span4_tail8,baseline_v1
s_ndrome_de_guillain_barr_pesquisa_de_arbov_rus_zdc,4,2026,1,1.05,0.0,0.0,ewma_span4_tail8,baseline_v1
sarampo_mayaro_biologia_molecular,1,2025,36,1.77,0.0,0.0,ewma_span4_tail8,baseline_v1
sarampo_mayaro_biologia_molecular,2,2025,37,1.77,0.0,0.0,ewma_span4_tail8,baseline_v1
sarampo_mayaro_biologia_molecular,3,2025,38,1.77,0.0,0.0,ewma_span4_tail8,baseline_v1
sarampo_mayaro_biologia_molecular,4,2025,39,1.77,0.0,0.0,ewma_span4_tail8,baseline_v1
sarampo_parvov_rus_b19_igg,1,2026,35,1.04,0.0311,0.0,ewma_span4_tail8,baseline_v1
sarampo_parvov_rus_b19_igg,2,2026,36,1.04,0.0311,0.0,ewma_span4_tail8,baseline_v1
sarampo_parvov_rus_b19_igg,3,2026,37,1.04,0.0311,0.0,ewma_span4_tail8,baseline_v1
sarampo_parvov_rus_b19_igg,4,2026,38,1.04,0.0311,0.0,ewma_span4_tail8,baseline_v1
sarampo_parvov_rus_b19_igm,1,2026,10,1.09,0.0,0.0,ewma_span4_tail8,baseline_v1
sarampo_parvov_rus_b19_igm,2,2026,11,1.09,0.0,0.0,ewma_span4_tail8,baseline_v1
sarampo_parvov_rus_b19_igm,3,2026,12,1.09,0.0,0.0,ewma_span4_tail8,baseline_v1
sarampo_parvov_rus_b19_igm,4,2026,13,1.09,0.0,0.0,ewma_span4_tail8,baseline_v1
sarampo_pesquisa_de_arbov_rus_zdc,1,2026,35,1.0,0.0,0.0,ewma_span4_tail8,baseline_v1
sarampo_pesquisa_de_arbov_rus_zdc,2,2026,36,1.0,0.0,0.0,ewma_span4_tail8,baseline_v1
sarampo_pesquisa_de_arbov_rus_zdc,3,2026,37,1.0,0.0,0.0,ewma_span4_tail8,baseline_v1
sarampo_pesquisa_de_arbov_rus_zdc,4,2026,38,1.0,0.0,0.0,ewma_span4_tail8,baseline_v1
sarampo_rub_ola_biologia_molecular,1,2026,34,3.71,0.0,0.0,ewma_span4_tail8,baseline_v1
sarampo_rub_ola_biologia_molecular,2,2026,35,3.71,0.0,0.0,ewma_span4_tail8,baseline_v1
sarampo_rub_ola_biologia_molecular,3,2026,36,3.71,0.0,0.0,ewma_span4_tail8,baseline_v1
sarampo_rub_ola_biologia_molecular,4,2026,37,3.71,0.0,0.0,ewma_span4_tail8,baseline_v1
sarampo_rub_ola_igg,1,2026,37,1.4,0.0,0.0,ewma_span4_tail8,baseline_v1
sarampo_rub_ola_igg,2,2026,38,1.4,0.0,0.0,ewma_span4_tail8,baseline_v1
sarampo_rub_ola_igg,3,2026,39,1.4,0.0,0.0,ewma_span4_tail8,baseline_v1
sarampo_rub_ola_igg,4,2026,40,1.4,0.0,0.0,ewma_span4_tail8,baseline_v1
sarampo_rub_ola_igm,1,2026,37,1.4,0.0,0.0,ewma_span4_tail8,baseline_v1
sarampo_rub_ola_igm,2,2026,38,1.4,0.0,0.0,ewma_span4_tail8,baseline_v1
sarampo_rub_ola_igm,3,2026,39,1.4,0.0,0.0,ewma_span4_tail8,baseline_v1
sarampo_rub_ola_igm,4,2026,40,1.4,0.0,0.0,ewma_span4_tail8,baseline_v1
sarampo_sarampo_biologia_molecular,1,2026,37,5.79,0.0,0.0,ewma_span4_tail8,baseline_v1
sarampo_sarampo_biologia_molecular,2,2026,38,5.79,0.0,0.0,ewma_span4_tail8,baseline_v1
sarampo_sarampo_biologia_molecular,3,2026,39,5.79,0.0,0.0,ewma_span4_tail8,baseline_v1
sarampo_sarampo_biologia_molecular,4,2026,40,5.79,0.0,0.0,ewma_span4_tail8,baseline_v1
sarampo_sarampo_igg,1,2026,38,2.46,0.0,0.0,ewma_span4_tail8,baseline_v1
sarampo_sarampo_igg,2,2026,39,2.46,0.0,0.0,ewma_span4_tail8,baseline_v1
sarampo_sarampo_igg,3,2026,40,2.46,0.0,0.0,ewma_span4_tail8,baseline_v1
sarampo_sarampo_igg,4,2026,41,2.46,0.0,0.0,ewma_span4_tail8,baseline_v1
sarampo_sarampo_igm,1,2026,38,2.46,0.0,0.0,ewma_span4_tail8,baseline_v1
sarampo_sarampo_igm,2,2026,39,2.46,0.0,0.0,ewma_span4_tail8,baseline_v1
sarampo_sarampo_igm,3,2026,40,2.46,0.0,0.0,ewma_span4_tail8,baseline_v1
sarampo_sarampo_igm,4,2026,41,2.46,0.0,0.0,ewma_span4_tail8,baseline_v1
sarampo_v_rus_respirat_rios,1,2026,34,1.32,0.0,0.0,ewma_span4_tail8,baseline_v1
sarampo_v_rus_respirat_rios,2,2026,35,1.32,0.0,0.0,ewma_span4_tail8,baseline_v1
sarampo_v_rus_respirat_rios,3,2026,36,1.32,0.0,0.0,ewma_span4_tail8,baseline_v1
sarampo_v_rus_respirat_rios,4,2026,37,1.32,0.0,0.0,ewma_span4_tail8,baseline_v1
sarampo_varicela_biologia_molecular,1,2026,33,1.71,0.0,0.0,ewma_span4_tail8,baseline_v1
sarampo_varicela_biologia_molecular,2,2026,34,1.71,0.0,0.0,ewma_span4_tail8,baseline_v1
sarampo_varicela_biologia_molecular,3,2026,35,1.71,0.0,0.0,ewma_span4_tail8,baseline_v1
sarampo_varicela_biologia_molecular,4,2026,36,1.71,0.0,0.0,ewma_span4_tail8,baseline_v1
sarampo_varicela_zoster_biologia_molecular,1,2026,33,1.14,0.0,0.0,ewma_span4_tail8,baseline_v1
sarampo_varicela_zoster_biologia_molecular,2,2026,34,1.14,0.0,0.0,ewma_span4_tail8,baseline_v1
sarampo_varicela_zoster_biologia_molecular,3,2026,35,1.14,0.0,0.0,ewma_span4_tail8,baseline_v1
sarampo_varicela_zoster_biologia_molecular,4,2026,36,1.14,0.0,0.0,ewma_span4_tail8,baseline_v1
sars_cov_2,1,2026,38,46.15,0.0,0.0,ewma_span4_tail8,baseline_v1
sars_cov_2,2,2026,39,46.15,0.0,0.0,ewma_span4_tail8,baseline_v1
sars_cov_2,3,2026,40,46.15,0.0,0.0,ewma_span4_tail8,baseline_v1
sars_cov_2,4,2026,41,46.15,0.0,0.0,ewma_span4_tail8,baseline_v1
sifilis,1,2026,34,1.41,0.0,0.0,ewma_span4_tail8,baseline_v1
sifilis,2,2026,35,1.41,0.0,0.0,ewma_span4_tail8,baseline_v1
sifilis,3,2026,36,1.41,0.0,0.0,ewma_span4_tail8,baseline_v1
sifilis,4,2026,37,1.41,0.0,0.0,ewma_span4_tail8,baseline_v1
toxoplasmose_citomegalov_rus_igg,1,2026,38,2.81,0.0,0.0,ewma_span4_tail8,baseline_v1
toxoplasmose_citomegalov_rus_igg,2,2026,39,2.81,0.0,0.0,ewma_span4_tail8,baseline_v1
toxoplasmose_citomegalov_rus_igg,3,2026,40,2.81,0.0,0.0,ewma_span4_tail8,baseline_v1
toxoplasmose_citomegalov_rus_igg,4,2026,41,2.81,0.0,0.0,ewma_span4_tail8,baseline_v1
toxoplasmose_citomegalov_rus_igg_avidez,1,2026,33,1.17,0.0,0.0,ewma_span4_tail8,baseline_v1
toxoplasmose_citomegalov_rus_igg_avidez,2,2026,34,1.17,0.0,0.0,ewma_span4_tail8,baseline_v1
toxoplasmose_citomegalov_rus_igg_avidez,3,2026,35,1.17,0.0,0.0,ewma_span4_tail8,baseline_v1
toxoplasmose_citomegalov_rus_igg_avidez,4,2026,36,1.17,0.0,0.0,ewma_span4_tail8,baseline_v1
toxoplasmose_citomegalov_rus_igm,1,2026,38,2.81,0.0,0.0,ewma_span4_tail8,baseline_v1
toxoplasmose_citomegalov_rus_igm,2,2026,39,2.81,0.0,0.0,ewma_span4_tail8,baseline_v1
toxoplasmose_citomegalov_rus_igm,3,2026,40,2.81,0.0,0.0,ewma_span4_tail8,baseline_v1
toxoplasmose_citomegalov_rus_igm,4,2026,41,2.81,0.0,0.0,ewma_span4_tail8,baseline_v1
toxoplasmose_criptococos,1,2026,37,1.1,0.0,0.0,ewma_span4_tail8,baseline_v1
toxoplasmose_criptococos,2,2026,38,1.1,0.0,0.0,ewma_span4_tail8,baseline_v1
toxoplasmose_criptococos,3,2026,39,1.1,0.0,0.0,ewma_span4_tail8,baseline_v1
toxoplasmose_criptococos,4,2026,40,1.1,0.0,0.0,ewma_span4_tail8,baseline_v1
toxoplasmose_epstein_barr_igg,1,2026,38,1.67,0.0,0.0,ewma_span4_tail8,baseline_v1
toxoplasmose_epstein_barr_igg,2,2026,39,1.67,0.0,0.0,ewma_span4_tail8,baseline_v1
toxoplasmose_epstein_barr_igg,3,2026,40,1.67,0.0,0.0,ewma_span4_tail8,baseline_v1
toxoplasmose_epstein_barr_igg,4,2026,41,1.67,0.0,0.0,ewma_span4_tail8,baseline_v1
toxoplasmose_epstein_barr_igm,1,2026,38,1.67,0.0,0.0,ewma_span4_tail8,baseline_v1
toxoplasmose_epstein_barr_igm,2,2026,39,1.67,0.0,0.0,ewma_span4_tail8,baseline_v1
toxoplasmose_epstein_barr_igm,3,2026,40,1.67,0.0,0.0,ewma_span4_tail8,baseline_v1
toxoplasmose_epstein_barr_igm,4,2026,41,1.67,0.0,0.0,ewma_span4_tail8,baseline_v1
toxoplasmose_herpes_simplex_1_e_2_biologia_molecular,1,2026,37,1.29,0.0,0.0,ewma_span4_tail8,baseline_v1
toxoplasmose_herpes_simplex_1_e_2_biologia_molecular,2,2026,38,1.29,0.0,0.0,ewma_span4_tail8,baseline_v1
toxoplasmose_herpes_simplex_1_e_2_biologia_molecular,3,2026,39,1.29,0.0,0.0,ewma_span4_tail8,baseline_v1
toxoplasmose_herpes_simplex_1_e_2_biologia_molecular,4,2026,40,1.29,0.0,0.0,ewma_span4_tail8,baseline_v1
toxoplasmose_herpes_v_rus_igg,1,2026,38,1.27,0.0,0.0,ewma_span4_tail8,baseline_v1
toxoplasmose_herpes_v_rus_igg,2,2026,39,1.27,0.0,0.0,ewma_span4_tail8,baseline_v1
toxoplasmose_herpes_v_rus_igg,3,2026,40,1.27,0.0,0.0,ewma_span4_tail8,baseline_v1
toxoplasmose_herpes_v_rus_igg,4,2026,41,1.27,0.0,0.0,ewma_span4_tail8,baseline_v1
toxoplasmose_herpes_v_rus_igm,1,2026,38,1.27,0.0,0.0,ewma_span4_tail8,baseline_v1
toxoplasmose_herpes_v_rus_igm,2,2026,39,1.27,0.0,0.0,ewma_span4_tail8,baseline_v1
toxoplasmose_herpes_v_rus_igm,3,2026,40,1.27,0.0,0.0,ewma_span4_tail8,baseline_v1
toxoplasmose_herpes_v_rus_igm,4,2026,41,1.27,0.0,0.0,ewma_span4_tail8,baseline_v1
toxoplasmose_histoplasmose,1,2026,35,1.23,0.0,0.0,ewma_span4_tail8,baseline_v1
toxoplasmose_histoplasmose,2,2026,36,1.23,0.0,0.0,ewma_span4_tail8,baseline_v1
toxoplasmose_histoplasmose,3,2026,37,1.23,0.0,0.0,ewma_span4_tail8,baseline_v1
toxoplasmose_histoplasmose,4,2026,38,1.23,0.0,0.0,ewma_span4_tail8,baseline_v1
toxoplasmose_paracoccidioidomicose,1,2026,35,1.18,0.0,0.0,ewma_span4_tail8,baseline_v1
toxoplasmose_paracoccidioidomicose,2,2026,36,1.18,0.0,0.0,ewma_span4_tail8,baseline_v1
toxoplasmose_paracoccidioidomicose,3,2026,37,1.18,0.0,0.0,ewma_span4_tail8,baseline_v1
toxoplasmose_paracoccidioidomicose,4,2026,38,1.18,0.0,0.0,ewma_span4_tail8,baseline_v1
toxoplasmose_rub_ola_igg,1,2026,35,1.06,0.0,0.0,ewma_span4_tail8,baseline_v1
toxoplasmose_rub_ola_igg,2,2026,36,1.06,0.0,0.0,ewma_span4_tail8,baseline_v1
toxoplasmose_rub_ola_igg,3,2026,37,1.06,0.0,0.0,ewma_span4_tail8,baseline_v1
toxoplasmose_rub_ola_igg,4,2026,38,1.06,0.0,0.0,ewma_span4_tail8,baseline_v1
toxoplasmose_rub_ola_igm,1,2026,35,1.06,0.0,0.0,ewma_span4_tail8,baseline_v1
toxoplasmose_rub_ola_igm,2,2026,36,1.06,0.0,0.0,ewma_span4_tail8,baseline_v1
toxoplasmose_rub_ola_igm,3,2026,37,1.06,0.0,0.0,ewma_span4_tail8,baseline_v1
toxoplasmose_rub_ola_igm,4,2026,38,1.06,0.0,0.0,ewma_span4_tail8,baseline_v1
toxoplasmose_toxoplasmose_avidez_igg,1,2026,38,2.16,0.0,0.0,ewma_span4_tail8,baseline_v1
toxoplasmose_toxoplasmose_avidez_igg,2,2026,39,2.16,0.0,0.0,ewma_span4_tail8,baseline_v1
toxoplasmose_toxoplasmose_avidez_igg,3,2026,40,2.16,0.0,0.0,ewma_span4_tail8,baseline_v1
toxoplasmose_toxoplasmose_avidez_igg,4,2026,41,2.16,0.0,0.0,ewma_span4_tail8,baseline_v1
toxoplasmose_toxoplasmose_igg,1,2026,38,4.39,0.0,0.0,ewma_span4_tail8,baseline_v1
toxoplasmose_toxoplasmose_igg,2,2026,39,4.39,0.0,0.0,ewma_span4_tail8,baseline_v1
toxoplasmose_toxoplasmose_igg,3,2026,40,4.39,0.0,0.0,ewma_span4_tail8,baseline_v1
toxoplasmose_toxoplasmose_igg,4,2026,41,4.39,0.0,0.0,ewma_span4_tail8,baseline_v1
toxoplasmose_toxoplasmose_igm,1,2026,38,4.39,0.0,0.0,ewma_span4_tail8,baseline_v1
toxoplasmose_toxoplasmose_igm,2,2026,39,4.39,0.0,0.0,ewma_span4_tail8,baseline_v1
toxoplasmose_toxoplasmose_igm,3,2026,40,4.39,0.0,0.0,ewma_span4_tail8,baseline_v1
toxoplasmose_toxoplasmose_igm,4,2026,41,4.39,0.0,0.0,ewma_span4_tail8,baseline_v1
tuberculose,1,2026,38,354.55,0.0088,0.0,ewma_span4_tail8,baseline_v1
tuberculose,2,2026,39,354.55,0.0088,0.0,ewma_span4_tail8,baseline_v1
tuberculose,3,2026,40,354.55,0.0088,0.0,ewma_span4_tail8,baseline_v1
tuberculose,4,2026,41,354.55,0.0088,0.0,ewma_span4_tail8,baseline_v1
var_ola_herpes_simplex_1_e_2_biologia_molecular,1,2026,34,1.0,0.0,0.0,ewma_span4_tail8,baseline_v1
var_ola_herpes_simplex_1_e_2_biologia_molecular,2,2026,35,1.0,0.0,0.0,ewma_span4_tail8,baseline_v1
var_ola_herpes_simplex_1_e_2_biologia_molecular,3,2026,36,1.0,0.0,0.0,ewma_span4_tail8,baseline_v1
var_ola_herpes_simplex_1_e_2_biologia_molecular,4,2026,37,1.0,0.0,0.0,ewma_span4_tail8,baseline_v1
var_ola_var_ola,1,2026,34,5.53,0.0,0.0,ewma_span4_tail8,baseline_v1
var_ola_var_ola,2,2026,35,5.53,0.0,0.0,ewma_span4_tail8,baseline_v1
var_ola_var_ola,3,2026,36,5.53,0.0,0.0,ewma_span4_tail8,baseline_v1
var_ola_var_ola,4,2026,37,5.53,0.0,0.0,ewma_span4_tail8,baseline_v1
var_ola_varicela_biologia_molecular,1,2026,14,1.06,0.0,0.0,ewma_span4_tail8,baseline_v1
var_ola_varicela_biologia_molecular,2,2026,15,1.06,0.0,0.0,ewma_span4_tail8,baseline_v1
var_ola_varicela_biologia_molecular,3,2026,16,1.06,0.0,0.0,ewma_span4_tail8,baseline_v1
var_ola_varicela_biologia_molecular,4,2026,17,1.06,0.0,0.0,ewma_span4_tail8,baseline_v1
var_ola_varicela_zoster_biologia_molecular,1,2026,34,3.34,0.0,0.0,ewma_span4_tail8,baseline_v1
var_ola_varicela_zoster_biologia_molecular,2,2026,35,3.34,0.0,0.0,ewma_span4_tail8,baseline_v1
var_ola_varicela_zoster_biologia_molecular,3,2026,36,3.34,0.0,0.0,ewma_span4_tail8,baseline_v1
var_ola_varicela_zoster_biologia_molecular,4,2026,37,3.34,0.0,0.0,ewma_span4_tail8,baseline_v1
varicela_herpes_zoster_herpes_simplex_1_e_2_biologia_molecular,1,2026,37,1.0,0.0,0.0,ewma_span4_tail8,baseline_v1
varicela_herpes_zoster_herpes_simplex_1_e_2_biologia_molecular,2,2026,38,1.0,0.0,0.0,ewma_span4_tail8,baseline_v1
varicela_herpes_zoster_herpes_simplex_1_e_2_biologia_molecular,3,2026,39,1.0,0.0,0.0,ewma_span4_tail8,baseline_v1
varicela_herpes_zoster_herpes_simplex_1_e_2_biologia_molecular,4,2026,40,1.0,0.0,0.0,ewma_span4_tail8,baseline_v1
varicela_herpes_zoster_herpes_v_rus_igg,1,2026,38,1.0,0.0,0.0,ewma_span4_tail8,baseline_v1
varicela_herpes_zoster_herpes_v_rus_igg,2,2026,39,1.0,0.0,0.0,ewma_span4_tail8,baseline_v1
varicela_herpes_zoster_herpes_v_rus_igg,3,2026,40,1.0,0.0,0.0,ewma_span4_tail8,baseline_v1
varicela_herpes_zoster_herpes_v_rus_igg,4,2026,41,1.0,0.0,0.0,ewma_span4_tail8,baseline_v1
varicela_herpes_zoster_herpes_v_rus_igm,1,2026,38,1.0,0.0,0.0,ewma_span4_tail8,baseline_v1
varicela_herpes_zoster_herpes_v_rus_igm,2,2026,39,1.0,0.0,0.0,ewma_span4_tail8,baseline_v1
varicela_herpes_zoster_herpes_v_rus_igm,3,2026,40,1.0,0.0,0.0,ewma_span4_tail8,baseline_v1
varicela_herpes_zoster_herpes_v_rus_igm,4,2026,41,1.0,0.0,0.0,ewma_span4_tail8,baseline_v1
varicela_herpes_zoster_var_ola,1,2026,38,2.75,0.0,0.0,ewma_span4_tail8,baseline_v1
varicela_herpes_zoster_var_ola,2,2026,39,2.75,0.0,0.0,ewma_span4_tail8,baseline_v1
varicela_herpes_zoster_var_ola,3,2026,40,2.75,0.0,0.0,ewma_span4_tail8,baseline_v1
varicela_herpes_zoster_var_ola,4,2026,41,2.75,0.0,0.0,ewma_span4_tail8,baseline_v1
varicela_herpes_zoster_varicela_biologia_molecular,1,2026,33,1.16,0.0,0.0,ewma_span4_tail8,baseline_v1
varicela_herpes_zoster_varicela_biologia_molecular,2,2026,34,1.16,0.0,0.0,ewma_span4_tail8,baseline_v1
varicela_herpes_zoster_varicela_biologia_molecular,3,2026,35,1.16,0.0,0.0,ewma_span4_tail8,baseline_v1
varicela_herpes_zoster_varicela_biologia_molecular,4,2026,36,1.16,0.0,0.0,ewma_span4_tail8,baseline_v1
varicela_herpes_zoster_varicela_zoster_biologia_molecular,1,2026,38,1.35,0.0,0.0,ewma_span4_tail8,baseline_v1
varicela_herpes_zoster_varicela_zoster_biologia_molecular,2,2026,39,1.35,0.0,0.0,ewma_span4_tail8,baseline_v1
varicela_herpes_zoster_varicela_zoster_biologia_molecular,3,2026,40,1.35,0.0,0.0,ewma_span4_tail8,baseline_v1
varicela_herpes_zoster_varicela_zoster_biologia_molecular,4,2026,41,1.35,0.0,0.0,ewma_span4_tail8,baseline_v1
zika,1,2026,37,10.84,0.0,0.0,ewma_span4_tail8,baseline_v1
zika,2,2026,38,10.84,0.0,0.0,ewma_span4_tail8,baseline_v1
zika,3,2026,39,10.84,0.0,0.0,ewma_span4_tail8,baseline_v1
zika,4,2026,40,10.84,0.0,0.0,ewma_span4_tail8,baseline_v1
