familia,exames,n_municipios,tat_mediano_dias,tat_p90_dias,pct_liberado_48h,pct_liberado_48h_coleta,pct_liberado_7d,pct_rejeitado,backlog_estimado,granularidade,municipio,fonte,anos_referencia
arbovirose,295574,131,13.500694444444445,123.42361111111111,0.2295967366659736,0.07985376097425215,0.3160247273831311,0.05506573649915081,95308,familia,ESTADO_MT,gal_lacen_microdados,>=2024
tuberculose,60114,133,3.7083333333333335,105.21652777778397,0.7803662284666443,0.326738310440538,0.6673546366806633,0.06110057557307782,22320,familia,ESTADO_MT,gal_lacen_microdados,>=2024
outros,26712,129,8.497222222222222,146.38972222222233,0.45556045247539295,0.22225812706004006,0.4642926387901506,0.04469901168014376,7398,familia,ESTADO_MT,gal_lacen_microdados,>=2024
respiratorio,25913,129,3.6381944444444443,178.7826388888889,0.5702446273433928,0.2258963305646094,0.6414152034486384,0.2448192027167831,5857,familia,ESTADO_MT,gal_lacen_microdados,>=2024
hepatite,20606,128,8.654861111111112,149.7548611111111,0.3532469675715818,0.1793275217932752,0.41352281884111053,0.022032417742405126,7063,familia,ESTADO_MT,gal_lacen_microdados,>=2024
arbovirose,57114,1,12.507638888888888,210.7375,0.21044805709754164,0.04616079882930189,0.2792459326848584,0.03666351507511293,23347,municipio_familia,CUIABA,gal_lacen_microdados,>=2024
arbovirose,43794,1,7.719444444444444,147.42361111111111,0.2523644502202007,0.15298013245033112,0.47408187838651417,0.1164999771658218,16744,municipio_familia,VARZEA GRANDE,gal_lacen_microdados,>=2024
arbovirose,31591,1,19.632638888888888,102.32986111111111,0.24496914408371345,0.033027096173973716,0.24487343489553048,0.040359596087493274,7594,municipio_familia,SORRISO,gal_lacen_microdados,>=2024
tuberculose,21986,1,3.5319444444444446,95.420625,0.8607033543631707,0.3419631325584126,0.7328284607256076,0.06263076503229328,6924,municipio_familia,CUIABA,gal_lacen_microdados,>=2024
arbovirose,19161,1,7.555555555555555,92.33319444444444,0.2926794898893821,0.12152287381025484,0.4720294749769727,0.03731538019936329,5239,municipio_familia,CAMPO NOVO DO PARECIS,gal_lacen_microdados,>=2024
arbovirose,14075,1,20.697916666666668,139.44375,0.2627317531095987,0.06143009985734665,0.3153530670470756,0.08504440497335701,4002,municipio_familia,CACERES,gal_lacen_microdados,>=2024
arbovirose,12017,1,13.417708333333334,149.31805555555556,0.17556824543724106,0.042528513435144015,0.2946066112507249,0.03927768993925273,3993,municipio_familia,SINOP,gal_lacen_microdados,>=2024
tuberculose,10006,1,3.453819444444444,119.51944444444445,0.7873990818426468,0.33901949541284404,0.6796158256880734,0.04547271637017789,2791,municipio_familia,VARZEA GRANDE,gal_lacen_microdados,>=2024
respiratorio,9841,1,3.576388888888889,208.74916666666667,0.5728181212524983,0.2577604624858615,0.6530099283649616,0.24956813331978459,1758,municipio_familia,CUIABA,gal_lacen_microdados,>=2024
arbovirose,9346,1,8.441666666666666,119.42361111111111,0.21287902469521724,0.15715292459478505,0.4569415081042988,0.02353948213139311,4139,municipio_familia,CAMPO VERDE,gal_lacen_microdados,>=2024
arbovirose,7612,1,11.457638888888889,190.67291666666668,0.17601683029453016,0.045018450184501846,0.21476014760147602,0.12598528638991066,705,municipio_familia,TANGARA DA SERRA,gal_lacen_microdados,>=2024
arbovirose,7375,1,11.788194444444445,88.61527777777778,0.27419668938656283,0.12323199479759389,0.3212485774670785,0.037152542372881354,1693,municipio_familia,COLIDER,gal_lacen_microdados,>=2024
arbovirose,6306,1,14.653819444444444,91.51666666666667,0.2095677513355998,0.07511075312122432,0.337696335078534,0.0377418331747542,2248,municipio_familia,CHAPADA DOS GUIMARAES,gal_lacen_microdados,>=2024
arbovirose,6042,1,8.495833333333334,87.36041666666667,0.17707567964731816,0.1358706773071414,0.4389195825659914,0.02300562727573651,2289,municipio_familia,PONTES E LACERDA,gal_lacen_microdados,>=2024
arbovirose,5831,1,11.411805555555556,92.48333333333333,0.23994252873563218,0.09752454118651302,0.3414425949637217,0.01577773966729549,2454,municipio_familia,LUCAS DO RIO VERDE,gal_lacen_microdados,>=2024
outros,5339,1,3.5701388888888888,94.83951388888934,0.6757009345794392,0.36452353616532723,0.6578645235361653,0.03165386776549916,1779,municipio_familia,CUIABA,gal_lacen_microdados,>=2024
arbovirose,5166,1,17.707291666666666,76.78263888888888,0.16264570344266738,0.03868194842406877,0.17191977077363896,0.003484320557491289,2157,municipio_familia,ARAPUTANGA,gal_lacen_microdados,>=2024
tuberculose,4801,1,6.370833333333334,95.1048611111111,0.6532567049808429,0.24081774081774082,0.5474705474705475,0.045823786711101856,2445,municipio_familia,SINOP,gal_lacen_microdados,>=2024
arbovirose,4776,1,24.369444444444444,94.33541666666666,0.22413793103448276,0.09588268471517203,0.22476029328821207,0.021147403685092128,610,municipio_familia,GUARANTA DO NORTE,gal_lacen_microdados,>=2024
respiratorio,4700,1,3.473611111111111,147.31805555555556,0.5376676986584107,0.21244167962674962,0.6933125972006221,0.22595744680851063,1295,municipio_familia,VARZEA GRANDE,gal_lacen_microdados,>=2024
arbovirose,4485,1,14.486805555555556,127.64333333333316,0.24967362924281986,0.10588235294117647,0.31792065663474695,0.02073578595317726,1500,municipio_familia,PRIMAVERA DO LESTE,gal_lacen_microdados,>=2024
arbovirose,4321,1,14.570486111111112,95.68333333333334,0.2185347526612398,0.09983940042826553,0.25829764453961457,0.0222170793797732,1692,municipio_familia,RONDONOPOLIS,gal_lacen_microdados,>=2024
arbovirose,3500,1,24.520833333333332,118.75486111111111,0.19718892104175278,0.05413793103448276,0.17620689655172414,0.004857142857142857,1433,municipio_familia,VERA,gal_lacen_microdados,>=2024
outros,3221,1,6.516666666666667,111.41965277777778,0.36764705882352944,0.21156138259833135,0.5089392133492253,0.08165166097485253,1226,municipio_familia,VARZEA GRANDE,gal_lacen_microdados,>=2024
arbovirose,3058,1,4.361458333333333,119.54930555555555,0.24682306940371457,0.29608728367193377,0.5805116629044395,0.1945716154349248,1002,municipio_familia,NOSSA SENHORA DO LIVRAMENTO,gal_lacen_microdados,>=2024
hepatite,2983,1,12.629166666666666,203.6117361111111,0.32785849652558435,0.10659599528857479,0.3303886925795053,0.025812939993295342,740,municipio_familia,JUINA,gal_lacen_microdados,>=2024
arbovirose,2871,1,29.31388888888889,193.9944444444441,0.2507820646506778,0.011842105263157895,0.10833333333333334,0.04632532218739115,695,municipio_familia,MATUPA,gal_lacen_microdados,>=2024
arbovirose,2777,1,23.6,103.62750000000001,0.2383177570093458,0.0196078431372549,0.18967587034813926,0.08534389629096147,371,municipio_familia,ARENAPOLIS,gal_lacen_microdados,>=2024
arbovirose,2586,1,22.43402777777778,99.39527777777778,0.28125,0.09885172241637544,0.1982026959560659,0.11523588553750967,266,municipio_familia,PARANAITA,gal_lacen_microdados,>=2024
arbovirose,2403,1,22.47361111111111,197.475,0.24516129032258063,0.018144116122343183,0.17522032141005703,0.1431543903454016,463,municipio_familia,NOVA MUTUM,gal_lacen_microdados,>=2024
hepatite,2349,1,8.418055555555556,145.52236111111125,0.1808590806330068,0.1383116883116883,0.4279220779220779,0.01319710515112814,1136,municipio_familia,CUIABA,gal_lacen_microdados,>=2024
tuberculose,2005,1,2.51875,59.85416666666678,0.7320211960635882,0.4754664823773324,0.6447823082239116,0.06982543640897755,1205,municipio_familia,RONDONOPOLIS,gal_lacen_microdados,>=2024
hepatite,1937,1,17.443055555555556,186.47868055555557,0.34310618066561016,0.15942028985507245,0.2644927536231884,0.047496128033040784,319,municipio_familia,GUARANTA DO NORTE,gal_lacen_microdados,>=2024
arbovirose,1937,1,13.350694444444445,98.42986111111111,0.3031161473087819,0.008913649025069638,0.11754874651810585,0.21734641197728446,97,municipio_familia,QUERENCIA,gal_lacen_microdados,>=2024
arbovirose,1901,1,14.514583333333333,94.70347222222222,0.1996904024767802,0.08209437621202327,0.28054298642533937,0.03208837453971594,588,municipio_familia,ALTO GARCAS,gal_lacen_microdados,>=2024
respiratorio,1832,1,3.576388888888889,179.49166666666667,0.5205348615090736,0.15105485232067511,0.6658227848101266,0.20633187772925765,466,municipio_familia,CAMPO NOVO DO PARECIS,gal_lacen_microdados,>=2024
arbovirose,1822,1,22.49513888888889,93.34013888888889,0.1761786600496278,0.10961810466760961,0.21004243281471005,0.004939626783754116,696,municipio_familia,ITAUBA,gal_lacen_microdados,>=2024
outros,1803,1,11.721527777777778,122.19277777777774,0.3161290322580645,0.11173184357541899,0.34477254588986433,0.02384914032168608,481,municipio_familia,SORRISO,gal_lacen_microdados,>=2024
arbovirose,1741,1,30.727083333333333,72.345,0.21975308641975308,0.015748031496062992,0.09336332958380203,0.03848363009764503,489,municipio_familia,CAMPINAPOLIS,gal_lacen_microdados,>=2024
arbovirose,1671,1,25.48472222222222,97.48680555555555,0.19785575048732942,0.015434606011372868,0.1348497156783103,0.003590664272890485,212,municipio_familia,IPIRANGA DO NORTE,gal_lacen_microdados,>=2024
tuberculose,1569,1,5.665277777777778,42.87645833333341,0.5931372549019608,0.1646919431279621,0.6196682464454977,0.04780114722753346,623,municipio_familia,PONTES E LACERDA,gal_lacen_microdados,>=2024
arbovirose,1535,1,17.31597222222222,144.61222222222207,0.18885448916408668,0.03869303525365434,0.1994840928632846,0.016938110749185668,532,municipio_familia,SAPEZAL,gal_lacen_microdados,>=2024
tuberculose,1406,1,3.6430555555555557,28.215972222222224,0.8452380952380952,0.4044298605414274,0.7095980311730927,0.07112375533428165,615,municipio_familia,AGUA BOA,gal_lacen_microdados,>=2024
arbovirose,1393,1,22.497222222222224,126.70777777777779,0.18043684710351376,0.034334763948497854,0.15278969957081545,0.030868628858578606,347,municipio_familia,NOVA UBIRATA,gal_lacen_microdados,>=2024
arbovirose,1366,1,20.403472222222224,118.74097222222223,0.21323529411764705,0.07111501316944688,0.19666374012291485,0.015373352855051245,492,municipio_familia,NOVA SANTA HELENA,gal_lacen_microdados,>=2024
arbovirose,1337,1,24.43263888888889,118.4927777777778,0.21896162528216703,0.05654761904761905,0.22123015873015872,0.01795063575168287,341,municipio_familia,PEIXOTO DE AZEVEDO,gal_lacen_microdados,>=2024
arbovirose,1291,1,35.402430555555554,125.42361111111111,0.22860635696821516,0.02169421487603306,0.07747933884297521,0.03408210689388071,465,municipio_familia,ALTA FLORESTA,gal_lacen_microdados,>=2024
respiratorio,1249,1,2.720138888888889,151.7525,0.6605405405405406,0.2380467955239064,0.7405900305188199,0.27862289831865494,281,municipio_familia,PRIMAVERA DO LESTE,gal_lacen_microdados,>=2024
arbovirose,1222,1,21.365625,68.44249999999992,0.1797631862217438,0.0499001996007984,0.218562874251497,0.009819967266775777,406,municipio_familia,AGUA BOA,gal_lacen_microdados,>=2024
arbovirose,1162,1,26.697916666666668,79.82916666666667,0.05405405405405406,0.011293634496919919,0.11909650924024641,0.028399311531841654,304,municipio_familia,SAO JOSE DOS QUATRO MARCOS,gal_lacen_microdados,>=2024
arbovirose,1149,1,17.45,88.61583333333334,0.22496749024707413,0.029782359679266894,0.23825887743413515,0.028720626631853787,281,municipio_familia,TAPURAH,gal_lacen_microdados,>=2024
arbovirose,1137,1,70.46805555555555,120.56069444444445,0.0294811320754717,0.010262257696693273,0.07525655644241733,0.024626209322779244,52,municipio_familia,BARRA DO BUGRES,gal_lacen_microdados,>=2024
tuberculose,1127,1,5.76875,115.28624999999991,0.5051851851851852,0.17096336499321574,0.55359565807327,0.08251996450754215,640,municipio_familia,JUINA,gal_lacen_microdados,>=2024
arbovirose,1125,1,21.45104166666667,124.6875,0.2745398773006135,0.02733485193621868,0.09681093394077449,0.0035555555555555557,366,municipio_familia,COLNIZA,gal_lacen_microdados,>=2024
tuberculose,1090,1,3.6020833333333333,90.34513888888888,0.8073878627968337,0.40372670807453415,0.6161490683229813,0.06880733944954129,282,municipio_familia,CACERES,gal_lacen_microdados,>=2024
arbovirose,1038,1,28.636111111111113,95.4875,0.1948529411764706,0.04975124378109453,0.13432835820895522,0.007707129094412331,287,municipio_familia,MARCELANDIA,gal_lacen_microdados,>=2024
arbovirose,1005,1,56.37083333333333,233.70763888888888,0.2701298701298701,0.0,0.16407599309153714,0.042786069651741296,101,municipio_familia,NOVA GUARITA,gal_lacen_microdados,>=2024
tuberculose,970,1,44.64375,213.4375,0.4338235294117647,0.13875598086124402,0.3229665071770335,0.09381443298969072,534,municipio_familia,PEIXOTO DE AZEVEDO,gal_lacen_microdados,>=2024
arbovirose,950,1,20.32777777777778,230.50208333333333,0.23281907433380084,0.06700379266750948,0.17572692793931732,0.01263157894736842,225,municipio_familia,VILA RICA,gal_lacen_microdados,>=2024
hepatite,949,1,14.75625,206.61319444444445,0.3683304647160069,0.08819345661450925,0.2773826458036984,0.07165437302423604,381,municipio_familia,NOVA MUTUM,gal_lacen_microdados,>=2024
outros,927,1,12.641666666666667,152.32722222222222,0.4922048997772829,0.2651072124756335,0.42300194931773877,0.011866235167206042,255,municipio_familia,SINOP,gal_lacen_microdados,>=2024
outros,918,1,22.70347222222222,73.078125,0.6301369863013698,0.11728395061728394,0.26337448559670784,0.02832244008714597,278,municipio_familia,RONDONOPOLIS,gal_lacen_microdados,>=2024
arbovirose,917,1,24.599305555555556,123.74444444444444,0.1515650741350906,0.022222222222222223,0.14962962962962964,0.015267175572519083,153,municipio_familia,COMODORO,gal_lacen_microdados,>=2024
outros,911,1,11.522916666666667,210.64513888888888,0.39106145251396646,0.1718494271685761,0.36661211129296234,0.08562019758507135,149,municipio_familia,TANGARA DA SERRA,gal_lacen_microdados,>=2024
tuberculose,908,1,7.53125,76.78680555555556,0.862453531598513,0.21024734982332155,0.4363957597173145,0.031938325991189426,361,municipio_familia,SORRISO,gal_lacen_microdados,>=2024
respiratorio,854,1,8.45,152.70458333333332,0.542713567839196,0.06896551724137931,0.3857758620689655,0.2529274004683841,323,municipio_familia,LUCAS DO RIO VERDE,gal_lacen_microdados,>=2024
outros,843,1,4.35,73.72430555555556,0.47804878048780486,0.3078556263269639,0.6029723991507431,0.04744958481613286,254,municipio_familia,CACERES,gal_lacen_microdados,>=2024
hepatite,830,1,10.464583333333334,91.4875,0.24379232505643342,0.13214990138067062,0.3708086785009862,0.01566265060240964,409,municipio_familia,VARZEA GRANDE,gal_lacen_microdados,>=2024
hepatite,775,1,2.3319444444444444,91.40624999999999,0.784965034965035,0.46114864864864863,0.7466216216216216,0.02064516129032258,182,municipio_familia,SINOP,gal_lacen_microdados,>=2024
arbovirose,770,1,7.5569444444444445,29.59722222222222,0.2643253234750462,0.11638591117917305,0.450229709035222,0.032467532467532464,275,municipio_familia,ROSARIO OESTE,gal_lacen_microdados,>=2024
outros,764,1,15.17048611111111,217.4282638888889,0.1927710843373494,0.08078602620087336,0.17903930131004367,0.031413612565445025,100,municipio_familia,CANARANA,gal_lacen_microdados,>=2024
hepatite,739,1,7.642361111111111,81.91111111111111,0.21739130434782608,0.12596899224806202,0.39147286821705424,0.012178619756427604,338,municipio_familia,SORRISO,gal_lacen_microdados,>=2024
tuberculose,706,1,5.652083333333334,268.6480555555556,0.6238095238095238,0.1550561797752809,0.5865168539325842,0.0679886685552408,167,municipio_familia,CAMPINAPOLIS,gal_lacen_microdados,>=2024
outros,677,1,6.657638888888889,207.45138888888889,0.4587378640776699,0.19540229885057472,0.5011494252873563,0.04431314623338257,119,municipio_familia,JUINA,gal_lacen_microdados,>=2024
tuberculose,658,1,3.7111111111111112,87.33680555555556,0.6742671009771987,0.29376854599406527,0.6409495548961425,0.060790273556231005,374,municipio_familia,NOVA MUTUM,gal_lacen_microdados,>=2024
arbovirose,642,1,13.504861111111111,147.31805555555556,0.25060240963855424,0.01910828025477707,0.37579617834394907,0.017133956386292833,211,municipio_familia,RIO BRANCO,gal_lacen_microdados,>=2024
arbovirose,641,1,25.772916666666667,209.42430555555555,0.2844311377245509,0.04187192118226601,0.14285714285714285,0.062402496099843996,135,municipio_familia,JUARA,gal_lacen_microdados,>=2024
tuberculose,640,1,3.701388888888889,90.63194444444447,0.7121588089330024,0.33636363636363636,0.6272727272727273,0.0859375,209,municipio_familia,TANGARA DA SERRA,gal_lacen_microdados,>=2024
hepatite,636,1,8.495138888888889,71.93666666666682,0.29285714285714287,0.22310756972111553,0.4103585657370518,0.031446540880503145,241,municipio_familia,AGUA BOA,gal_lacen_microdados,>=2024
tuberculose,630,1,1.7527777777777778,31.31444444444445,0.8434343434343434,0.5149425287356322,0.825287356321839,0.07301587301587302,253,municipio_familia,BARRA DO GARCAS,gal_lacen_microdados,>=2024
outros,607,1,19.59340277777778,176.0956250000002,0.4199395770392749,0.18586387434554974,0.2905759162303665,0.12191103789126853,76,municipio_familia,GUARANTA DO NORTE,gal_lacen_microdados,>=2024
respiratorio,601,1,7.5993055555555555,95.48680555555555,0.6402266288951841,0.1608910891089109,0.4158415841584158,0.2911813643926789,172,municipio_familia,COLIDER,gal_lacen_microdados,>=2024
tuberculose,586,1,5.604166666666667,19.644444444444446,0.7833333333333333,0.273224043715847,0.6557377049180327,0.027303754266211604,236,municipio_familia,LUCAS DO RIO VERDE,gal_lacen_microdados,>=2024
outros,576,1,5.43125,119.75486111111111,0.5581395348837209,0.2131979695431472,0.5076142131979695,0.043402777777777776,255,municipio_familia,PRIMAVERA DO LESTE,gal_lacen_microdados,>=2024
outros,569,1,17.412847222222222,170.50972222222222,0.38524590163934425,0.06934306569343066,0.3029197080291971,0.0492091388400703,189,municipio_familia,NOVA MUTUM,gal_lacen_microdados,>=2024
tuberculose,560,1,5.584722222222222,30.72875,0.7986425339366516,0.2129032258064516,0.7634408602150538,0.04285714285714286,130,municipio_familia,PRIMAVERA DO LESTE,gal_lacen_microdados,>=2024
hepatite,545,1,8.45173611111111,68.91875,0.2433234421364985,0.1517412935323383,0.35074626865671643,0.007339449541284404,219,municipio_familia,RONDONOPOLIS,gal_lacen_microdados,>=2024
arbovirose,534,1,27.200347222222224,100.43763888888888,0.18867924528301888,0.04090909090909091,0.15681818181818183,0.0149812734082397,114,municipio_familia,ARIPUANA,gal_lacen_microdados,>=2024
hepatite,529,1,13.374305555555555,94.8037499999997,0.3003194888178914,0.12979351032448377,0.28023598820059,0.007561436672967864,183,municipio_familia,CANARANA,gal_lacen_microdados,>=2024
arbovirose,528,1,20.897916666666667,74.53083333333336,0.055944055944055944,0.005649717514124294,0.10734463276836158,0.01893939393939394,219,municipio_familia,TERRA NOVA DO NORTE,gal_lacen_microdados,>=2024
respiratorio,527,1,3.467361111111111,91.52361111111111,0.5274390243902439,0.2525,0.77,0.19924098671726756,142,municipio_familia,CACERES,gal_lacen_microdados,>=2024
tuberculose,524,1,46.452083333333334,190.4736111111111,0.46543778801843316,0.11974110032362459,0.28802588996763756,0.11450381679389313,207,municipio_familia,COLIDER,gal_lacen_microdados,>=2024
tuberculose,499,1,6.554513888888889,118.69097222222223,0.4601226993865031,0.26262626262626265,0.5050505050505051,0.06813627254509018,313,municipio_familia,ALTA FLORESTA,gal_lacen_microdados,>=2024
outros,498,1,11.48125,92.40625,0.32558139534883723,0.2413793103448276,0.40948275862068967,0.05622489959839357,148,municipio_familia,CAMPO VERDE,gal_lacen_microdados,>=2024
hepatite,487,1,9.427430555555556,125.47909722222222,0.3905579399141631,0.15267175572519084,0.4312977099236641,0.01642710472279261,103,municipio_familia,COLNIZA,gal_lacen_microdados,>=2024
outros,481,1,9.122569444444444,118.52986111111112,0.3112033195020747,0.10820895522388059,0.4552238805970149,0.04781704781704782,130,municipio_familia,CAMPO NOVO DO PARECIS,gal_lacen_microdados,>=2024
outros,481,1,28.55763888888889,164.60277777777733,0.2918454935622318,0.1814814814814815,0.4,0.035343035343035345,100,municipio_familia,LUCAS DO RIO VERDE,gal_lacen_microdados,>=2024
arbovirose,480,1,16.665277777777778,95.34097222222222,0.28164556962025317,0.1401098901098901,0.28846153846153844,0.016666666666666666,109,municipio_familia,TABAPORA,gal_lacen_microdados,>=2024
hepatite,473,1,13.42361111111111,208.36111111111111,0.4043478260869565,0.0963855421686747,0.26907630522088355,0.02959830866807611,69,municipio_familia,ARIPUANA,gal_lacen_microdados,>=2024
arbovirose,460,1,8.493055555555555,118.31597222222223,0.2235294117647059,0.1620795107033639,0.4434250764525994,0.1,182,municipio_familia,POCONE,gal_lacen_microdados,>=2024
tuberculose,438,1,2.6083333333333334,121.80013888888888,0.7326388888888888,0.36990595611285265,0.7241379310344828,0.0593607305936073,185,municipio_familia,CAMPO VERDE,gal_lacen_microdados,>=2024
arbovirose,436,1,11.455555555555556,148.76527777777778,0.18815331010452963,0.08358208955223881,0.3492537313432836,0.06192660550458716,176,municipio_familia,SANTO ANTONIO DO LEVERGER,gal_lacen_microdados,>=2024
tuberculose,431,1,4.597222222222222,165.5470138888888,0.6059113300492611,0.2727272727272727,0.5545454545454546,0.07424593967517401,212,municipio_familia,CHAPADA DOS GUIMARAES,gal_lacen_microdados,>=2024
arbovirose,431,1,10.599305555555556,136.59583333333333,0.38661710037174724,0.049019607843137254,0.369281045751634,0.058004640371229696,145,municipio_familia,CURVELANDIA,gal_lacen_microdados,>=2024
outros,403,1,6.698611111111111,71.79375,0.33640552995391704,0.22448979591836735,0.5428571428571428,0.03722084367245657,97,municipio_familia,PONTES E LACERDA,gal_lacen_microdados,>=2024
arbovirose,368,1,13.720833333333333,103.60708333333348,0.18385650224215247,0.07692307692307693,0.3076923076923077,0.04891304347826087,105,municipio_familia,BARRA DO GARCAS,gal_lacen_microdados,>=2024
hepatite,367,1,6.7027777777777775,240.24138888888888,0.30097087378640774,0.1829787234042553,0.5276595744680851,0.035422343324250684,37,municipio_familia,PRIMAVERA DO LESTE,gal_lacen_microdados,>=2024
hepatite,361,1,13.52361111111111,158.38472222222222,0.22842639593908629,0.07142857142857142,0.23333333333333334,0.013850415512465374,63,municipio_familia,CASTANHEIRA,gal_lacen_microdados,>=2024
hepatite,358,1,10.473611111111111,155.38680555555555,0.47572815533980584,0.3127962085308057,0.4549763033175355,0.013966480446927373,68,municipio_familia,JURUENA,gal_lacen_microdados,>=2024
respiratorio,347,1,2.7604166666666665,122.53472222222223,0.6351931330472103,0.30522088353413657,0.6987951807228916,0.31988472622478387,79,municipio_familia,RONDONOPOLIS,gal_lacen_microdados,>=2024
outros,339,1,17.471527777777776,189.52152777777778,0.4482758620689655,0.24378109452736318,0.4577114427860697,0.017699115044247787,72,municipio_familia,BARRA DO GARCAS,gal_lacen_microdados,>=2024
tuberculose,339,1,4.432638888888889,111.86638888888926,0.7705882352941177,0.21649484536082475,0.5927835051546392,0.061946902654867256,121,municipio_familia,POCONE,gal_lacen_microdados,>=2024
arbovirose,338,1,7.677777777777778,45.39111111111111,0.4671814671814672,0.0031746031746031746,0.36507936507936506,0.0,59,municipio_familia,GENERAL CARNEIRO,gal_lacen_microdados,>=2024
tuberculose,337,1,1.6111111111111112,8.326944444444445,0.9135338345864662,0.5985401459854015,0.8722627737226277,0.05637982195845697,200,municipio_familia,JACIARA,gal_lacen_microdados,>=2024
tuberculose,336,1,3.6322916666666667,147.31805555555556,0.6221198156682027,0.3983050847457627,0.5932203389830508,0.08928571428571429,122,municipio_familia,ARAPUTANGA,gal_lacen_microdados,>=2024
arbovirose,332,1,14.474305555555556,96.32708333333333,0.23008849557522124,0.09923664122137404,0.2480916030534351,0.009036144578313253,125,municipio_familia,PEDRA PRETA,gal_lacen_microdados,>=2024
arbovirose,331,1,8.415277777777778,76.625,0.2903225806451613,0.15789473684210525,0.43508771929824563,0.021148036253776436,98,municipio_familia,DENISE,gal_lacen_microdados,>=2024
arbovirose,329,1,10.34375,274.4691666666667,0.1581196581196581,0.08627450980392157,0.27450980392156865,0.00303951367781155,155,municipio_familia,APIACAS,gal_lacen_microdados,>=2024
arbovirose,304,1,13.077083333333333,135.4750000000001,0.2988505747126437,0.08080808080808081,0.22727272727272727,0.05921052631578947,82,municipio_familia,JUINA,gal_lacen_microdados,>=2024
tuberculose,300,1,2.2666666666666666,149.32694444444445,0.9234449760765551,0.45089285714285715,0.7366071428571429,0.013333333333333334,138,municipio_familia,NOVA XAVANTINA,gal_lacen_microdados,>=2024
hepatite,298,1,2.348611111111111,3.3295833333333333,0.9734513274336283,0.3659574468085106,0.9829787234042553,0.0,76,municipio_familia,LUCAS DO RIO VERDE,gal_lacen_microdados,>=2024
hepatite,297,1,6.531944444444444,85.16791666666664,0.31521739130434784,0.3023255813953488,0.5488372093023256,0.04713804713804714,142,municipio_familia,PONTES E LACERDA,gal_lacen_microdados,>=2024
tuberculose,291,1,4.513194444444444,66.75486111111111,0.6911764705882353,0.29310344827586204,0.5862068965517241,0.054982817869415807,155,municipio_familia,BARRA DO BUGRES,gal_lacen_microdados,>=2024
arbovirose,289,1,10.723611111111111,93.89152777777772,0.29646017699115046,0.024489795918367346,0.3183673469387755,0.0034602076124567475,96,municipio_familia,NOVA BRASILANDIA,gal_lacen_microdados,>=2024
hepatite,283,1,9.688194444444445,194.48597222222233,0.472,0.2108843537414966,0.4013605442176871,0.0,167,municipio_familia,TERRA NOVA DO NORTE,gal_lacen_microdados,>=2024
tuberculose,280,1,3.591666666666667,77.34583333333333,0.6842105263157895,0.3395061728395062,0.6790123456790124,0.1,98,municipio_familia,JUARA,gal_lacen_microdados,>=2024
respiratorio,279,1,3.48125,119.84930555555556,0.6487603305785123,0.11152416356877323,0.5278810408921933,0.26523297491039427,12,municipio_familia,ARAPUTANGA,gal_lacen_microdados,>=2024
arbovirose,278,1,13.558333333333334,26.268611111111117,0.6141304347826086,0.01485148514851485,0.3217821782178218,0.01079136690647482,90,municipio_familia,JURUENA,gal_lacen_microdados,>=2024
outros,277,1,4.391666666666667,86.57173611111111,0.4892086330935252,0.3630952380952381,0.5952380952380952,0.04693140794223827,90,municipio_familia,CHAPADA DOS GUIMARAES,gal_lacen_microdados,>=2024
respiratorio,275,1,5.4430555555555555,206.78402777777777,0.477124183006536,0.23391812865497075,0.6081871345029239,0.24,98,municipio_familia,SORRISO,gal_lacen_microdados,>=2024
hepatite,272,1,6.4743055555555555,29.449305555555554,0.4666666666666667,0.25654450261780104,0.5287958115183246,0.003676470588235294,154,municipio_familia,CONFRESA,gal_lacen_microdados,>=2024
arbovirose,271,1,13.441319444444444,205.78402777777777,0.25136612021857924,0.056074766355140186,0.2850467289719626,0.12915129151291513,84,municipio_familia,DIAMANTINO,gal_lacen_microdados,>=2024
tuberculose,269,1,4.5625,118.63680555555555,0.7243589743589743,0.2807017543859649,0.6432748538011696,0.07806691449814127,112,municipio_familia,SANTO ANTONIO DO LEVERGER,gal_lacen_microdados,>=2024
outros,266,1,8.422569444444445,60.263194444444444,0.216,0.11267605633802817,0.4084507042253521,0.02631578947368421,35,municipio_familia,COLIDER,gal_lacen_microdados,>=2024
tuberculose,264,1,45.64652777777778,119.37291666666667,0.5760869565217391,0.19708029197080293,0.30656934306569344,0.0946969696969697,127,municipio_familia,GUARANTA DO NORTE,gal_lacen_microdados,>=2024
respiratorio,263,1,2.7881944444444446,209.73402777777778,0.56,0.22727272727272727,0.6868686868686869,0.30038022813688214,64,municipio_familia,CHAPADA DOS GUIMARAES,gal_lacen_microdados,>=2024
arbovirose,250,1,10.644444444444444,58.7125,0.1527777777777778,0.14871794871794872,0.38461538461538464,0.0,97,municipio_familia,NOVO SAO JOAQUIM,gal_lacen_microdados,>=2024
hepatite,249,1,9.590277777777779,264.6048611111111,0.381294964028777,0.2896551724137931,0.4896551724137931,0.040160642570281124,54,municipio_familia,COTRIGUACU,gal_lacen_microdados,>=2024
outros,246,1,28.215972222222224,177.71597222222223,0.24509803921568626,0.1557377049180328,0.27049180327868855,0.04878048780487805,71,municipio_familia,MATUPA,gal_lacen_microdados,>=2024
hepatite,238,1,9.690277777777778,149.5125,0.39097744360902253,0.25477707006369427,0.37579617834394907,0.01680672268907563,129,municipio_familia,PEIXOTO DE AZEVEDO,gal_lacen_microdados,>=2024
outros,233,1,115.6763888888889,238.6759722222222,0.3050847457627119,0.08633093525179857,0.18705035971223022,0.017167381974248927,29,municipio_familia,ALTA FLORESTA,gal_lacen_microdados,>=2024
tuberculose,229,1,2.39375,149.51388888888889,0.9704433497536946,0.49523809523809526,0.5571428571428572,0.039301310043668124,30,municipio_familia,PARANATINGA,gal_lacen_microdados,>=2024
tuberculose,225,1,3.325,118.56527777777778,0.8306451612903226,0.42748091603053434,0.7175572519083969,0.08,73,municipio_familia,CAMPO NOVO DO PARECIS,gal_lacen_microdados,>=2024
arbovirose,225,1,13.356944444444444,32.47222222222222,0.29411764705882354,0.04419889502762431,0.2154696132596685,0.017777777777777778,85,municipio_familia,CLAUDIA,gal_lacen_microdados,>=2024
arbovirose,224,1,22.521527777777777,66.37847222222223,0.17857142857142858,0.06666666666666667,0.24444444444444444,0.03125,32,municipio_familia,CAMPOS DE JULIO,gal_lacen_microdados,>=2024
hepatite,222,1,32.46875,194.92881944444446,0.29931972789115646,0.16666666666666666,0.32051282051282054,0.018018018018018018,82,municipio_familia,MATUPA,gal_lacen_microdados,>=2024
arbovirose,218,1,25.398958333333333,126.74166666666666,0.2275449101796407,0.011235955056179775,0.16853932584269662,0.01834862385321101,67,municipio_familia,FELIZ NATAL,gal_lacen_microdados,>=2024
outros,218,1,80.48194444444445,188.78666666666666,0.32075471698113206,0.14285714285714285,0.20300751879699247,0.009174311926605505,55,municipio_familia,JUARA,gal_lacen_microdados,>=2024
respiratorio,217,1,3.4270833333333335,117.68819444444445,0.6692307692307692,0.18181818181818182,0.6923076923076923,0.23963133640552994,69,municipio_familia,SINOP,gal_lacen_microdados,>=2024
hepatite,216,1,6.783333333333333,72.71819444444444,0.2982456140350877,0.22556390977443608,0.5263157894736842,0.009259259259259259,113,municipio_familia,NOVA XAVANTINA,gal_lacen_microdados,>=2024
hepatite,212,1,3.580208333333333,154.38756944444435,0.8617021276595744,0.4473684210526316,0.6157894736842106,0.05188679245283019,13,municipio_familia,TANGARA DA SERRA,gal_lacen_microdados,>=2024
hepatite,211,1,8.523611111111112,60.34513888888889,0.3333333333333333,0.057692307692307696,0.4551282051282051,0.0,109,municipio_familia,ALTA FLORESTA,gal_lacen_microdados,>=2024
respiratorio,211,1,3.5,140.07437500000003,0.3902439024390244,0.3103448275862069,0.5862068965517241,0.2037914691943128,32,municipio_familia,NOSSA SENHORA DO LIVRAMENTO,gal_lacen_microdados,>=2024
hepatite,209,1,7.701736111111111,199.55277777777778,0.2857142857142857,0.02127659574468085,0.3829787234042553,0.014354066985645933,33,municipio_familia,BRASNORTE,gal_lacen_microdados,>=2024
tuberculose,209,1,2.6944444444444446,129.69152777777808,0.7092198581560284,0.37341772151898733,0.7088607594936709,0.06220095693779904,77,municipio_familia,NOSSA SENHORA DO LIVRAMENTO,gal_lacen_microdados,>=2024
tuberculose,208,1,32.50694444444444,76.63402777777782,0.4370860927152318,0.07975460122699386,0.3558282208588957,0.13942307692307693,64,municipio_familia,BRASNORTE,gal_lacen_microdados,>=2024
tuberculose,207,1,5.448263888888889,6.404513888888889,0.44,0.3693181818181818,0.9772727272727273,0.01932367149758454,96,municipio_familia,SAO FELIX DO ARAGUAIA,gal_lacen_microdados,>=2024
arbovirose,206,1,23.024652777777778,96.90833333333333,0.21739130434782608,0.16265060240963855,0.3132530120481928,0.05339805825242718,52,municipio_familia,PORTO ESPERIDIAO,gal_lacen_microdados,>=2024
respiratorio,205,1,3.6256944444444446,90.39652777777778,0.625,0.25301204819277107,0.7469879518072289,0.0975609756097561,74,municipio_familia,PONTES E LACERDA,gal_lacen_microdados,>=2024
outros,204,1,53.75347222222222,185.58125,0.5486725663716814,0.09016393442622951,0.23770491803278687,0.07352941176470588,27,municipio_familia,AGUA BOA,gal_lacen_microdados,>=2024
arbovirose,202,1,7.447222222222222,125.37638888888888,0.11494252873563218,0.0,0.42574257425742573,0.31683168316831684,2,municipio_familia,COCALINHO,gal_lacen_microdados,>=2024
tuberculose,200,1,49.68611111111111,213.76597222222222,0.3157894736842105,0.08256880733944955,0.2018348623853211,0.095,62,municipio_familia,SAO JOSE DO XINGU,gal_lacen_microdados,>=2024
respiratorio,199,1,4.475694444444445,209.73444444444445,0.5503355704697986,0.18787878787878787,0.6121212121212121,0.21105527638190955,41,municipio_familia,NOVA MUTUM,gal_lacen_microdados,>=2024
respiratorio,199,1,5.788888888888889,56.162916666666916,0.6554054054054054,0.22699386503067484,0.6196319018404908,0.3316582914572864,24,municipio_familia,TANGARA DA SERRA,gal_lacen_microdados,>=2024
outros,196,1,7.678472222222222,123.76388888888889,0.1780821917808219,0.04,0.27,0.030612244897959183,24,municipio_familia,QUERENCIA,gal_lacen_microdados,>=2024
arbovirose,195,1,29.772222222222222,125.44513888888889,0.16363636363636364,0.008130081300813009,0.25203252032520324,0.015384615384615385,58,municipio_familia,NOVA MARILANDIA,gal_lacen_microdados,>=2024
hepatite,193,1,5.397222222222222,31.29375,0.60431654676259,0.3120567375886525,0.5319148936170213,0.03626943005181347,60,municipio_familia,CAMPO NOVO DO PARECIS,gal_lacen_microdados,>=2024
respiratorio,192,1,8.56875,119.70979166666667,0.5,0.2,0.4,0.010416666666666666,34,municipio_familia,GUARANTA DO NORTE,gal_lacen_microdados,>=2024
arbovirose,190,1,15.51388888888889,278.4951388888889,0.1870967741935484,0.13580246913580246,0.3395061728395062,0.07368421052631578,58,municipio_familia,JACIARA,gal_lacen_microdados,>=2024
arbovirose,189,1,14.32986111111111,221.90638888888992,0.33070866141732286,0.025157232704402517,0.1761006289308176,0.18518518518518517,23,municipio_familia,NOVO MUNDO,gal_lacen_microdados,>=2024
tuberculose,188,1,5.645138888888889,209.4423611111111,0.6576576576576577,0.13157894736842105,0.5350877192982456,0.06382978723404255,81,municipio_familia,DIAMANTINO,gal_lacen_microdados,>=2024
hepatite,186,1,6.686111111111111,59.22013888888889,0.3418803418803419,0.22137404580152673,0.5267175572519084,0.0,72,municipio_familia,JUARA,gal_lacen_microdados,>=2024
outros,184,1,5.4125,71.65555555555555,0.5119047619047619,0.22772277227722773,0.6534653465346535,0.03260869565217391,48,municipio_familia,PEIXOTO DE AZEVEDO,gal_lacen_microdados,>=2024
arbovirose,181,1,9.569791666666667,32.537291666666675,0.2072072072072072,0.09836065573770492,0.28688524590163933,0.03867403314917127,66,municipio_familia,CANARANA,gal_lacen_microdados,>=2024
tuberculose,180,1,4.487847222222222,168.4152777777778,0.584070796460177,0.30327868852459017,0.6557377049180327,0.11666666666666667,74,municipio_familia,ROSARIO OESTE,gal_lacen_microdados,>=2024
outros,178,1,22.51875,62.397222222222226,0.32653061224489793,0.14563106796116504,0.4077669902912621,0.0449438202247191,29,municipio_familia,POCONE,gal_lacen_microdados,>=2024
respiratorio,178,1,3.4340277777777777,118.73631944444445,0.5984251968503937,0.26811594202898553,0.7101449275362319,0.2696629213483146,38,municipio_familia,POCONE,gal_lacen_microdados,>=2024
outros,176,1,15.588888888888889,149.41243055555555,0.4838709677419355,0.23684210526315788,0.45614035087719296,0.03977272727272727,50,municipio_familia,SANTO ANTONIO DO LEVERGER,gal_lacen_microdados,>=2024
outros,175,1,34.52777777777778,223.48819444444445,0.21428571428571427,0.031746031746031744,0.23809523809523808,0.08571428571428572,23,municipio_familia,SAPEZAL,gal_lacen_microdados,>=2024
outros,171,1,2.4625,60.39513888888889,0.5,0.3142857142857143,0.6,0.03508771929824561,78,municipio_familia,JACIARA,gal_lacen_microdados,>=2024
arbovirose,170,1,24.632638888888888,58.67576388888889,0.06716417910447761,0.02142857142857143,0.11428571428571428,0.047058823529411764,24,municipio_familia,CONFRESA,gal_lacen_microdados,>=2024
arbovirose,168,1,17.404166666666665,119.73097222222222,0.15789473684210525,0.06766917293233082,0.16541353383458646,0.06547619047619048,42,municipio_familia,BRASNORTE,gal_lacen_microdados,>=2024
tuberculose,168,1,30.679861111111112,76.0151388888889,0.3333333333333333,0.25252525252525254,0.4444444444444444,0.1130952380952381,81,municipio_familia,CASTANHEIRA,gal_lacen_microdados,>=2024
outros,167,1,5.458333333333333,76.57527777777779,0.37254901960784315,0.35064935064935066,0.6233766233766234,0.0718562874251497,58,municipio_familia,BARRA DO BUGRES,gal_lacen_microdados,>=2024
hepatite,166,1,8.64236111111111,87.36041666666667,0.18478260869565216,0.06956521739130435,0.34782608695652173,0.006024096385542169,84,municipio_familia,QUERENCIA,gal_lacen_microdados,>=2024
respiratorio,164,1,31.93125,238.47916666666666,0.34057971014492755,0.014084507042253521,0.2112676056338028,0.31097560975609756,14,municipio_familia,AGUA BOA,gal_lacen_microdados,>=2024
arbovirose,164,1,14.254513888888889,28.636805555555554,0.23529411764705882,0.09848484848484848,0.2878787878787879,0.07317073170731707,76,municipio_familia,PONTAL DO ARAGUAIA,gal_lacen_microdados,>=2024
hepatite,163,1,6.642361111111111,87.33680555555556,0.2830188679245283,0.1968503937007874,0.5433070866141733,0.012269938650306749,49,municipio_familia,CACERES,gal_lacen_microdados,>=2024
outros,162,1,5.075347222222222,29.381944444444443,0.2037037037037037,0.125,0.5714285714285714,0.024691358024691357,31,municipio_familia,CONFRESA,gal_lacen_microdados,>=2024
respiratorio,161,1,23.09201388888889,104.62847222222223,0.4675324675324675,0.08139534883720931,0.3023255813953488,0.15527950310559005,43,municipio_familia,CAMPINAPOLIS,gal_lacen_microdados,>=2024
respiratorio,161,1,20.473263888888887,150.57034722222224,0.6344086021505376,0.07017543859649122,0.18421052631578946,0.2857142857142857,12,municipio_familia,PARANAITA,gal_lacen_microdados,>=2024
arbovirose,160,1,25.12013888888889,97.2404861111111,0.3153846153846154,0.050724637681159424,0.34057971014492755,0.075,24,municipio_familia,NORTELANDIA,gal_lacen_microdados,>=2024
respiratorio,158,1,4.600347222222222,191.0447222222224,0.5726495726495726,0.1774193548387097,0.6612903225806451,0.27848101265822783,37,municipio_familia,SANTO ANTONIO DO LEVERGER,gal_lacen_microdados,>=2024
respiratorio,149,1,8.613888888888889,121.52541666666664,0.625,0.05128205128205128,0.41025641025641024,0.3288590604026846,36,municipio_familia,QUERENCIA,gal_lacen_microdados,>=2024
tuberculose,149,1,4.594444444444444,10.532638888888888,0.8739495798319328,0.22137404580152673,0.6259541984732825,0.04697986577181208,77,municipio_familia,VILA RICA,gal_lacen_microdados,>=2024
arbovirose,142,1,7.579861111111111,59.40736111111111,0.3394495412844037,0.05128205128205128,0.452991452991453,0.014084507042253521,53,municipio_familia,JANGADA,gal_lacen_microdados,>=2024
outros,139,1,31.09027777777778,83.94270833333327,0.2753623188405797,0.056818181818181816,0.1590909090909091,0.050359712230215826,29,municipio_familia,CAMPINAPOLIS,gal_lacen_microdados,>=2024
arbovirose,137,1,20.479861111111113,236.4465277777778,0.18292682926829268,0.10526315789473684,0.24210526315789474,0.10948905109489052,54,municipio_familia,ACORIZAL,gal_lacen_microdados,>=2024
arbovirose,137,1,17.42361111111111,213.5076388888889,0.2376237623762376,0.025423728813559324,0.2288135593220339,0.08759124087591241,36,municipio_familia,NOVA OLIMPIA,gal_lacen_microdados,>=2024
arbovirose,137,1,13.678472222222222,132.59930555555556,0.23157894736842105,0.02702702702702703,0.32432432432432434,0.08759124087591241,33,municipio_familia,SAO JOSE DO RIO CLARO,gal_lacen_microdados,>=2024
hepatite,133,1,10.090277777777779,210.5117361111111,0.15730337078651685,0.12745098039215685,0.3235294117647059,0.0,53,municipio_familia,COLIDER,gal_lacen_microdados,>=2024
hepatite,131,1,5.550694444444445,28.594444444444445,0.3709677419354839,0.31645569620253167,0.5316455696202531,0.007633587786259542,70,municipio_familia,VILA RICA,gal_lacen_microdados,>=2024
outros,129,1,3.6006944444444446,34.924444444444475,0.45569620253164556,0.3793103448275862,0.6436781609195402,0.05426356589147287,31,municipio_familia,DIAMANTINO,gal_lacen_microdados,>=2024
outros,122,1,43.732638888888886,100.29430555555555,0.35714285714285715,0.136986301369863,0.3561643835616438,0.05737704918032787,14,municipio_familia,MARCELANDIA,gal_lacen_microdados,>=2024
outros,119,1,4.186458333333333,105.5659027777778,0.5606060606060606,0.24285714285714285,0.5142857142857142,0.01680672268907563,25,municipio_familia,ROSARIO OESTE,gal_lacen_microdados,>=2024
hepatite,118,1,6.685416666666667,89.99986111111112,0.19607843137254902,0.21739130434782608,0.5362318840579711,0.0,65,municipio_familia,BARRA DO GARCAS,gal_lacen_microdados,>=2024
hepatite,117,1,11.115972222222222,143.82909722222254,0.3013698630136986,0.14634146341463414,0.4024390243902439,0.0,18,municipio_familia,DIAMANTINO,gal_lacen_microdados,>=2024
outros,117,1,60.338541666666664,197.19201388888888,0.2361111111111111,0.06578947368421052,0.10526315789473684,0.1111111111111111,51,municipio_familia,NOVA XAVANTINA,gal_lacen_microdados,>=2024
tuberculose,117,1,7.6194444444444445,52.284444444444496,0.8571428571428571,0.36082474226804123,0.4742268041237113,0.05128205128205128,55,municipio_familia,PORTO ALEGRE DO NORTE,gal_lacen_microdados,>=2024
tuberculose,117,1,7.581944444444444,151.3827777777778,0.676923076923077,0.2714285714285714,0.44285714285714284,0.06837606837606838,55,municipio_familia,SAO JOSE DOS QUATRO MARCOS,gal_lacen_microdados,>=2024
outros,117,1,41.53819444444444,295.35555555555555,0.1509433962264151,0.043478260869565216,0.13043478260869565,0.008547008547008548,30,municipio_familia,TAPURAH,gal_lacen_microdados,>=2024
hepatite,116,1,8.697916666666666,119.7,0.2948717948717949,0.13793103448275862,0.3218390804597701,0.008620689655172414,55,municipio_familia,CAMPO VERDE,gal_lacen_microdados,>=2024
outros,116,1,12.583333333333334,185.79604166666667,0.34782608695652173,0.23076923076923078,0.44871794871794873,0.02586206896551724,13,municipio_familia,SAO JOSE DOS QUATRO MARCOS,gal_lacen_microdados,>=2024
arbovirose,115,1,14.36875,85.44375,0.18823529411764706,0.07526881720430108,0.27956989247311825,0.0,50,municipio_familia,SANTA CARMEM,gal_lacen_microdados,>=2024
arbovirose,114,1,10.165277777777778,93.10555555555555,0.3118279569892473,0.0625,0.3125,0.09649122807017543,45,municipio_familia,BARAO DE MELGACO,gal_lacen_microdados,>=2024
arbovirose,114,1,12.32673611111111,125.69902777777801,0.13414634146341464,0.11702127659574468,0.2553191489361702,0.14035087719298245,43,municipio_familia,NOBRES,gal_lacen_microdados,>=2024
tuberculose,114,1,3.60625,150.6173611111111,0.7162162162162162,0.32432432432432434,0.6621621621621622,0.06140350877192982,44,municipio_familia,NOBRES,gal_lacen_microdados,>=2024
outros,112,1,7.420833333333333,240.78819444444446,0.3770491803278688,0.15714285714285714,0.4,0.0625,20,municipio_familia,ARAPUTANGA,gal_lacen_microdados,>=2024
outros,111,1,7.453819444444445,42.978125000000034,0.58,0.11764705882352941,0.47058823529411764,0.036036036036036036,27,municipio_familia,ARIPUANA,gal_lacen_microdados,>=2024
tuberculose,111,1,3.5027777777777778,16.09416666666666,0.8656716417910447,0.3835616438356164,0.6027397260273972,0.02702702702702703,60,municipio_familia,CONFRESA,gal_lacen_microdados,>=2024
arbovirose,111,1,18.502777777777776,130.41611111111126,0.08695652173913043,0.10344827586206896,0.25287356321839083,0.05405405405405406,31,municipio_familia,NOVA LACERDA,gal_lacen_microdados,>=2024
arbovirose,111,1,12.488541666666666,96.87152777777777,0.2962962962962963,0.06382978723404255,0.3404255319148936,0.08108108108108109,35,municipio_familia,SALTO DO CEU,gal_lacen_microdados,>=2024
tuberculose,109,1,4.0993055555555555,161.36319444444445,0.6933333333333334,0.42857142857142855,0.5714285714285714,0.1559633027522936,48,municipio_familia,QUERENCIA,gal_lacen_microdados,>=2024
tuberculose,109,1,2.6090277777777775,55.10583333333372,0.9014084507042254,0.4125,0.7,0.11009174311926606,33,municipio_familia,SAPEZAL,gal_lacen_microdados,>=2024
respiratorio,107,1,15.490277777777777,66.48972222222235,0.7272727272727273,0.01694915254237288,0.1016949152542373,0.09345794392523364,19,municipio_familia,NOVO HORIZONTE DO NORTE,gal_lacen_microdados,>=2024
respiratorio,105,1,8.595138888888888,94.50458333333333,0.5344827586206896,0.07246376811594203,0.4057971014492754,0.34285714285714286,34,municipio_familia,NOVA CANAA DO NORTE,gal_lacen_microdados,>=2024
tuberculose,103,1,30.4,176.48333333333332,0.5789473684210527,0.3333333333333333,0.4492753623188406,0.13592233009708737,34,municipio_familia,ACORIZAL,gal_lacen_microdados,>=2024
tuberculose,103,1,29.589583333333334,231.34236111111093,0.24444444444444444,0.21153846153846154,0.34615384615384615,0.1262135922330097,46,municipio_familia,PARANAITA,gal_lacen_microdados,>=2024
tuberculose,102,1,6.532638888888889,272.4147222222222,0.75,0.14942528735632185,0.5517241379310345,0.0784313725490196,36,municipio_familia,ALTO ARAGUAIA,gal_lacen_microdados,>=2024
outros,102,1,39.734722222222224,157.45138888888889,0.34375,0.22784810126582278,0.46835443037974683,0.06862745098039216,19,municipio_familia,ALTO TAQUARI,gal_lacen_microdados,>=2024
tuberculose,102,1,3.4722222222222223,222.95368055555562,0.6811594202898551,0.3918918918918919,0.6486486486486487,0.17647058823529413,38,municipio_familia,CANARANA,gal_lacen_microdados,>=2024
outros,101,1,5.417361111111111,61.455555555555556,0.3815789473684211,0.3157894736842105,0.5263157894736842,0.0,38,municipio_familia,NOVA OLIMPIA,gal_lacen_microdados,>=2024
respiratorio,100,1,2.785416666666667,147.31805555555556,0.6301369863013698,0.24,0.84,0.27,23,municipio_familia,DIAMANTINO,gal_lacen_microdados,>=2024
arbovirose,98,1,10.565277777777778,204.6625,0.24242424242424243,0.08,0.3333333333333333,0.07142857142857142,32,municipio_familia,PARANATINGA,gal_lacen_microdados,>=2024
tuberculose,98,1,5.538888888888889,44.46388888888889,0.7666666666666667,0.36231884057971014,0.5507246376811594,0.07142857142857142,33,municipio_familia,RIO BRANCO,gal_lacen_microdados,>=2024
tuberculose,97,1,2.676388888888889,67.53291666666665,0.6153846153846154,0.40425531914893614,0.5957446808510638,0.1134020618556701,51,municipio_familia,COLNIZA,gal_lacen_microdados,>=2024
arbovirose,97,1,16.444444444444443,265.55694444444447,0.32,0.0,0.2982456140350877,0.05154639175257732,21,municipio_familia,NOVA XAVANTINA,gal_lacen_microdados,>=2024
outros,96,1,70.67569444444445,70.7186111111111,0.3333333333333333,0.3684210526315789,0.3684210526315789,0.0,8,municipio_familia,ALTO GARCAS,gal_lacen_microdados,>=2024
arbovirose,96,1,5.4625,32.49861111111111,0.3333333333333333,0.2839506172839506,0.5925925925925926,0.03125,46,municipio_familia,JAURU,gal_lacen_microdados,>=2024
arbovirose,96,1,7.409722222222222,197.93173611111092,0.3709677419354839,0.16129032258064516,0.46774193548387094,0.0,29,municipio_familia,VILA BELA DA SANTISSIMA TRINDADE,gal_lacen_microdados,>=2024
outros,96,1,6.642361111111111,29.09215277777777,0.6041666666666666,0.15384615384615385,0.5384615384615384,0.010416666666666666,34,municipio_familia,VILA RICA,gal_lacen_microdados,>=2024
outros,95,1,10.622222222222222,64.66347222222231,0.2608695652173913,0.03389830508474576,0.3898305084745763,0.042105263157894736,23,municipio_familia,JURUENA,gal_lacen_microdados,>=2024
respiratorio,93,1,2.7881944444444446,151.5263888888889,0.5362318840579711,0.21621621621621623,0.6216216216216216,0.24731182795698925,17,municipio_familia,BARRA DO GARCAS,gal_lacen_microdados,>=2024
respiratorio,92,1,2.796527777777778,107.53618055555563,0.5555555555555556,0.27941176470588236,0.6764705882352942,0.31521739130434784,17,municipio_familia,JUINA,gal_lacen_microdados,>=2024
outros,91,1,5.502083333333333,93.34097222222222,0.6470588235294118,0.4067796610169492,0.576271186440678,0.0,31,municipio_familia,COLNIZA,gal_lacen_microdados,>=2024
hepatite,91,1,4.027083333333334,154.23145833333382,0.475,0.20689655172413793,0.5689655172413793,0.0,55,municipio_familia,PARANAITA,gal_lacen_microdados,>=2024
tuberculose,91,1,6.460416666666666,113.50944444444436,0.7868852459016393,0.24193548387096775,0.6129032258064516,0.0989010989010989,20,municipio_familia,VILA BELA DA SANTISSIMA TRINDADE,gal_lacen_microdados,>=2024
respiratorio,90,1,2.65,30.992361111111112,0.6229508196721312,0.22580645161290322,0.8064516129032258,0.2777777777777778,26,municipio_familia,NOBRES,gal_lacen_microdados,>=2024
arbovirose,90,1,24.038194444444443,46.88319444444446,0.08333333333333333,0.18571428571428572,0.34285714285714286,0.044444444444444446,13,municipio_familia,NOVA BANDEIRANTES,gal_lacen_microdados,>=2024
tuberculose,88,1,1.3847222222222222,32.50694444444444,0.8615384615384616,0.6857142857142857,0.7714285714285715,0.06818181818181818,41,municipio_familia,GUIRATINGA,gal_lacen_microdados,>=2024
outros,88,1,7.586111111111111,67.96645833333343,0.6923076923076923,0.32,0.4,0.056818181818181816,18,municipio_familia,NOBRES,gal_lacen_microdados,>=2024
outros,87,1,91.41597222222222,239.62152777777777,0.08928571428571429,0.07246376811594203,0.2318840579710145,0.022988505747126436,5,municipio_familia,COCALINHO,gal_lacen_microdados,>=2024
tuberculose,86,1,6.610069444444445,117.97784722222222,0.7719298245614035,0.31666666666666665,0.5833333333333334,0.05813953488372093,28,municipio_familia,TAPURAH,gal_lacen_microdados,>=2024
tuberculose,85,1,2.4090277777777778,29.210277777777794,0.8,0.4716981132075472,0.8301886792452831,0.03529411764705882,36,municipio_familia,SAO JOSE DO RIO CLARO,gal_lacen_microdados,>=2024
arbovirose,84,1,10.136111111111111,121.74444444444444,0.34615384615384615,0.10344827586206896,0.4482758620689655,0.0,31,municipio_familia,GAUCHA DO NORTE,gal_lacen_microdados,>=2024
hepatite,83,1,14.445833333333333,126.47951388888889,0.16279069767441862,0.08695652173913043,0.2826086956521739,0.0,46,municipio_familia,CHAPADA DOS GUIMARAES,gal_lacen_microdados,>=2024
outros,82,1,7.657638888888889,238.42708333333334,0.38,0.015625,0.421875,0.04878048780487805,3,municipio_familia,TERRA NOVA DO NORTE,gal_lacen_microdados,>=2024
respiratorio,81,1,2.6947916666666667,8.409930555555563,0.9782608695652174,0.375,0.8125,0.37037037037037035,13,municipio_familia,MARCELANDIA,gal_lacen_microdados,>=2024
tuberculose,81,1,5.329166666666667,33.43777777777779,0.7818181818181819,0.3620689655172414,0.7068965517241379,0.024691358024691357,22,municipio_familia,PORTO ESPERIDIAO,gal_lacen_microdados,>=2024
outros,80,1,6.074305555555556,92.56951388888889,0.3469387755102041,0.16666666666666666,0.5,0.025,13,municipio_familia,CAMPOS DE JULIO,gal_lacen_microdados,>=2024
respiratorio,79,1,159.76875,278.63194444444446,0.5970149253731343,0.056338028169014086,0.18309859154929578,0.189873417721519,8,municipio_familia,ARIPUANA,gal_lacen_microdados,>=2024
outros,79,1,3.6631944444444446,30.919444444444444,0.5882352941176471,0.1951219512195122,0.6341463414634146,0.02531645569620253,27,municipio_familia,NOSSA SENHORA DO LIVRAMENTO,gal_lacen_microdados,>=2024
arbovirose,79,1,28.90277777777778,95.61597222222223,0.1864406779661017,0.046875,0.15625,0.0379746835443038,18,municipio_familia,NOVA CANAA DO NORTE,gal_lacen_microdados,>=2024
outros,77,1,53.99166666666667,221.68958333333333,0.22641509433962265,0.13793103448275862,0.1896551724137931,0.09090909090909091,10,municipio_familia,ARENAPOLIS,gal_lacen_microdados,>=2024
tuberculose,77,1,8.422916666666667,105.04027777777782,0.5,0.391304347826087,0.4782608695652174,0.06493506493506493,12,municipio_familia,CARLINDA,gal_lacen_microdados,>=2024
respiratorio,76,1,5.563194444444444,64.44444444444444,0.7843137254901961,0.32075471698113206,0.6226415094339622,0.3026315789473684,22,municipio_familia,ALTA FLORESTA,gal_lacen_microdados,>=2024
tuberculose,76,1,2.0652777777777778,33.50694444444444,0.7735849056603774,0.5,0.6333333333333333,0.039473684210526314,45,municipio_familia,ITIQUIRA,gal_lacen_microdados,>=2024
tuberculose,75,1,0.20104166666666667,6.800347222222227,0.9310344827586207,0.7931034482758621,0.896551724137931,0.02666666666666667,47,municipio_familia,COMODORO,gal_lacen_microdados,>=2024
outros,74,1,9.68125,27.603472222222223,0.4888888888888889,0.10416666666666667,0.3958333333333333,0.0,14,municipio_familia,NOVA UBIRATA,gal_lacen_microdados,>=2024
respiratorio,73,1,9.8,22.799305555555556,0.5675675675675675,0.1794871794871795,0.41025641025641024,0.1506849315068493,19,municipio_familia,JUARA,gal_lacen_microdados,>=2024
outros,73,1,19.51701388888889,27.911805555555556,0.42857142857142855,0.3,0.325,0.0410958904109589,14,municipio_familia,SAO JOSE DO RIO CLARO,gal_lacen_microdados,>=2024
tuberculose,72,1,2.3680555555555554,46.70388888888889,0.5777777777777777,0.4897959183673469,0.7551020408163265,0.08333333333333333,33,municipio_familia,CAMPOS DE JULIO,gal_lacen_microdados,>=2024
tuberculose,72,1,3.3944444444444444,45.43333333333333,0.7857142857142857,0.4918032786885246,0.7704918032786885,0.06944444444444445,25,municipio_familia,NORTELANDIA,gal_lacen_microdados,>=2024
outros,72,1,21.020833333333336,76.69951388888889,0.1935483870967742,0.15789473684210525,0.3157894736842105,0.0,22,municipio_familia,NOVA SANTA HELENA,gal_lacen_microdados,>=2024
outros,70,1,49.416666666666664,152.9045833333335,0.35714285714285715,0.05714285714285714,0.05714285714285714,0.02857142857142857,4,municipio_familia,NOVO HORIZONTE DO NORTE,gal_lacen_microdados,>=2024
tuberculose,69,1,7.3694444444444445,60.41263888888889,0.6,0.3939393939393939,0.48484848484848486,0.07246376811594203,40,municipio_familia,ARIPUANA,gal_lacen_microdados,>=2024
respiratorio,68,1,3.0868055555555554,233.1358333333333,0.5918367346938775,0.15384615384615385,0.6538461538461539,0.29411764705882354,14,municipio_familia,BARRA DO BUGRES,gal_lacen_microdados,>=2024
hepatite,68,1,11.644097222222221,66.47013888888888,0.038461538461538464,0.025,0.35,0.0,14,municipio_familia,BOM JESUS DO ARAGUAIA,gal_lacen_microdados,>=2024
arbovirose,68,1,15.074652777777779,61.65194444444449,0.05405405405405406,0.0,0.20454545454545456,0.0,27,municipio_familia,UNIAO DO SUL,gal_lacen_microdados,>=2024
hepatite,67,1,2.6347222222222224,15.134305555555564,0.6216216216216216,0.37209302325581395,0.7674418604651163,0.0,46,municipio_familia,CANABRAVA DO NORTE,gal_lacen_microdados,>=2024
tuberculose,66,1,6.533333333333333,272.3309722222222,0.7954545454545454,0.1509433962264151,0.5471698113207547,0.07575757575757576,29,municipio_familia,ALTO GARCAS,gal_lacen_microdados,>=2024
arbovirose,66,1,15.682638888888889,294.36597222222224,0.16666666666666666,0.0,0.1836734693877551,0.09090909090909091,35,municipio_familia,ALTO PARAGUAI,gal_lacen_microdados,>=2024
respiratorio,66,1,98.41597222222222,246.64881944444446,0.234375,0.0,0.125,0.2878787878787879,2,municipio_familia,COCALINHO,gal_lacen_microdados,>=2024
arbovirose,66,1,14.420833333333333,38.092499999999994,0.18181818181818182,0.14893617021276595,0.3191489361702128,0.0,33,municipio_familia,GUIRATINGA,gal_lacen_microdados,>=2024
arbovirose,66,1,5.534027777777778,216.35034722222233,0.3684210526315789,0.20833333333333334,0.5625,0.12121212121212122,19,municipio_familia,ITANHANGA,gal_lacen_microdados,>=2024
respiratorio,66,1,31.40277777777778,31.405833333333334,0.35185185185185186,0.17543859649122806,0.3157894736842105,0.2878787878787879,14,municipio_familia,NOVA GUARITA,gal_lacen_microdados,>=2024
tuberculose,66,1,7.611805555555556,240.19402777777782,0.6304347826086957,0.3,0.46,0.030303030303030304,33,municipio_familia,PEDRA PRETA,gal_lacen_microdados,>=2024
outros,65,1,2.5649305555555557,210.6652777777778,0.4444444444444444,0.5,0.6458333333333334,0.1076923076923077,22,municipio_familia,BRASNORTE,gal_lacen_microdados,>=2024
arbovirose,65,1,18.609722222222224,77.94131944444445,0.21428571428571427,0.10869565217391304,0.1956521739130435,0.03076923076923077,24,municipio_familia,SANTA RITA DO TRIVELATO,gal_lacen_microdados,>=2024
tuberculose,64,1,1.7625,119.9961111111111,0.9230769230769231,0.6153846153846154,0.6923076923076923,0.03125,52,municipio_familia,APIACAS,gal_lacen_microdados,>=2024
tuberculose,64,1,9.565972222222221,237.54861111111111,0.7083333333333334,0.25806451612903225,0.3548387096774194,0.0625,36,municipio_familia,MATUPA,gal_lacen_microdados,>=2024
outros,64,1,26.516319444444445,186.77708333333334,0.23529411764705882,0.14705882352941177,0.2647058823529412,0.125,5,municipio_familia,NOVA MARILANDIA,gal_lacen_microdados,>=2024
tuberculose,63,1,4.482986111111111,104.79152777777773,0.8695652173913043,0.25,0.5833333333333334,0.015873015873015872,32,municipio_familia,ARENAPOLIS,gal_lacen_microdados,>=2024
respiratorio,63,1,1.6631944444444444,151.7576388888889,0.7045454545454546,0.5227272727272727,0.7272727272727273,0.23809523809523808,20,municipio_familia,CAMPO VERDE,gal_lacen_microdados,>=2024
outros,63,1,6.7131944444444445,23.950694444444444,0.4,0.19047619047619047,0.5714285714285714,0.015873015873015872,29,municipio_familia,FELIZ NATAL,gal_lacen_microdados,>=2024
hepatite,63,1,6.413888888888889,12.485138888888889,0.075,0.26,0.76,0.0,27,municipio_familia,MARCELANDIA,gal_lacen_microdados,>=2024
hepatite,63,1,12.454166666666667,233.70763888888888,0.26666666666666666,0.1111111111111111,0.3611111111111111,0.0,36,municipio_familia,NOVA SANTA HELENA,gal_lacen_microdados,>=2024
arbovirose,62,1,18.026041666666664,298.7368055555556,0.21739130434782608,0.14583333333333334,0.3125,0.11290322580645161,22,municipio_familia,DOM AQUINO,gal_lacen_microdados,>=2024
arbovirose,62,1,13.636111111111111,47.645833333333336,0.25,0.02702702702702703,0.2972972972972973,0.016129032258064516,24,municipio_familia,NOVO HORIZONTE DO NORTE,gal_lacen_microdados,>=2024
respiratorio,61,1,88.6048611111111,215.81513888888892,0.6363636363636364,0.05,0.25,0.2786885245901639,26,municipio_familia,ITAUBA,gal_lacen_microdados,>=2024
arbovirose,61,1,21.468055555555555,72.39166666666667,0.2727272727272727,0.06666666666666667,0.15555555555555556,0.03278688524590164,26,municipio_familia,NOVA MARINGA,gal_lacen_microdados,>=2024
outros,60,1,7.396527777777778,39.68979166666679,0.4444444444444444,0.25,0.45,0.08333333333333333,17,municipio_familia,JUSCIMEIRA,gal_lacen_microdados,>=2024
outros,58,1,35.361111111111114,80.69791666666667,0.4166666666666667,0.28,0.48,0.0,26,municipio_familia,GENERAL CARNEIRO,gal_lacen_microdados,>=2024
respiratorio,58,1,1.7444444444444445,5.42736111111111,0.7941176470588235,0.7058823529411765,0.9117647058823529,0.25862068965517243,20,municipio_familia,JACIARA,gal_lacen_microdados,>=2024
tuberculose,58,1,4.545138888888889,224.43472222222223,0.7878787878787878,0.3055555555555556,0.6111111111111112,0.05172413793103448,21,municipio_familia,JANGADA,gal_lacen_microdados,>=2024
tuberculose,58,1,3.001736111111111,32.40694444444444,0.5,0.2857142857142857,0.6904761904761905,0.017241379310344827,35,municipio_familia,JUSCIMEIRA,gal_lacen_microdados,>=2024
hepatite,57,1,3.7055555555555557,85.68034722222227,0.5945945945945946,0.26,0.72,0.017543859649122806,19,municipio_familia,BARRA DO BUGRES,gal_lacen_microdados,>=2024
respiratorio,57,1,6.595138888888889,212.8223611111112,0.6153846153846154,0.17142857142857143,0.5142857142857142,0.2807017543859649,20,municipio_familia,PEIXOTO DE AZEVEDO,gal_lacen_microdados,>=2024
tuberculose,57,1,5.411111111111111,66.39097222222222,0.8461538461538461,0.23076923076923078,0.6923076923076923,0.017543859649122806,20,municipio_familia,RESERVA DO CABACAL,gal_lacen_microdados,>=2024
respiratorio,57,1,3.4256944444444444,238.47777777777776,0.4418604651162791,0.13043478260869565,0.6521739130434783,0.2982456140350877,9,municipio_familia,ROSARIO OESTE,gal_lacen_microdados,>=2024
outros,56,1,12.678472222222222,85.53194444444445,0.3076923076923077,0.12903225806451613,0.3548387096774194,0.08928571428571429,28,municipio_familia,DENISE,gal_lacen_microdados,>=2024
hepatite,53,1,8.534027777777778,87.37000000000002,0.16666666666666666,0.15151515151515152,0.3939393939393939,0.0,30,municipio_familia,SANTO ANTONIO DO LEVERGER,gal_lacen_microdados,>=2024
arbovirose,52,1,26.208680555555556,187.60972222222222,0.06060606060606061,0.07894736842105263,0.2894736842105263,0.0,21,municipio_familia,INDIAVAI,gal_lacen_microdados,>=2024
arbovirose,52,1,32.63472222222222,103.34097222222222,0.05405405405405406,0.0,0.11627906976744186,0.019230769230769232,19,municipio_familia,PLANALTO DA SERRA,gal_lacen_microdados,>=2024
arbovirose,52,1,4.4847222222222225,64.42569444444445,0.38235294117647056,0.2564102564102564,0.5897435897435898,0.0,21,municipio_familia,RESERVA DO CABACAL,gal_lacen_microdados,>=2024
arbovirose,52,1,5.968055555555555,38.42125,0.16666666666666666,0.08333333333333333,0.5,0.15384615384615385,2,municipio_familia,SAO JOSE DO XINGU,gal_lacen_microdados,>=2024
tuberculose,52,1,7.606944444444444,64.89097222222216,0.75,0.24324324324324326,0.43243243243243246,0.019230769230769232,18,municipio_familia,VERA,gal_lacen_microdados,>=2024
tuberculose,51,1,47.040277777777774,132.60604166666667,0.44,0.2857142857142857,0.39285714285714285,0.11764705882352941,25,municipio_familia,NOVA CANAA DO NORTE,gal_lacen_microdados,>=2024
outros,51,1,36.43055555555556,224.49131944444446,0.34782608695652173,0.1388888888888889,0.3611111111111111,0.0784313725490196,9,municipio_familia,PARANAITA,gal_lacen_microdados,>=2024
respiratorio,50,1,2.7041666666666666,26.094166666666684,0.6129032258064516,0.36363636363636365,0.8181818181818182,0.2,20,municipio_familia,COLNIZA,gal_lacen_microdados,>=2024
hepatite,50,1,6.477083333333334,42.01444444444457,0.5185185185185185,0.1,0.5333333333333333,0.0,13,municipio_familia,VERA,gal_lacen_microdados,>=2024
tuberculose,49,1,3.642361111111111,54.48180555555556,0.6818181818181818,0.2,0.68,0.12244897959183673,13,municipio_familia,ALTO PARAGUAI,gal_lacen_microdados,>=2024
tuberculose,49,1,5.5472222222222225,50.86847222222225,0.46153846153846156,0.2962962962962963,0.6296296296296297,0.061224489795918366,27,municipio_familia,NOVA LACERDA,gal_lacen_microdados,>=2024
hepatite,49,1,7.778472222222222,173.42375000000004,0.17391304347826086,0.16,0.4,0.0,34,municipio_familia,POCONE,gal_lacen_microdados,>=2024
outros,49,1,7.472222222222222,11.743611111111116,0.8,0.48,0.48,0.0,5,municipio_familia,TABAPORA,gal_lacen_microdados,>=2024
respiratorio,49,1,3.669791666666667,128.9613888888888,0.6206896551724138,0.20588235294117646,0.7647058823529411,0.30612244897959184,15,municipio_familia,TAPURAH,gal_lacen_microdados,>=2024
arbovirose,48,1,11.618055555555555,268.6486111111111,0.15625,0.05714285714285714,0.42857142857142855,0.20833333333333334,19,municipio_familia,JUSCIMEIRA,gal_lacen_microdados,>=2024
tuberculose,47,1,4.664583333333334,12.452083333333333,0.8333333333333334,0.38095238095238093,0.7619047619047619,0.0,26,municipio_familia,CLAUDIA,gal_lacen_microdados,>=2024
respiratorio,47,1,89.40347222222222,197.3890277777778,0.46511627906976744,0.1111111111111111,0.4222222222222222,0.2553191489361702,0,municipio_familia,INDIAVAI,gal_lacen_microdados,>=2024
hepatite,47,1,8.009375,221.81659722222253,0.24,0.15625,0.4375,0.0,15,municipio_familia,SAO JOSE DO RIO CLARO,gal_lacen_microdados,>=2024
respiratorio,47,1,5.454861111111111,7.96444444444445,0.8,0.37142857142857144,0.8857142857142857,0.19148936170212766,16,municipio_familia,VERA,gal_lacen_microdados,>=2024
hepatite,46,1,8.020833333333334,79.09833333333337,0.07407407407407407,0.2631578947368421,0.47368421052631576,0.0,19,municipio_familia,GAUCHA DO NORTE,gal_lacen_microdados,>=2024
hepatite,46,1,68.90972222222223,169.85125000000005,0.12903225806451613,0.08571428571428572,0.14285714285714285,0.0,18,municipio_familia,NOVA GUARITA,gal_lacen_microdados,>=2024
respiratorio,46,1,2.640277777777778,60.74722222222222,0.7575757575757576,0.2857142857142857,0.7428571428571429,0.34782608695652173,10,municipio_familia,NOVA OLIMPIA,gal_lacen_microdados,>=2024
outros,46,1,5.439583333333333,94.59652777777778,0.39285714285714285,0.0967741935483871,0.5161290322580645,0.021739130434782608,18,municipio_familia,PEDRA PRETA,gal_lacen_microdados,>=2024
respiratorio,46,1,2.423611111111111,63.79208333333338,0.75,0.23076923076923078,0.7435897435897436,0.34782608695652173,6,municipio_familia,SAO JOSE DO RIO CLARO,gal_lacen_microdados,>=2024
outros,46,1,2.298611111111111,14.545000000000009,0.8571428571428571,0.4117647058823529,0.8823529411764706,0.0,17,municipio_familia,VERA,gal_lacen_microdados,>=2024
hepatite,45,1,8.473611111111111,155.61680555555543,0.28125,0.1891891891891892,0.43243243243243246,0.0,10,municipio_familia,ARAPUTANGA,gal_lacen_microdados,>=2024
arbovirose,45,1,15.497916666666665,81.77222222222223,0.18181818181818182,0.0,0.3235294117647059,0.0,16,municipio_familia,COTRIGUACU,gal_lacen_microdados,>=2024
respiratorio,45,1,2.552083333333333,58.40902777777778,0.6111111111111112,0.2692307692307692,0.8076923076923077,0.2,19,municipio_familia,GENERAL CARNEIRO,gal_lacen_microdados,>=2024
arbovirose,45,1,9.770138888888889,298.35555555555555,0.2702702702702703,0.28205128205128205,0.358974358974359,0.0,18,municipio_familia,ITIQUIRA,gal_lacen_microdados,>=2024
hepatite,45,1,16.589583333333334,169.49631944444502,0.06060606060606061,0.02631578947368421,0.39473684210526316,0.0,12,municipio_familia,NOSSA SENHORA DO LIVRAMENTO,gal_lacen_microdados,>=2024
outros,45,1,5.455555555555556,22.641666666666666,0.3,0.0,0.56,0.06666666666666667,0,municipio_familia,NOVO MUNDO,gal_lacen_microdados,>=2024
outros,44,1,11.595833333333333,65.41666666666667,0.0,0.0,0.08571428571428572,0.045454545454545456,5,municipio_familia,COMODORO,gal_lacen_microdados,>=2024
arbovirose,44,1,38.41875,149.43402777777777,0.12121212121212122,0.0,0.18181818181818182,0.09090909090909091,16,municipio_familia,NOVA MONTE VERDE,gal_lacen_microdados,>=2024
outros,44,1,131.64791666666667,211.37604166666662,0.391304347826087,0.375,0.375,0.0,5,municipio_familia,PORTO ESPERIDIAO,gal_lacen_microdados,>=2024
hepatite,44,1,6.990972222222222,31.628680555555587,0.46153846153846156,0.06666666666666667,0.5,0.0,27,municipio_familia,SANTA TEREZINHA,gal_lacen_microdados,>=2024
outros,44,1,22.463194444444444,98.1994444444446,0.6086956521739131,0.08,0.24,0.09090909090909091,12,municipio_familia,SAO JOSE DO XINGU,gal_lacen_microdados,>=2024
tuberculose,43,1,18.613541666666666,268.5179861111111,0.6451612903225806,0.07142857142857142,0.5,0.023255813953488372,19,municipio_familia,ALTO TAQUARI,gal_lacen_microdados,>=2024
arbovirose,43,1,14.745138888888889,37.615000000000016,0.24324324324324326,0.1282051282051282,0.1794871794871795,0.0,12,municipio_familia,SANTA TEREZINHA,gal_lacen_microdados,>=2024
tuberculose,42,1,22.98402777777778,90.44284722222223,0.5789473684210527,0.36363636363636365,0.45454545454545453,0.14285714285714285,8,municipio_familia,BARAO DE MELGACO,gal_lacen_microdados,>=2024
tuberculose,42,1,3.6020833333333333,106.68055555555556,0.5757575757575758,0.37142857142857144,0.6,0.14285714285714285,15,municipio_familia,COTRIGUACU,gal_lacen_microdados,>=2024
hepatite,42,1,9.60625,144.17930555555557,0.25925925925925924,0.12121212121212122,0.36363636363636365,0.0,18,municipio_familia,NOVA BANDEIRANTES,gal_lacen_microdados,>=2024
tuberculose,42,1,46.736805555555556,58.56527777777781,0.4444444444444444,0.18518518518518517,0.48148148148148145,0.14285714285714285,19,municipio_familia,NOVO MUNDO,gal_lacen_microdados,>=2024
tuberculose,42,1,29.07604166666667,73.47361111111111,0.375,0.3157894736842105,0.47368421052631576,0.16666666666666666,19,municipio_familia,PONTAL DO ARAGUAIA,gal_lacen_microdados,>=2024
outros,42,1,4.438194444444444,167.85819444444434,0.6666666666666666,0.06666666666666667,0.6666666666666666,0.023809523809523808,12,municipio_familia,RIBEIRAO CASCALHEIRA,gal_lacen_microdados,>=2024
hepatite,42,1,7.653472222222222,204.59944444444454,0.5151515151515151,0.3142857142857143,0.4857142857142857,0.0,11,municipio_familia,SAPEZAL,gal_lacen_microdados,>=2024
arbovirose,41,1,27.422222222222224,149.81680555555565,0.19047619047619047,0.0,0.23333333333333334,0.024390243902439025,15,municipio_familia,CARLINDA,gal_lacen_microdados,>=2024
outros,41,1,31.09513888888889,140.625,0.4375,0.25,0.35714285714285715,0.04878048780487805,3,municipio_familia,GAUCHA DO NORTE,gal_lacen_microdados,>=2024
outros,41,1,187.60972222222222,187.60972222222222,0.07692307692307693,0.0,0.06666666666666667,0.024390243902439025,2,municipio_familia,INDIAVAI,gal_lacen_microdados,>=2024
tuberculose,41,1,5.697916666666667,12.461805555555555,0.75,0.2857142857142857,0.6190476190476191,0.024390243902439025,23,municipio_familia,NOVA UBIRATA,gal_lacen_microdados,>=2024
hepatite,41,1,7.441319444444444,19.456388888888902,0.32,0.21428571428571427,0.42857142857142855,0.0,22,municipio_familia,NOVO HORIZONTE DO NORTE,gal_lacen_microdados,>=2024
tuberculose,41,1,2.3618055555555557,10.50152777777778,0.7777777777777778,0.4444444444444444,0.6666666666666666,0.0975609756097561,29,municipio_familia,TERRA NOVA DO NORTE,gal_lacen_microdados,>=2024
outros,40,1,18.709722222222222,29.711805555555546,0.6842105263157895,0.15789473684210525,0.42105263157894735,0.0,3,municipio_familia,COTRIGUACU,gal_lacen_microdados,>=2024
respiratorio,40,1,1.761111111111111,148.57930555555555,0.6428571428571429,0.6551724137931034,0.7586206896551724,0.375,3,municipio_familia,JANGADA,gal_lacen_microdados,>=2024
hepatite,40,1,26.384722222222223,152.38888888888889,0.3333333333333333,0.2916666666666667,0.3333333333333333,0.0,14,municipio_familia,NOVO SANTO ANTONIO,gal_lacen_microdados,>=2024
respiratorio,40,1,2.7881944444444446,140.79062499999998,0.5454545454545454,0.17647058823529413,0.7941176470588235,0.375,2,municipio_familia,SAPEZAL,gal_lacen_microdados,>=2024
hepatite,40,1,8.535069444444444,74.91666666666667,0.08695652173913043,0.125,0.16666666666666666,0.0,19,municipio_familia,TABAPORA,gal_lacen_microdados,>=2024
respiratorio,39,1,1.5954861111111112,2.5708333333333333,0.8461538461538461,0.6923076923076923,1.0,0.3076923076923077,8,municipio_familia,BRASNORTE,gal_lacen_microdados,>=2024
outros,39,1,3.725,13.504861111111111,0.9285714285714286,0.35294117647058826,0.5294117647058824,0.0,13,municipio_familia,CLAUDIA,gal_lacen_microdados,>=2024
outros,39,1,7.689583333333333,56.33541666666667,0.3333333333333333,0.25,0.5,0.10256410256410256,8,municipio_familia,CURVELANDIA,gal_lacen_microdados,>=2024
tuberculose,39,1,5.725,112.59138888888904,0.6842105263157895,0.2727272727272727,0.5909090909090909,0.10256410256410256,15,municipio_familia,FELIZ NATAL,gal_lacen_microdados,>=2024
tuberculose,39,1,35.673611111111114,77.34513888888888,0.3181818181818182,0.13636363636363635,0.36363636363636365,0.1282051282051282,8,municipio_familia,JURUENA,gal_lacen_microdados,>=2024
tuberculose,39,1,11.442361111111111,106.70770833333343,0.5789473684210527,0.1,0.4,0.10256410256410256,20,municipio_familia,MARCELANDIA,gal_lacen_microdados,>=2024
outros,39,1,3.386111111111111,256.9951388888889,0.7333333333333333,0.0,0.625,0.05128205128205128,8,municipio_familia,NOVA MONTE VERDE,gal_lacen_microdados,>=2024
arbovirose,38,1,21.394444444444446,58.513194444444444,0.23809523809523808,0.0,0.19230769230769232,0.0,14,municipio_familia,PORTO DOS GAUCHOS,gal_lacen_microdados,>=2024
tuberculose,38,1,2.6486111111111112,71.46319444444444,0.8125,0.3125,0.75,0.10526315789473684,19,municipio_familia,PORTO ESTRELA,gal_lacen_microdados,>=2024
outros,38,1,0.002777777777777778,5.356111111111112,0.6666666666666666,0.6666666666666666,1.0,0.05263157894736842,3,municipio_familia,RESERVA DO CABACAL,gal_lacen_microdados,>=2024
arbovirose,38,1,9.709722222222222,70.54861111111111,0.45454545454545453,0.13157894736842105,0.34210526315789475,0.10526315789473684,5,municipio_familia,RIBEIRAO CASCALHEIRA,gal_lacen_microdados,>=2024
respiratorio,38,1,2.4555555555555557,5.635972222222224,0.9354838709677419,0.21212121212121213,0.9090909090909091,0.3684210526315789,2,municipio_familia,SAO JOSE DOS QUATRO MARCOS,gal_lacen_microdados,>=2024
respiratorio,37,1,1.3305555555555555,118.71736111111112,0.7241379310344828,0.6451612903225806,0.7741935483870968,0.43243243243243246,3,municipio_familia,CONFRESA,gal_lacen_microdados,>=2024
outros,37,1,96.5875,119.40902777777778,0.47058823529411764,0.0,0.36363636363636365,0.0,1,municipio_familia,NOVA GUARITA,gal_lacen_microdados,>=2024
tuberculose,37,1,7.370138888888889,56.44305555555555,0.7222222222222222,0.2903225806451613,0.4838709677419355,0.10810810810810811,14,municipio_familia,NOVA OLIMPIA,gal_lacen_microdados,>=2024
hepatite,37,1,16.418055555555554,206.75277777777777,0.0,0.0,0.07142857142857142,0.02702702702702703,15,municipio_familia,PEDRA PRETA,gal_lacen_microdados,>=2024
arbovirose,37,1,9.639583333333333,35.571527777777774,0.45,0.0,0.07407407407407407,0.16216216216216217,8,municipio_familia,SANTO AFONSO,gal_lacen_microdados,>=2024
hepatite,37,1,7.480902777777778,14.92611111111111,0.4,0.25,0.4583333333333333,0.0,19,municipio_familia,SAO FELIX DO ARAGUAIA,gal_lacen_microdados,>=2024
tuberculose,36,1,4.184722222222223,44.20215277777794,0.8333333333333334,0.43333333333333335,0.5666666666666667,0.0,19,municipio_familia,DOM AQUINO,gal_lacen_microdados,>=2024
outros,36,1,6.804166666666666,281.3308333333334,0.5625,0.35294117647058826,0.5882352941176471,0.05555555555555555,7,municipio_familia,NOVA CANAA DO NORTE,gal_lacen_microdados,>=2024
outros,36,1,6.51875,68.11027777777775,0.38461538461538464,0.26666666666666666,0.6666666666666666,0.0,5,municipio_familia,NOVA LACERDA,gal_lacen_microdados,>=2024
respiratorio,36,1,2.671527777777778,5.685416666666667,0.7647058823529411,0.12,0.96,0.3055555555555556,5,municipio_familia,NOVA XAVANTINA,gal_lacen_microdados,>=2024
tuberculose,36,1,36.47291666666667,119.74444444444444,0.4583333333333333,0.08333333333333333,0.3333333333333333,0.16666666666666666,9,municipio_familia,UNIAO DO SUL,gal_lacen_microdados,>=2024
outros,35,1,14.759027777777778,127.72638888888889,0.17391304347826086,0.08695652173913043,0.13043478260869565,0.0,16,municipio_familia,DOM AQUINO,gal_lacen_microdados,>=2024
outros,35,1,6.341666666666667,117.75486111111111,0.4666666666666667,0.047619047619047616,0.6190476190476191,0.05714285714285714,9,municipio_familia,JANGADA,gal_lacen_microdados,>=2024
tuberculose,35,1,5.393402777777778,154.51680555555564,0.7037037037037037,0.36666666666666664,0.5333333333333333,0.14285714285714285,3,municipio_familia,JAURU,gal_lacen_microdados,>=2024
hepatite,35,1,6.915625,26.86166666666667,0.39285714285714285,0.3333333333333333,0.5,0.0,9,municipio_familia,NOBRES,gal_lacen_microdados,>=2024
respiratorio,35,1,3.459722222222222,154.88250000000002,0.5,0.0,0.6666666666666666,0.02857142857142857,17,municipio_familia,SANTO ANTONIO DO LESTE,gal_lacen_microdados,>=2024
outros,35,1,8.030208333333333,11.574930555555556,0.0,0.0,0.5,0.11428571428571428,15,municipio_familia,SAO JOSE DO POVO,gal_lacen_microdados,>=2024
hepatite,34,1,5.5375,179.47986111111112,0.5384615384615384,0.3333333333333333,0.5555555555555556,0.029411764705882353,10,municipio_familia,IPIRANGA DO NORTE,gal_lacen_microdados,>=2024
hepatite,34,1,7.4375,16.739722222222227,0.2631578947368421,0.2,0.44,0.0,11,municipio_familia,JUSCIMEIRA,gal_lacen_microdados,>=2024
outros,34,1,13.07951388888889,168.0269444444445,0.5,0.0,0.0,0.029411764705882353,18,municipio_familia,NOVA MARINGA,gal_lacen_microdados,>=2024
tuberculose,34,1,4.444444444444445,44.6875,0.96,0.1935483870967742,0.6129032258064516,0.029411764705882353,15,municipio_familia,SANTA TEREZINHA,gal_lacen_microdados,>=2024
arbovirose,34,1,11.381944444444445,238.70763888888888,0.08333333333333333,0.0,0.13043478260869565,0.058823529411764705,13,municipio_familia,SAO FELIX DO ARAGUAIA,gal_lacen_microdados,>=2024
hepatite,33,1,6.397222222222222,9.682777777777778,0.43478260869565216,0.08,0.6,0.06060606060606061,7,municipio_familia,PARANATINGA,gal_lacen_microdados,>=2024
hepatite,32,1,1.526388888888889,9.366597222222222,0.9,0.55,0.75,0.0,11,municipio_familia,FELIZ NATAL,gal_lacen_microdados,>=2024
tuberculose,32,1,20.507986111111112,147.42361111111111,0.55,0.15,0.45,0.0625,14,municipio_familia,GAUCHA DO NORTE,gal_lacen_microdados,>=2024
tuberculose,32,1,1.7180555555555554,254.11499999999995,0.7857142857142857,0.6,0.7333333333333333,0.03125,17,municipio_familia,INDIAVAI,gal_lacen_microdados,>=2024
tuberculose,32,1,7.692361111111111,32.152916666666655,0.8461538461538461,0.26666666666666666,0.4,0.09375,15,municipio_familia,NOVA MONTE VERDE,gal_lacen_microdados,>=2024
arbovirose,32,1,14.564930555555556,95.75520833333334,0.17391304347826086,0.0,0.3076923076923077,0.0625,12,municipio_familia,PORTO ESTRELA,gal_lacen_microdados,>=2024
hepatite,32,1,152.3875,152.38819444444445,0.35714285714285715,0.23529411764705882,0.47058823529411764,0.0,10,municipio_familia,SERRA NOVA DOURADA,gal_lacen_microdados,>=2024
respiratorio,32,1,3.314583333333333,239.47520833333334,0.5555555555555556,0.0,0.5357142857142857,0.3125,4,municipio_familia,UNIAO DO SUL,gal_lacen_microdados,>=2024
tuberculose,31,1,8.660416666666666,148.48180555555555,0.6190476190476191,0.2608695652173913,0.43478260869565216,0.06451612903225806,7,municipio_familia,NOVA MARINGA,gal_lacen_microdados,>=2024
outros,31,1,8.446527777777778,98.75194444444445,0.6,0.4117647058823529,0.47058823529411764,0.0,3,municipio_familia,PORTO DOS GAUCHOS,gal_lacen_microdados,>=2024
arbovirose,30,1,,,,,,0.0,27,municipio_familia,ALTO BOA VISTA,gal_lacen_microdados,>=2024
respiratorio,30,1,31.22222222222222,92.65347222222222,0.38095238095238093,0.25,0.4166666666666667,0.3333333333333333,5,municipio_familia,COTRIGUACU,gal_lacen_microdados,>=2024
respiratorio,30,1,3.5322916666666666,95.42361111111111,0.6111111111111112,0.4444444444444444,0.7222222222222222,0.36666666666666664,7,municipio_familia,MATUPA,gal_lacen_microdados,>=2024
hepatite,30,1,12.454166666666667,93.42569444444445,0.23809523809523808,0.14814814814814814,0.25925925925925924,0.0,10,municipio_familia,NOVO MUNDO,gal_lacen_microdados,>=2024
outros,30,1,3.5420138888888886,60.74652777777778,0.42857142857142855,0.125,0.625,0.0,5,municipio_familia,PARANATINGA,gal_lacen_microdados,>=2024
hepatite,30,1,13.993402777777778,93.425,0.125,0.2857142857142857,0.42857142857142855,0.0,9,municipio_familia,RIBEIRAO CASCALHEIRA,gal_lacen_microdados,>=2024
hepatite,30,1,9.687152777777778,185.42493055555556,0.4090909090909091,0.125,0.20833333333333334,0.03333333333333333,11,municipio_familia,SAO JOSE DOS QUATRO MARCOS,gal_lacen_microdados,>=2024
respiratorio,29,1,4.375,149.5638888888889,0.5263157894736842,0.42857142857142855,0.7142857142857143,0.27586206896551724,4,municipio_familia,ACORIZAL,gal_lacen_microdados,>=2024
tuberculose,29,1,3.5444444444444443,75.08527777777782,0.6363636363636364,0.35714285714285715,0.6428571428571429,0.06896551724137931,17,municipio_familia,NOVA BANDEIRANTES,gal_lacen_microdados,>=2024
outros,29,1,2.640972222222222,29.353472222222223,0.8333333333333334,0.2727272727272727,0.8181818181818182,0.0,2,municipio_familia,UNIAO DO SUL,gal_lacen_microdados,>=2024
outros,28,1,1.4347222222222222,170.29236111111115,0.2727272727272727,0.5652173913043478,0.5652173913043478,0.17857142857142858,5,municipio_familia,ALTO ARAGUAIA,gal_lacen_microdados,>=2024
hepatite,28,1,6.397222222222222,30.963194444444444,0.26666666666666666,0.10526315789473684,0.5263157894736842,0.0,15,municipio_familia,APIACAS,gal_lacen_microdados,>=2024
respiratorio,28,1,5.618055555555555,61.50416666666667,0.8,0.09090909090909091,0.6363636363636364,0.10714285714285714,19,municipio_familia,APIACAS,gal_lacen_microdados,>=2024
tuberculose,28,1,2.9920138888888888,12.651111111111112,0.9285714285714286,0.42857142857142855,0.6428571428571429,0.0,11,municipio_familia,IPIRANGA DO NORTE,gal_lacen_microdados,>=2024
respiratorio,28,1,2.790277777777778,8.870000000000001,0.42857142857142855,0.2222222222222222,0.6666666666666666,0.2857142857142857,13,municipio_familia,NOVA SANTA HELENA,gal_lacen_microdados,>=2024
hepatite,28,1,5.479166666666667,59.49513888888889,0.5,0.2857142857142857,0.7142857142857143,0.0,16,municipio_familia,PORTO ALEGRE DO NORTE,gal_lacen_microdados,>=2024
hepatite,28,1,2.5430555555555556,16.62027777777778,0.6,0.4117647058823529,0.7058823529411765,0.0,14,municipio_familia,ROSARIO OESTE,gal_lacen_microdados,>=2024
hepatite,27,1,1.44375,32.46472222222258,1.0,0.65,0.9,0.0,9,municipio_familia,CLAUDIA,gal_lacen_microdados,>=2024
outros,27,1,4.479861111111111,187.61493055555556,0.6153846153846154,0.375,0.6875,0.0,1,municipio_familia,JAURU,gal_lacen_microdados,>=2024
arbovirose,26,1,2.7111111111111112,29.366666666666667,0.5238095238095238,0.14285714285714285,0.7619047619047619,0.07692307692307693,2,municipio_familia,ALTO TAQUARI,gal_lacen_microdados,>=2024
outros,26,1,109.43125,119.71111111111111,0.07692307692307693,0.058823529411764705,0.11764705882352941,0.0,0,municipio_familia,BOM JESUS DO ARAGUAIA,gal_lacen_microdados,>=2024
outros,26,1,8.640277777777778,13.782222222222222,0.3333333333333333,0.14285714285714285,0.42857142857142855,0.0,2,municipio_familia,ITAUBA,gal_lacen_microdados,>=2024
hepatite,26,1,6.126388888888889,51.03430555555559,0.45454545454545453,0.21428571428571427,0.5714285714285714,0.0,15,municipio_familia,JACIARA,gal_lacen_microdados,>=2024
respiratorio,26,1,4.507638888888889,181.50416666666666,0.6842105263157895,0.15789473684210525,0.5789473684210527,0.2692307692307692,5,municipio_familia,NORTELANDIA,gal_lacen_microdados,>=2024
arbovirose,26,1,16.110416666666666,31.294305555555557,0.3333333333333333,0.0,0.3333333333333333,0.0,2,municipio_familia,SAO JOSE DO POVO,gal_lacen_microdados,>=2024
respiratorio,26,1,3.3944444444444444,107.83305555555555,0.7692307692307693,0.4,0.7333333333333333,0.23076923076923078,10,municipio_familia,VILA RICA,gal_lacen_microdados,>=2024
respiratorio,25,1,7.477083333333334,39.49583333333333,0.5238095238095238,0.09523809523809523,0.42857142857142855,0.12,4,municipio_familia,ARENAPOLIS,gal_lacen_microdados,>=2024
hepatite,25,1,7.551388888888889,22.857222222222216,0.2857142857142857,0.21052631578947367,0.47368421052631576,0.0,11,municipio_familia,COMODORO,gal_lacen_microdados,>=2024
hepatite,25,1,15.363194444444444,86.66194444444444,0.17647058823529413,0.10526315789473684,0.15789473684210525,0.0,14,municipio_familia,ITAUBA,gal_lacen_microdados,>=2024
hepatite,25,1,8.090625,231.8696527777781,0.07692307692307693,0.07142857142857142,0.42857142857142855,0.0,13,municipio_familia,JANGADA,gal_lacen_microdados,>=2024
respiratorio,25,1,1.9989583333333334,211.96000000000032,0.6470588235294118,0.5,0.7727272727272727,0.24,11,municipio_familia,PORTO ALEGRE DO NORTE,gal_lacen_microdados,>=2024
respiratorio,25,1,2.5909722222222222,178.63055555555556,0.42857142857142855,0.058823529411764705,0.8235294117647058,0.12,8,municipio_familia,PORTO ESPERIDIAO,gal_lacen_microdados,>=2024
outros,25,1,185.7798611111111,185.7798611111111,0.5,0.2,0.4,0.0,7,municipio_familia,RIO BRANCO,gal_lacen_microdados,>=2024
respiratorio,24,1,2.707638888888889,4.557638888888889,0.631578947368421,0.23809523809523808,0.9047619047619048,0.16666666666666666,7,municipio_familia,BARAO DE MELGACO,gal_lacen_microdados,>=2024
tuberculose,24,1,1.6024305555555556,36.412291666666675,0.7647058823529411,0.5555555555555556,0.7222222222222222,0.125,12,municipio_familia,BOM JESUS DO ARAGUAIA,gal_lacen_microdados,>=2024
hepatite,24,1,1.4194444444444445,130.03916666666674,0.8260869565217391,0.5652173913043478,0.6086956521739131,0.041666666666666664,2,municipio_familia,NOVA OLIMPIA,gal_lacen_microdados,>=2024
tuberculose,23,1,5.598611111111111,47.28763888888889,0.25,0.17647058823529413,0.7058823529411765,0.08695652173913043,14,municipio_familia,ALTO BOA VISTA,gal_lacen_microdados,>=2024
tuberculose,23,1,5.661111111111111,9.389583333333336,0.8888888888888888,0.2222222222222222,0.7222222222222222,0.08695652173913043,5,municipio_familia,CURVELANDIA,gal_lacen_microdados,>=2024
hepatite,23,1,5.9788194444444445,150.48340277777783,0.6,0.05,0.6,0.0,4,municipio_familia,NOVA UBIRATA,gal_lacen_microdados,>=2024
hepatite,22,1,3.0545138888888888,18.077638888888895,0.5294117647058824,0.5,0.6666666666666666,0.0,12,municipio_familia,CAMPOS DE JULIO,gal_lacen_microdados,>=2024
outros,22,1,85.625,121.22958333333334,0.26666666666666666,0.2,0.3333333333333333,0.045454545454545456,2,municipio_familia,CASTANHEIRA,gal_lacen_microdados,>=2024
outros,22,1,31.290277777777778,87.10875,0.2222222222222222,0.11764705882352941,0.23529411764705882,0.0,2,municipio_familia,IPIRANGA DO NORTE,gal_lacen_microdados,>=2024
tuberculose,22,1,21.885416666666668,98.50166666666664,0.5294117647058824,0.21052631578947367,0.42105263157894735,0.18181818181818182,6,municipio_familia,ITAUBA,gal_lacen_microdados,>=2024
tuberculose,22,1,6.291666666666667,59.60486111111111,0.5,0.058823529411764705,0.5294117647058824,0.13636363636363635,3,municipio_familia,LUCIARA,gal_lacen_microdados,>=2024
hepatite,22,1,8.433333333333334,57.8351388888889,0.1,0.3333333333333333,0.4166666666666667,0.045454545454545456,9,municipio_familia,NORTELANDIA,gal_lacen_microdados,>=2024
tuberculose,22,1,2.6194444444444445,31.88902777777777,0.5714285714285714,0.4666666666666667,0.7333333333333333,0.09090909090909091,10,municipio_familia,NOVA GUARITA,gal_lacen_microdados,>=2024
outros,22,1,20.603472222222223,73.70152777777781,0.0,0.0,0.0,0.045454545454545456,4,municipio_familia,PONTAL DO ARAGUAIA,gal_lacen_microdados,>=2024
arbovirose,22,1,18.494444444444444,241.67430555555555,0.3076923076923077,0.23076923076923078,0.38461538461538464,0.0,6,municipio_familia,PORTO ALEGRE DO NORTE,gal_lacen_microdados,>=2024
outros,22,1,59.364583333333336,69.59652777777778,0.3333333333333333,0.0625,0.125,0.09090909090909091,5,municipio_familia,SANTA RITA DO TRIVELATO,gal_lacen_microdados,>=2024
arbovirose,22,1,17.78298611111111,264.6486111111111,0.35,0.1,0.35,0.045454545454545456,7,municipio_familia,SAO PEDRO DA CIPA,gal_lacen_microdados,>=2024
outros,21,1,4.5125,7.153263888888889,1.0,0.0,0.75,0.0,1,municipio_familia,APIACAS,gal_lacen_microdados,>=2024
respiratorio,21,1,19.428124999999998,139.90173611111112,0.5333333333333333,0.3125,0.4375,0.23809523809523808,5,municipio_familia,NOVA NAZARE,gal_lacen_microdados,>=2024
hepatite,21,1,7.529166666666667,36.578472222222224,0.2222222222222222,0.18181818181818182,0.45454545454545453,0.0,12,municipio_familia,PORTO ESPERIDIAO,gal_lacen_microdados,>=2024
outros,21,1,2.26875,99.805625,0.8,0.5,0.8,0.0,13,municipio_familia,PORTO ESTRELA,gal_lacen_microdados,>=2024
tuberculose,21,1,3.4027777777777777,9.363333333333337,1.0,0.3076923076923077,0.8461538461538461,0.09523809523809523,5,municipio_familia,RIBEIRAO CASCALHEIRA,gal_lacen_microdados,>=2024
tuberculose,21,1,4.395833333333333,9.324305555555556,1.0,0.2,0.8,0.047619047619047616,15,municipio_familia,TABAPORA,gal_lacen_microdados,>=2024
tuberculose,21,1,4.625,264.2965277777778,0.7857142857142857,0.42857142857142855,0.5714285714285714,0.09523809523809523,15,municipio_familia,TESOURO,gal_lacen_microdados,>=2024
respiratorio,20,1,4.087847222222223,91.48125,0.5,0.42857142857142855,0.7142857142857143,0.3,3,municipio_familia,ALTO ARAGUAIA,gal_lacen_microdados,>=2024
respiratorio,20,1,0.38125,3.298402777777778,0.7777777777777778,0.75,1.0,0.3,7,municipio_familia,DOM AQUINO,gal_lacen_microdados,>=2024
outros,20,1,66.65833333333333,221.43041666666667,0.0,0.14285714285714285,0.14285714285714285,0.1,2,municipio_familia,NOVA NAZARE,gal_lacen_microdados,>=2024
outros,20,1,33.009375,62.533541666666665,1.0,0.0,0.5,0.0,4,municipio_familia,RIBEIRAOZINHO,gal_lacen_microdados,>=2024
respiratorio,20,1,5.4125,147.47083333333333,0.23529411764705882,0.23529411764705882,0.5882352941176471,0.15,3,municipio_familia,RIO BRANCO,gal_lacen_microdados,>=2024
hepatite,20,1,10.470138888888888,278.2290277777778,0.26666666666666666,0.058823529411764705,0.35294117647058826,0.0,7,municipio_familia,SAO PEDRO DA CIPA,gal_lacen_microdados,>=2024
