target,forecast_step,forecast_epi_year,forecast_epi_week,forecast_tests,forecast_tests_low,forecast_tests_high,forecast_positividade,forecast_notificacoes,metodo,modelo_versao
bacteremia_bact_rias_cultura,1,2026,35,1.43,0.99,1.86,0.0,0.0,ewma_span4_tail8,baseline_v1
bacteremia_bact_rias_cultura,2,2026,36,1.43,0.99,1.86,0.0,0.0,ewma_span4_tail8,baseline_v1
bacteremia_bact_rias_cultura,3,2026,37,1.43,0.99,1.86,0.0,0.0,ewma_span4_tail8,baseline_v1
bacteremia_bact_rias_cultura,4,2026,38,1.43,0.99,1.86,0.0,0.0,ewma_span4_tail8,baseline_v1
bacteremia_bact_rias_teste_de_sensibilidade,1,2026,26,1.02,0.69,1.35,0.0,0.0,ewma_span4_tail8,baseline_v1
bacteremia_bact_rias_teste_de_sensibilidade,2,2026,27,1.02,0.69,1.35,0.0,0.0,ewma_span4_tail8,baseline_v1
bacteremia_bact_rias_teste_de_sensibilidade,3,2026,28,1.02,0.69,1.35,0.0,0.0,ewma_span4_tail8,baseline_v1
bacteremia_bact_rias_teste_de_sensibilidade,4,2026,29,1.02,0.69,1.35,0.0,0.0,ewma_span4_tail8,baseline_v1
brucelose_brucelose,1,2026,37,2.11,1.25,2.97,0.0,0.0,ewma_span4_tail8,baseline_v1
brucelose_brucelose,2,2026,38,2.11,1.25,2.97,0.0,0.0,ewma_span4_tail8,baseline_v1
brucelose_brucelose,3,2026,39,2.11,1.25,2.97,0.0,0.0,ewma_span4_tail8,baseline_v1
brucelose_brucelose,4,2026,40,2.11,1.25,2.97,0.0,0.0,ewma_span4_tail8,baseline_v1
brucelose_brucelose_igg,1,2026,37,2.07,0.91,3.24,0.0,0.0,ewma_span4_tail8,baseline_v1
brucelose_brucelose_igg,2,2026,38,2.07,0.91,3.24,0.0,0.0,ewma_span4_tail8,baseline_v1
brucelose_brucelose_igg,3,2026,39,2.07,0.91,3.24,0.0,0.0,ewma_span4_tail8,baseline_v1
brucelose_brucelose_igg,4,2026,40,2.07,0.91,3.24,0.0,0.0,ewma_span4_tail8,baseline_v1
brucelose_brucelose_igm,1,2026,37,2.07,0.91,3.24,0.0,0.0,ewma_span4_tail8,baseline_v1
brucelose_brucelose_igm,2,2026,38,2.07,0.91,3.24,0.0,0.0,ewma_span4_tail8,baseline_v1
brucelose_brucelose_igm,3,2026,39,2.07,0.91,3.24,0.0,0.0,ewma_span4_tail8,baseline_v1
brucelose_brucelose_igm,4,2026,40,2.07,0.91,3.24,0.0,0.0,ewma_span4_tail8,baseline_v1
caxumba_caxumba_biologia_molecular,1,2026,35,1.6,1.11,2.08,0.0,0.0,ewma_span4_tail8,baseline_v1
caxumba_caxumba_biologia_molecular,2,2026,36,1.6,1.11,2.08,0.0,0.0,ewma_span4_tail8,baseline_v1
caxumba_caxumba_biologia_molecular,3,2026,37,1.6,1.11,2.08,0.0,0.0,ewma_span4_tail8,baseline_v1
caxumba_caxumba_biologia_molecular,4,2026,38,1.6,1.11,2.08,0.0,0.0,ewma_span4_tail8,baseline_v1
chikungunya,1,2026,37,16.94,12.07,21.81,0.0,0.0,ewma_span4_tail8,baseline_v1
chikungunya,2,2026,38,16.94,12.07,21.81,0.0,0.0,ewma_span4_tail8,baseline_v1
chikungunya,3,2026,39,16.94,12.07,21.81,0.0,0.0,ewma_span4_tail8,baseline_v1
chikungunya,4,2026,40,16.94,12.07,21.81,0.0,0.0,ewma_span4_tail8,baseline_v1
citomegalov_rus_citomegalov_rus_igg,1,2026,36,1.02,0.69,1.35,0.0,0.0,ewma_span4_tail8,baseline_v1
citomegalov_rus_citomegalov_rus_igg,2,2026,37,1.02,0.69,1.35,0.0,0.0,ewma_span4_tail8,baseline_v1
citomegalov_rus_citomegalov_rus_igg,3,2026,38,1.02,0.69,1.35,0.0,0.0,ewma_span4_tail8,baseline_v1
citomegalov_rus_citomegalov_rus_igg,4,2026,39,1.02,0.69,1.35,0.0,0.0,ewma_span4_tail8,baseline_v1
citomegalov_rus_citomegalov_rus_igg_avidez,1,2026,36,1.04,0.38,1.7,0.0,0.0,ewma_span4_tail8,baseline_v1
citomegalov_rus_citomegalov_rus_igg_avidez,2,2026,37,1.04,0.38,1.7,0.0,0.0,ewma_span4_tail8,baseline_v1
citomegalov_rus_citomegalov_rus_igg_avidez,3,2026,38,1.04,0.38,1.7,0.0,0.0,ewma_span4_tail8,baseline_v1
citomegalov_rus_citomegalov_rus_igg_avidez,4,2026,39,1.04,0.38,1.7,0.0,0.0,ewma_span4_tail8,baseline_v1
citomegalov_rus_citomegalov_rus_igm,1,2026,36,1.02,0.69,1.35,0.0,0.0,ewma_span4_tail8,baseline_v1
citomegalov_rus_citomegalov_rus_igm,2,2026,37,1.02,0.69,1.35,0.0,0.0,ewma_span4_tail8,baseline_v1
citomegalov_rus_citomegalov_rus_igm,3,2026,38,1.02,0.69,1.35,0.0,0.0,ewma_span4_tail8,baseline_v1
citomegalov_rus_citomegalov_rus_igm,4,2026,39,1.02,0.69,1.35,0.0,0.0,ewma_span4_tail8,baseline_v1
coqueluche_bordetella,1,2026,36,1.0,1.0,1.0,0.0,0.0,ewma_span4_tail8,baseline_v1
coqueluche_bordetella,2,2026,37,1.0,1.0,1.0,0.0,0.0,ewma_span4_tail8,baseline_v1
coqueluche_bordetella,3,2026,38,1.0,1.0,1.0,0.0,0.0,ewma_span4_tail8,baseline_v1
coqueluche_bordetella,4,2026,39,1.0,1.0,1.0,0.0,0.0,ewma_span4_tail8,baseline_v1
coqueluche_coqueluche_detec_o_de_bordetella_pertussis,1,2026,26,2.46,1.13,3.78,0.0,0.0,ewma_span4_tail8,baseline_v1
coqueluche_coqueluche_detec_o_de_bordetella_pertussis,2,2026,27,2.46,1.13,3.78,0.0,0.0,ewma_span4_tail8,baseline_v1
coqueluche_coqueluche_detec_o_de_bordetella_pertussis,3,2026,28,2.46,1.13,3.78,0.0,0.0,ewma_span4_tail8,baseline_v1
coqueluche_coqueluche_detec_o_de_bordetella_pertussis,4,2026,29,2.46,1.13,3.78,0.0,0.0,ewma_span4_tail8,baseline_v1
coqueluche_v_rus_respirat_rios,1,2026,16,1.97,0.16,3.78,0.0,0.0,ewma_span4_tail8,baseline_v1
coqueluche_v_rus_respirat_rios,2,2026,17,1.97,0.16,3.78,0.0,0.0,ewma_span4_tail8,baseline_v1
coqueluche_v_rus_respirat_rios,3,2026,18,1.97,0.16,3.78,0.0,0.0,ewma_span4_tail8,baseline_v1
coqueluche_v_rus_respirat_rios,4,2026,19,1.97,0.16,3.78,0.0,0.0,ewma_span4_tail8,baseline_v1
criptococose_criptococos,1,2026,37,1.02,0.69,1.35,0.0,0.0,ewma_span4_tail8,baseline_v1
criptococose_criptococos,2,2026,38,1.02,0.69,1.35,0.0,0.0,ewma_span4_tail8,baseline_v1
criptococose_criptococos,3,2026,39,1.02,0.69,1.35,0.0,0.0,ewma_span4_tail8,baseline_v1
criptococose_criptococos,4,2026,40,1.02,0.69,1.35,0.0,0.0,ewma_span4_tail8,baseline_v1
criptococose_criptococos_teste_r_pido,1,2026,35,3.74,2.35,5.13,0.0321,0.0,ewma_span4_tail8,baseline_v1
criptococose_criptococos_teste_r_pido,2,2026,36,3.74,2.35,5.13,0.0321,0.0,ewma_span4_tail8,baseline_v1
criptococose_criptococos_teste_r_pido,3,2026,37,3.74,2.35,5.13,0.0321,0.0,ewma_span4_tail8,baseline_v1
criptococose_criptococos_teste_r_pido,4,2026,38,3.74,2.35,5.13,0.0321,0.0,ewma_span4_tail8,baseline_v1
criptococose_cultura_para_fungos,1,2026,20,1.57,1.09,2.06,0.2269,0.0,ewma_span4_tail8,baseline_v1
criptococose_cultura_para_fungos,2,2026,21,1.57,1.09,2.06,0.2269,0.0,ewma_span4_tail8,baseline_v1
criptococose_cultura_para_fungos,3,2026,22,1.57,1.09,2.06,0.2269,0.0,ewma_span4_tail8,baseline_v1
criptococose_cultura_para_fungos,4,2026,23,1.57,1.09,2.06,0.2269,0.0,ewma_span4_tail8,baseline_v1
criptococose_fungos,1,2026,20,1.05,0.61,1.48,0.0829,0.0,ewma_span4_tail8,baseline_v1
criptococose_fungos,2,2026,21,1.05,0.61,1.48,0.0829,0.0,ewma_span4_tail8,baseline_v1
criptococose_fungos,3,2026,22,1.05,0.61,1.48,0.0829,0.0,ewma_span4_tail8,baseline_v1
criptococose_fungos,4,2026,23,1.05,0.61,1.48,0.0829,0.0,ewma_span4_tail8,baseline_v1
criptococose_fungos_teste_de_sensibilidade,1,2026,20,1.63,1.13,2.12,0.0,0.0,ewma_span4_tail8,baseline_v1
criptococose_fungos_teste_de_sensibilidade,2,2026,21,1.63,1.13,2.12,0.0,0.0,ewma_span4_tail8,baseline_v1
criptococose_fungos_teste_de_sensibilidade,3,2026,22,1.63,1.13,2.12,0.0,0.0,ewma_span4_tail8,baseline_v1
criptococose_fungos_teste_de_sensibilidade,4,2026,23,1.63,1.13,2.12,0.0,0.0,ewma_span4_tail8,baseline_v1
dengue,1,2026,37,196.19,109.07,283.31,0.0026,0.0,ewma_span4_tail8,baseline_v1
dengue,2,2026,38,196.19,109.07,283.31,0.0026,0.0,ewma_span4_tail8,baseline_v1
dengue,3,2026,39,196.19,109.07,283.31,0.0026,0.0,ewma_span4_tail8,baseline_v1
dengue,4,2026,40,196.19,109.07,283.31,0.0026,0.0,ewma_span4_tail8,baseline_v1
difteria_pesquisa_de_arbov_rus_zdc,1,2025,27,1.0,1.0,1.0,0.0,0.0,ewma_span4_tail8,baseline_v1
difteria_pesquisa_de_arbov_rus_zdc,2,2025,28,1.0,1.0,1.0,0.0,0.0,ewma_span4_tail8,baseline_v1
difteria_pesquisa_de_arbov_rus_zdc,3,2025,29,1.0,1.0,1.0,0.0,0.0,ewma_span4_tail8,baseline_v1
difteria_pesquisa_de_arbov_rus_zdc,4,2025,30,1.0,1.0,1.0,0.0,0.0,ewma_span4_tail8,baseline_v1
doen_a_de_chagas_chagas,1,2026,35,1.16,0.73,1.6,0.0,0.0,ewma_span4_tail8,baseline_v1
doen_a_de_chagas_chagas,2,2026,36,1.16,0.73,1.6,0.0,0.0,ewma_span4_tail8,baseline_v1
doen_a_de_chagas_chagas,3,2026,37,1.16,0.73,1.6,0.0,0.0,ewma_span4_tail8,baseline_v1
doen_a_de_chagas_chagas,4,2026,38,1.16,0.73,1.6,0.0,0.0,ewma_span4_tail8,baseline_v1
doen_a_de_chagas_chagas_igg,1,2026,37,3.32,0.55,6.09,0.0,0.0,ewma_span4_tail8,baseline_v1
doen_a_de_chagas_chagas_igg,2,2026,38,3.32,0.55,6.09,0.0,0.0,ewma_span4_tail8,baseline_v1
doen_a_de_chagas_chagas_igg,3,2026,39,3.32,0.55,6.09,0.0,0.0,ewma_span4_tail8,baseline_v1
doen_a_de_chagas_chagas_igg,4,2026,40,3.32,0.55,6.09,0.0,0.0,ewma_span4_tail8,baseline_v1
doen_a_de_chagas_chagas_igm,1,2026,35,2.22,1.44,3.0,0.0,0.0,ewma_span4_tail8,baseline_v1
doen_a_de_chagas_chagas_igm,2,2026,36,2.22,1.44,3.0,0.0,0.0,ewma_span4_tail8,baseline_v1
doen_a_de_chagas_chagas_igm,3,2026,37,2.22,1.44,3.0,0.0,0.0,ewma_span4_tail8,baseline_v1
doen_a_de_chagas_chagas_igm,4,2026,38,2.22,1.44,3.0,0.0,0.0,ewma_span4_tail8,baseline_v1
doen_a_de_chagas_cr_nica_chagas_igg,1,2026,35,1.0,1.0,1.0,0.0,0.0,ewma_span4_tail8,baseline_v1
doen_a_de_chagas_cr_nica_chagas_igg,2,2026,36,1.0,1.0,1.0,0.0,0.0,ewma_span4_tail8,baseline_v1
doen_a_de_chagas_cr_nica_chagas_igg,3,2026,37,1.0,1.0,1.0,0.0,0.0,ewma_span4_tail8,baseline_v1
doen_a_de_chagas_cr_nica_chagas_igg,4,2026,38,1.0,1.0,1.0,0.0,0.0,ewma_span4_tail8,baseline_v1
doen_a_de_chagas_pesquisa_de_arbov_rus_zdc,1,2026,19,1.14,0.71,1.57,0.0,0.0,ewma_span4_tail8,baseline_v1
doen_a_de_chagas_pesquisa_de_arbov_rus_zdc,2,2026,20,1.14,0.71,1.57,0.0,0.0,ewma_span4_tail8,baseline_v1
doen_a_de_chagas_pesquisa_de_arbov_rus_zdc,3,2026,21,1.14,0.71,1.57,0.0,0.0,ewma_span4_tail8,baseline_v1
doen_a_de_chagas_pesquisa_de_arbov_rus_zdc,4,2026,22,1.14,0.71,1.57,0.0,0.0,ewma_span4_tail8,baseline_v1
doen_a_de_lyme_lyme_igg,1,2026,35,1.4,1.07,1.73,0.0,0.0,ewma_span4_tail8,baseline_v1
doen_a_de_lyme_lyme_igg,2,2026,36,1.4,1.07,1.73,0.0,0.0,ewma_span4_tail8,baseline_v1
doen_a_de_lyme_lyme_igg,3,2026,37,1.4,1.07,1.73,0.0,0.0,ewma_span4_tail8,baseline_v1
doen_a_de_lyme_lyme_igg,4,2026,38,1.4,1.07,1.73,0.0,0.0,ewma_span4_tail8,baseline_v1
doen_a_de_lyme_lyme_igm,1,2026,35,1.4,1.07,1.73,0.0,0.0,ewma_span4_tail8,baseline_v1
doen_a_de_lyme_lyme_igm,2,2026,36,1.4,1.07,1.73,0.0,0.0,ewma_span4_tail8,baseline_v1
doen_a_de_lyme_lyme_igm,3,2026,37,1.4,1.07,1.73,0.0,0.0,ewma_span4_tail8,baseline_v1
doen_a_de_lyme_lyme_igm,4,2026,38,1.4,1.07,1.73,0.0,0.0,ewma_span4_tail8,baseline_v1
doen_as_diarr_icas_gastroenterite_bact_rias_cultura,1,2026,36,3.05,0.0,6.43,0.0,0.0,ewma_span4_tail8,baseline_v1
doen_as_diarr_icas_gastroenterite_bact_rias_cultura,2,2026,37,3.05,0.0,6.43,0.0,0.0,ewma_span4_tail8,baseline_v1
doen_as_diarr_icas_gastroenterite_bact_rias_cultura,3,2026,38,3.05,0.0,6.43,0.0,0.0,ewma_span4_tail8,baseline_v1
doen_as_diarr_icas_gastroenterite_bact_rias_cultura,4,2026,39,3.05,0.0,6.43,0.0,0.0,ewma_span4_tail8,baseline_v1
doen_as_sexualmente_transmitidas_pesquisa_de_multipat_genos_ist,1,2026,37,11.89,9.34,14.44,0.0,0.0,ewma_span4_tail8,baseline_v1
doen_as_sexualmente_transmitidas_pesquisa_de_multipat_genos_ist,2,2026,38,11.89,9.34,14.44,0.0,0.0,ewma_span4_tail8,baseline_v1
doen_as_sexualmente_transmitidas_pesquisa_de_multipat_genos_ist,3,2026,39,11.89,9.34,14.44,0.0,0.0,ewma_span4_tail8,baseline_v1
doen_as_sexualmente_transmitidas_pesquisa_de_multipat_genos_ist,4,2026,40,11.89,9.34,14.44,0.0,0.0,ewma_span4_tail8,baseline_v1
doenca_de_chagas_aguda_chagas,1,2026,35,1.16,0.73,1.6,0.0093,0.0,ewma_span4_tail8,baseline_v1
doenca_de_chagas_aguda_chagas,2,2026,36,1.16,0.73,1.6,0.0093,0.0,ewma_span4_tail8,baseline_v1
doenca_de_chagas_aguda_chagas,3,2026,37,1.16,0.73,1.6,0.0093,0.0,ewma_span4_tail8,baseline_v1
doenca_de_chagas_aguda_chagas,4,2026,38,1.16,0.73,1.6,0.0093,0.0,ewma_span4_tail8,baseline_v1
doenca_de_chagas_aguda_chagas_igg,1,2026,37,1.4,0.74,2.06,0.0,0.0,ewma_span4_tail8,baseline_v1
doenca_de_chagas_aguda_chagas_igg,2,2026,38,1.4,0.74,2.06,0.0,0.0,ewma_span4_tail8,baseline_v1
doenca_de_chagas_aguda_chagas_igg,3,2026,39,1.4,0.74,2.06,0.0,0.0,ewma_span4_tail8,baseline_v1
doenca_de_chagas_aguda_chagas_igg,4,2026,40,1.4,0.74,2.06,0.0,0.0,ewma_span4_tail8,baseline_v1
doenca_de_chagas_aguda_chagas_igm,1,2026,36,1.55,1.12,1.98,0.0,0.0,ewma_span4_tail8,baseline_v1
doenca_de_chagas_aguda_chagas_igm,2,2026,37,1.55,1.12,1.98,0.0,0.0,ewma_span4_tail8,baseline_v1
doenca_de_chagas_aguda_chagas_igm,3,2026,38,1.55,1.12,1.98,0.0,0.0,ewma_span4_tail8,baseline_v1
doenca_de_chagas_aguda_chagas_igm,4,2026,39,1.55,1.12,1.98,0.0,0.0,ewma_span4_tail8,baseline_v1
esporotricose_humana_cultura_para_fungos,1,2026,36,2.44,0.95,3.94,0.0,0.0,ewma_span4_tail8,baseline_v1
esporotricose_humana_cultura_para_fungos,2,2026,37,2.44,0.95,3.94,0.0,0.0,ewma_span4_tail8,baseline_v1
esporotricose_humana_cultura_para_fungos,3,2026,38,2.44,0.95,3.94,0.0,0.0,ewma_span4_tail8,baseline_v1
esporotricose_humana_cultura_para_fungos,4,2026,39,2.44,0.95,3.94,0.0,0.0,ewma_span4_tail8,baseline_v1
esporotricose_humana_fungos,1,2026,36,3.01,0.64,5.38,0.0,0.0,ewma_span4_tail8,baseline_v1
esporotricose_humana_fungos,2,2026,37,3.01,0.64,5.38,0.0,0.0,ewma_span4_tail8,baseline_v1
esporotricose_humana_fungos,3,2026,38,3.01,0.64,5.38,0.0,0.0,ewma_span4_tail8,baseline_v1
esporotricose_humana_fungos,4,2026,39,3.01,0.64,5.38,0.0,0.0,ewma_span4_tail8,baseline_v1
esporotricose_humana_fungos_teste_de_sensibilidade,1,2026,36,2.55,1.14,3.96,0.0,0.0,ewma_span4_tail8,baseline_v1
esporotricose_humana_fungos_teste_de_sensibilidade,2,2026,37,2.55,1.14,3.96,0.0,0.0,ewma_span4_tail8,baseline_v1
esporotricose_humana_fungos_teste_de_sensibilidade,3,2026,38,2.55,1.14,3.96,0.0,0.0,ewma_span4_tail8,baseline_v1
esporotricose_humana_fungos_teste_de_sensibilidade,4,2026,39,2.55,1.14,3.96,0.0,0.0,ewma_span4_tail8,baseline_v1
esquistossomose_esquistossomose_sorologia,1,2026,25,1.25,0.75,1.75,0.0,0.0,ewma_span4_tail8,baseline_v1
esquistossomose_esquistossomose_sorologia,2,2026,26,1.25,0.75,1.75,0.0,0.0,ewma_span4_tail8,baseline_v1
esquistossomose_esquistossomose_sorologia,3,2026,27,1.25,0.75,1.75,0.0,0.0,ewma_span4_tail8,baseline_v1
esquistossomose_esquistossomose_sorologia,4,2026,28,1.25,0.75,1.75,0.0,0.0,ewma_span4_tail8,baseline_v1
febre_amarela,1,2026,34,4.81,2.23,7.4,0.0,0.0,ewma_span4_tail8,baseline_v1
febre_amarela,2,2026,35,4.81,2.23,7.4,0.0,0.0,ewma_span4_tail8,baseline_v1
febre_amarela,3,2026,36,4.81,2.23,7.4,0.0,0.0,ewma_span4_tail8,baseline_v1
febre_amarela,4,2026,37,4.81,2.23,7.4,0.0,0.0,ewma_span4_tail8,baseline_v1
febre_maculosa_rickettsioses_febre_maculosa_1a_amostra,1,2026,37,1.4,0.08,2.71,0.0,0.0,ewma_span4_tail8,baseline_v1
febre_maculosa_rickettsioses_febre_maculosa_1a_amostra,2,2026,38,1.4,0.08,2.71,0.0,0.0,ewma_span4_tail8,baseline_v1
febre_maculosa_rickettsioses_febre_maculosa_1a_amostra,3,2026,39,1.4,0.08,2.71,0.0,0.0,ewma_span4_tail8,baseline_v1
febre_maculosa_rickettsioses_febre_maculosa_1a_amostra,4,2026,40,1.4,0.08,2.71,0.0,0.0,ewma_span4_tail8,baseline_v1
febre_maculosa_rickettsioses_febre_maculosa_2a_amostra,1,2026,37,1.51,0.81,2.2,0.0,0.0,ewma_span4_tail8,baseline_v1
febre_maculosa_rickettsioses_febre_maculosa_2a_amostra,2,2026,38,1.51,0.81,2.2,0.0,0.0,ewma_span4_tail8,baseline_v1
febre_maculosa_rickettsioses_febre_maculosa_2a_amostra,3,2026,39,1.51,0.81,2.2,0.0,0.0,ewma_span4_tail8,baseline_v1
febre_maculosa_rickettsioses_febre_maculosa_2a_amostra,4,2026,40,1.51,0.81,2.2,0.0,0.0,ewma_span4_tail8,baseline_v1
febre_maculosa_rickettsioses_febre_maculosa_biologia_molecular,1,2026,37,1.89,0.48,3.31,0.0,0.0,ewma_span4_tail8,baseline_v1
febre_maculosa_rickettsioses_febre_maculosa_biologia_molecular,2,2026,38,1.89,0.48,3.31,0.0,0.0,ewma_span4_tail8,baseline_v1
febre_maculosa_rickettsioses_febre_maculosa_biologia_molecular,3,2026,39,1.89,0.48,3.31,0.0,0.0,ewma_span4_tail8,baseline_v1
febre_maculosa_rickettsioses_febre_maculosa_biologia_molecular,4,2026,40,1.89,0.48,3.31,0.0,0.0,ewma_span4_tail8,baseline_v1
febre_maculosa_rickettsioses_febre_maculosa_igg,1,2026,35,2.06,0.66,3.45,0.0,0.0,ewma_span4_tail8,baseline_v1
febre_maculosa_rickettsioses_febre_maculosa_igg,2,2026,36,2.06,0.66,3.45,0.0,0.0,ewma_span4_tail8,baseline_v1
febre_maculosa_rickettsioses_febre_maculosa_igg,3,2026,37,2.06,0.66,3.45,0.0,0.0,ewma_span4_tail8,baseline_v1
febre_maculosa_rickettsioses_febre_maculosa_igg,4,2026,38,2.06,0.66,3.45,0.0,0.0,ewma_span4_tail8,baseline_v1
febre_maculosa_rickettsioses_febre_maculosa_igm,1,2026,35,2.06,0.66,3.45,0.0,0.0,ewma_span4_tail8,baseline_v1
febre_maculosa_rickettsioses_febre_maculosa_igm,2,2026,36,2.06,0.66,3.45,0.0,0.0,ewma_span4_tail8,baseline_v1
febre_maculosa_rickettsioses_febre_maculosa_igm,3,2026,37,2.06,0.66,3.45,0.0,0.0,ewma_span4_tail8,baseline_v1
febre_maculosa_rickettsioses_febre_maculosa_igm,4,2026,38,2.06,0.66,3.45,0.0,0.0,ewma_span4_tail8,baseline_v1
febre_maculosa_rickettsioses_lyme_igg,1,2026,20,1.0,1.0,1.0,0.0,0.0,ewma_span4_tail8,baseline_v1
febre_maculosa_rickettsioses_lyme_igg,2,2026,21,1.0,1.0,1.0,0.0,0.0,ewma_span4_tail8,baseline_v1
febre_maculosa_rickettsioses_lyme_igg,3,2026,22,1.0,1.0,1.0,0.0,0.0,ewma_span4_tail8,baseline_v1
febre_maculosa_rickettsioses_lyme_igg,4,2026,23,1.0,1.0,1.0,0.0,0.0,ewma_span4_tail8,baseline_v1
febre_maculosa_rickettsioses_lyme_igm,1,2026,20,1.05,0.7,1.4,0.0,0.0,ewma_span4_tail8,baseline_v1
febre_maculosa_rickettsioses_lyme_igm,2,2026,21,1.05,0.7,1.4,0.0,0.0,ewma_span4_tail8,baseline_v1
febre_maculosa_rickettsioses_lyme_igm,3,2026,22,1.05,0.7,1.4,0.0,0.0,ewma_span4_tail8,baseline_v1
febre_maculosa_rickettsioses_lyme_igm,4,2026,23,1.05,0.7,1.4,0.0,0.0,ewma_span4_tail8,baseline_v1
filariose_filariose_parasitol_gico,1,2026,19,1.47,0.76,2.18,0.0,0.0,ewma_span4_tail8,baseline_v1
filariose_filariose_parasitol_gico,2,2026,20,1.47,0.76,2.18,0.0,0.0,ewma_span4_tail8,baseline_v1
filariose_filariose_parasitol_gico,3,2026,21,1.47,0.76,2.18,0.0,0.0,ewma_span4_tail8,baseline_v1
filariose_filariose_parasitol_gico,4,2026,22,1.47,0.76,2.18,0.0,0.0,ewma_span4_tail8,baseline_v1
filariose_filariose_pesquisa_do_ant_geno,1,2026,19,1.13,0.63,1.63,0.0,0.0,ewma_span4_tail8,baseline_v1
filariose_filariose_pesquisa_do_ant_geno,2,2026,20,1.13,0.63,1.63,0.0,0.0,ewma_span4_tail8,baseline_v1
filariose_filariose_pesquisa_do_ant_geno,3,2026,21,1.13,0.63,1.63,0.0,0.0,ewma_span4_tail8,baseline_v1
filariose_filariose_pesquisa_do_ant_geno,4,2026,22,1.13,0.63,1.63,0.0,0.0,ewma_span4_tail8,baseline_v1
hansen_ase_bact_rias_teste_de_sensibilidade,1,2026,36,1.79,1.11,2.48,0.0,0.0,ewma_span4_tail8,baseline_v1
hansen_ase_bact_rias_teste_de_sensibilidade,2,2026,37,1.79,1.11,2.48,0.0,0.0,ewma_span4_tail8,baseline_v1
hansen_ase_bact_rias_teste_de_sensibilidade,3,2026,38,1.79,1.11,2.48,0.0,0.0,ewma_span4_tail8,baseline_v1
hansen_ase_bact_rias_teste_de_sensibilidade,4,2026,39,1.79,1.11,2.48,0.0,0.0,ewma_span4_tail8,baseline_v1
hansen_ase_hansen_ase,1,2026,37,13.71,8.42,19.0,0.0,0.0,ewma_span4_tail8,baseline_v1
hansen_ase_hansen_ase,2,2026,38,13.71,8.42,19.0,0.0,0.0,ewma_span4_tail8,baseline_v1
hansen_ase_hansen_ase,3,2026,39,13.71,8.42,19.0,0.0,0.0,ewma_span4_tail8,baseline_v1
hansen_ase_hansen_ase,4,2026,40,13.71,8.42,19.0,0.0,0.0,ewma_span4_tail8,baseline_v1
hansen_ase_hansen_ase_biologia_molecular,1,2026,37,2.4,1.08,3.73,0.0,0.0,ewma_span4_tail8,baseline_v1
hansen_ase_hansen_ase_biologia_molecular,2,2026,38,2.4,1.08,3.73,0.0,0.0,ewma_span4_tail8,baseline_v1
hansen_ase_hansen_ase_biologia_molecular,3,2026,39,2.4,1.08,3.73,0.0,0.0,ewma_span4_tail8,baseline_v1
hansen_ase_hansen_ase_biologia_molecular,4,2026,40,2.4,1.08,3.73,0.0,0.0,ewma_span4_tail8,baseline_v1
hansen_ase_hansen_ase_teste_de_sensibilidade_genot_pico,1,2026,37,9.87,3.86,15.88,0.0,0.0,ewma_span4_tail8,baseline_v1
hansen_ase_hansen_ase_teste_de_sensibilidade_genot_pico,2,2026,38,9.87,3.86,15.88,0.0,0.0,ewma_span4_tail8,baseline_v1
hansen_ase_hansen_ase_teste_de_sensibilidade_genot_pico,3,2026,39,9.87,3.86,15.88,0.0,0.0,ewma_span4_tail8,baseline_v1
hansen_ase_hansen_ase_teste_de_sensibilidade_genot_pico,4,2026,40,9.87,3.86,15.88,0.0,0.0,ewma_span4_tail8,baseline_v1
hantavirus,1,2026,36,5.62,1.88,9.36,0.0,0.0,ewma_span4_tail8,baseline_v1
hantavirus,2,2026,37,5.62,1.88,9.36,0.0,0.0,ewma_span4_tail8,baseline_v1
hantavirus,3,2026,38,5.62,1.88,9.36,0.0,0.0,ewma_span4_tail8,baseline_v1
hantavirus,4,2026,39,5.62,1.88,9.36,0.0,0.0,ewma_span4_tail8,baseline_v1
hepatite,1,2026,36,11.84,4.46,19.22,0.1187,0.0,ewma_span4_tail8,baseline_v1
hepatite,2,2026,37,11.84,4.46,19.22,0.1187,0.0,ewma_span4_tail8,baseline_v1
hepatite,3,2026,38,11.84,4.46,19.22,0.1187,0.0,ewma_span4_tail8,baseline_v1
hepatite,4,2026,39,11.84,4.46,19.22,0.1187,0.0,ewma_span4_tail8,baseline_v1
hepatite_a,1,2026,37,8.96,3.07,14.86,0.0,0.0,ewma_span4_tail8,baseline_v1
hepatite_a,2,2026,38,8.96,3.07,14.86,0.0,0.0,ewma_span4_tail8,baseline_v1
hepatite_a,3,2026,39,8.96,3.07,14.86,0.0,0.0,ewma_span4_tail8,baseline_v1
hepatite_a,4,2026,40,8.96,3.07,14.86,0.0,0.0,ewma_span4_tail8,baseline_v1
hepatite_b_hbv,1,2026,37,130.84,81.09,180.6,0.0,0.0,ewma_span4_tail8,baseline_v1
hepatite_b_hbv,2,2026,38,130.84,81.09,180.6,0.0,0.0,ewma_span4_tail8,baseline_v1
hepatite_b_hbv,3,2026,39,130.84,81.09,180.6,0.0,0.0,ewma_span4_tail8,baseline_v1
hepatite_b_hbv,4,2026,40,130.84,81.09,180.6,0.0,0.0,ewma_span4_tail8,baseline_v1
hepatite_c_hcv,1,2026,37,26.31,15.86,36.76,0.0,0.0,ewma_span4_tail8,baseline_v1
hepatite_c_hcv,2,2026,38,26.31,15.86,36.76,0.0,0.0,ewma_span4_tail8,baseline_v1
hepatite_c_hcv,3,2026,39,26.31,15.86,36.76,0.0,0.0,ewma_span4_tail8,baseline_v1
hepatite_c_hcv,4,2026,40,26.31,15.86,36.76,0.0,0.0,ewma_span4_tail8,baseline_v1
herpes_simples_herpes_simplex_1_e_2_biologia_molecular,1,2026,37,1.09,0.76,1.42,0.0,0.0,ewma_span4_tail8,baseline_v1
herpes_simples_herpes_simplex_1_e_2_biologia_molecular,2,2026,38,1.09,0.76,1.42,0.0,0.0,ewma_span4_tail8,baseline_v1
herpes_simples_herpes_simplex_1_e_2_biologia_molecular,3,2026,39,1.09,0.76,1.42,0.0,0.0,ewma_span4_tail8,baseline_v1
herpes_simples_herpes_simplex_1_e_2_biologia_molecular,4,2026,40,1.09,0.76,1.42,0.0,0.0,ewma_span4_tail8,baseline_v1
herpes_simples_herpes_v_rus_igg,1,2026,37,1.14,0.81,1.47,0.0,0.0,ewma_span4_tail8,baseline_v1
herpes_simples_herpes_v_rus_igg,2,2026,38,1.14,0.81,1.47,0.0,0.0,ewma_span4_tail8,baseline_v1
herpes_simples_herpes_v_rus_igg,3,2026,39,1.14,0.81,1.47,0.0,0.0,ewma_span4_tail8,baseline_v1
herpes_simples_herpes_v_rus_igg,4,2026,40,1.14,0.81,1.47,0.0,0.0,ewma_span4_tail8,baseline_v1
herpes_simples_herpes_v_rus_igm,1,2026,37,1.14,0.81,1.47,0.0,0.0,ewma_span4_tail8,baseline_v1
herpes_simples_herpes_v_rus_igm,2,2026,38,1.14,0.81,1.47,0.0,0.0,ewma_span4_tail8,baseline_v1
herpes_simples_herpes_v_rus_igm,3,2026,39,1.14,0.81,1.47,0.0,0.0,ewma_span4_tail8,baseline_v1
herpes_simples_herpes_v_rus_igm,4,2026,40,1.14,0.81,1.47,0.0,0.0,ewma_span4_tail8,baseline_v1
hidatidose_hidatidose_igg,1,2026,27,1.16,0.66,1.66,0.0,0.0,ewma_span4_tail8,baseline_v1
hidatidose_hidatidose_igg,2,2026,28,1.16,0.66,1.66,0.0,0.0,ewma_span4_tail8,baseline_v1
hidatidose_hidatidose_igg,3,2026,29,1.16,0.66,1.66,0.0,0.0,ewma_span4_tail8,baseline_v1
hidatidose_hidatidose_igg,4,2026,30,1.16,0.66,1.66,0.0,0.0,ewma_span4_tail8,baseline_v1
histoplasmose_histoplasmose,1,2026,35,2.21,1.21,3.21,0.0,0.0,ewma_span4_tail8,baseline_v1
histoplasmose_histoplasmose,2,2026,36,2.21,1.21,3.21,0.0,0.0,ewma_span4_tail8,baseline_v1
histoplasmose_histoplasmose,3,2026,37,2.21,1.21,3.21,0.0,0.0,ewma_span4_tail8,baseline_v1
histoplasmose_histoplasmose,4,2026,38,2.21,1.21,3.21,0.0,0.0,ewma_span4_tail8,baseline_v1
hiv,1,2026,37,7.17,2.5,11.83,0.3029,0.0,ewma_span4_tail8,baseline_v1
hiv,2,2026,38,7.17,2.5,11.83,0.3029,0.0,ewma_span4_tail8,baseline_v1
hiv,3,2026,39,7.17,2.5,11.83,0.3029,0.0,ewma_span4_tail8,baseline_v1
hiv,4,2026,40,7.17,2.5,11.83,0.3029,0.0,ewma_span4_tail8,baseline_v1
htlv_htlv_i_ii_v_rus_linfotr_pico_humano_tipo_i_e_ii,1,2026,37,1.63,1.15,2.11,0.0,0.0,ewma_span4_tail8,baseline_v1
htlv_htlv_i_ii_v_rus_linfotr_pico_humano_tipo_i_e_ii,2,2026,38,1.63,1.15,2.11,0.0,0.0,ewma_span4_tail8,baseline_v1
htlv_htlv_i_ii_v_rus_linfotr_pico_humano_tipo_i_e_ii,3,2026,39,1.63,1.15,2.11,0.0,0.0,ewma_span4_tail8,baseline_v1
htlv_htlv_i_ii_v_rus_linfotr_pico_humano_tipo_i_e_ii,4,2026,40,1.63,1.15,2.11,0.0,0.0,ewma_span4_tail8,baseline_v1
infec_o_coloniza_o_bact_rias_cultura,1,2026,37,10.5,5.06,15.95,0.0,0.0,ewma_span4_tail8,baseline_v1
infec_o_coloniza_o_bact_rias_cultura,2,2026,38,10.5,5.06,15.95,0.0,0.0,ewma_span4_tail8,baseline_v1
infec_o_coloniza_o_bact_rias_cultura,3,2026,39,10.5,5.06,15.95,0.0,0.0,ewma_span4_tail8,baseline_v1
infec_o_coloniza_o_bact_rias_cultura,4,2026,40,10.5,5.06,15.95,0.0,0.0,ewma_span4_tail8,baseline_v1
infec_o_coloniza_o_bact_rias_identifica_o,1,2026,36,3.2,1.56,4.84,0.0,0.0,ewma_span4_tail8,baseline_v1
infec_o_coloniza_o_bact_rias_identifica_o,2,2026,37,3.2,1.56,4.84,0.0,0.0,ewma_span4_tail8,baseline_v1
infec_o_coloniza_o_bact_rias_identifica_o,3,2026,38,3.2,1.56,4.84,0.0,0.0,ewma_span4_tail8,baseline_v1
infec_o_coloniza_o_bact_rias_identifica_o,4,2026,39,3.2,1.56,4.84,0.0,0.0,ewma_span4_tail8,baseline_v1
infec_o_coloniza_o_bact_rias_teste_de_sensibilidade,1,2026,37,17.79,6.79,28.79,0.0,0.0,ewma_span4_tail8,baseline_v1
infec_o_coloniza_o_bact_rias_teste_de_sensibilidade,2,2026,38,17.79,6.79,28.79,0.0,0.0,ewma_span4_tail8,baseline_v1
infec_o_coloniza_o_bact_rias_teste_de_sensibilidade,3,2026,39,17.79,6.79,28.79,0.0,0.0,ewma_span4_tail8,baseline_v1
infec_o_coloniza_o_bact_rias_teste_de_sensibilidade,4,2026,40,17.79,6.79,28.79,0.0,0.0,ewma_span4_tail8,baseline_v1
infec_o_coloniza_o_bact_rias_teste_de_sensibilidade_ii,1,2026,37,1.95,0.41,3.48,0.0,0.0,ewma_span4_tail8,baseline_v1
infec_o_coloniza_o_bact_rias_teste_de_sensibilidade_ii,2,2026,38,1.95,0.41,3.48,0.0,0.0,ewma_span4_tail8,baseline_v1
infec_o_coloniza_o_bact_rias_teste_de_sensibilidade_ii,3,2026,39,1.95,0.41,3.48,0.0,0.0,ewma_span4_tail8,baseline_v1
infec_o_coloniza_o_bact_rias_teste_de_sensibilidade_ii,4,2026,40,1.95,0.41,3.48,0.0,0.0,ewma_span4_tail8,baseline_v1
infec_o_coloniza_o_cultura_para_fungos,1,2026,37,3.66,1.06,6.26,0.0,0.0,ewma_span4_tail8,baseline_v1
infec_o_coloniza_o_cultura_para_fungos,2,2026,38,3.66,1.06,6.26,0.0,0.0,ewma_span4_tail8,baseline_v1
infec_o_coloniza_o_cultura_para_fungos,3,2026,39,3.66,1.06,6.26,0.0,0.0,ewma_span4_tail8,baseline_v1
infec_o_coloniza_o_cultura_para_fungos,4,2026,40,3.66,1.06,6.26,0.0,0.0,ewma_span4_tail8,baseline_v1
infec_o_coloniza_o_fungos,1,2026,37,3.66,1.06,6.26,0.0,0.0,ewma_span4_tail8,baseline_v1
infec_o_coloniza_o_fungos,2,2026,38,3.66,1.06,6.26,0.0,0.0,ewma_span4_tail8,baseline_v1
infec_o_coloniza_o_fungos,3,2026,39,3.66,1.06,6.26,0.0,0.0,ewma_span4_tail8,baseline_v1
infec_o_coloniza_o_fungos,4,2026,40,3.66,1.06,6.26,0.0,0.0,ewma_span4_tail8,baseline_v1
infec_o_coloniza_o_fungos_teste_de_sensibilidade,1,2026,37,3.66,1.06,6.26,0.0,0.0,ewma_span4_tail8,baseline_v1
infec_o_coloniza_o_fungos_teste_de_sensibilidade,2,2026,38,3.66,1.06,6.26,0.0,0.0,ewma_span4_tail8,baseline_v1
infec_o_coloniza_o_fungos_teste_de_sensibilidade,3,2026,39,3.66,1.06,6.26,0.0,0.0,ewma_span4_tail8,baseline_v1
infec_o_coloniza_o_fungos_teste_de_sensibilidade,4,2026,40,3.66,1.06,6.26,0.0,0.0,ewma_span4_tail8,baseline_v1
infec_o_coloniza_o_pesquisa_de_carbapenemases,1,2026,35,1.13,0.44,1.83,0.0311,0.0,ewma_span4_tail8,baseline_v1
infec_o_coloniza_o_pesquisa_de_carbapenemases,2,2026,36,1.13,0.44,1.83,0.0311,0.0,ewma_span4_tail8,baseline_v1
infec_o_coloniza_o_pesquisa_de_carbapenemases,3,2026,37,1.13,0.44,1.83,0.0311,0.0,ewma_span4_tail8,baseline_v1
infec_o_coloniza_o_pesquisa_de_carbapenemases,4,2026,38,1.13,0.44,1.83,0.0311,0.0,ewma_span4_tail8,baseline_v1
infec_o_coloniza_o_pesquisa_de_genes_de_resist_ncia,1,2026,37,6.53,3.3,9.76,0.0,0.0,ewma_span4_tail8,baseline_v1
infec_o_coloniza_o_pesquisa_de_genes_de_resist_ncia,2,2026,38,6.53,3.3,9.76,0.0,0.0,ewma_span4_tail8,baseline_v1
infec_o_coloniza_o_pesquisa_de_genes_de_resist_ncia,3,2026,39,6.53,3.3,9.76,0.0,0.0,ewma_span4_tail8,baseline_v1
infec_o_coloniza_o_pesquisa_de_genes_de_resist_ncia,4,2026,40,6.53,3.3,9.76,0.0,0.0,ewma_span4_tail8,baseline_v1
infec_o_coloniza_o_pesquisa_de_genes_de_resist_ncia_fungos,1,2026,36,2.88,1.24,4.52,0.0,0.0,ewma_span4_tail8,baseline_v1
infec_o_coloniza_o_pesquisa_de_genes_de_resist_ncia_fungos,2,2026,37,2.88,1.24,4.52,0.0,0.0,ewma_span4_tail8,baseline_v1
infec_o_coloniza_o_pesquisa_de_genes_de_resist_ncia_fungos,3,2026,38,2.88,1.24,4.52,0.0,0.0,ewma_span4_tail8,baseline_v1
infec_o_coloniza_o_pesquisa_de_genes_de_resist_ncia_fungos,4,2026,39,2.88,1.24,4.52,0.0,0.0,ewma_span4_tail8,baseline_v1
influenza,1,2026,37,37.55,20.56,54.54,0.0,0.0,ewma_span4_tail8,baseline_v1
influenza,2,2026,38,37.55,20.56,54.54,0.0,0.0,ewma_span4_tail8,baseline_v1
influenza,3,2026,39,37.55,20.56,54.54,0.0,0.0,ewma_span4_tail8,baseline_v1
influenza,4,2026,40,37.55,20.56,54.54,0.0,0.0,ewma_span4_tail8,baseline_v1
intoxica_o_ex_gena_por_subst_ncias_qu_micas_incluindo_agrot_xicos_gases_t_xicos_,1,2026,29,2.91,0.0,8.19,0.0,0.0,ewma_span4_tail8,baseline_v1
intoxica_o_ex_gena_por_subst_ncias_qu_micas_incluindo_agrot_xicos_gases_t_xicos_,2,2026,30,2.91,0.0,8.19,0.0,0.0,ewma_span4_tail8,baseline_v1
intoxica_o_ex_gena_por_subst_ncias_qu_micas_incluindo_agrot_xicos_gases_t_xicos_,3,2026,31,2.91,0.0,8.19,0.0,0.0,ewma_span4_tail8,baseline_v1
intoxica_o_ex_gena_por_subst_ncias_qu_micas_incluindo_agrot_xicos_gases_t_xicos_,4,2026,32,2.91,0.0,8.19,0.0,0.0,ewma_span4_tail8,baseline_v1
leishmaniose,1,2026,36,6.98,3.52,10.45,0.0,0.0,ewma_span4_tail8,baseline_v1
leishmaniose,2,2026,37,6.98,3.52,10.45,0.0,0.0,ewma_span4_tail8,baseline_v1
leishmaniose,3,2026,38,6.98,3.52,10.45,0.0,0.0,ewma_span4_tail8,baseline_v1
leishmaniose,4,2026,39,6.98,3.52,10.45,0.0,0.0,ewma_span4_tail8,baseline_v1
leptospira,1,2026,36,10.86,5.79,15.93,0.0,0.0,ewma_span4_tail8,baseline_v1
leptospira,2,2026,37,10.86,5.79,15.93,0.0,0.0,ewma_span4_tail8,baseline_v1
leptospira,3,2026,38,10.86,5.79,15.93,0.0,0.0,ewma_span4_tail8,baseline_v1
leptospira,4,2026,39,10.86,5.79,15.93,0.0,0.0,ewma_span4_tail8,baseline_v1
malaria,1,2026,34,1.91,1.2,2.62,0.0,0.0,ewma_span4_tail8,baseline_v1
malaria,2,2026,35,1.91,1.2,2.62,0.0,0.0,ewma_span4_tail8,baseline_v1
malaria,3,2026,36,1.91,1.2,2.62,0.0,0.0,ewma_span4_tail8,baseline_v1
malaria,4,2026,37,1.91,1.2,2.62,0.0,0.0,ewma_span4_tail8,baseline_v1
meningite,1,2026,37,28.33,21.14,35.52,0.0,0.0,ewma_span4_tail8,baseline_v1
meningite,2,2026,38,28.33,21.14,35.52,0.0,0.0,ewma_span4_tail8,baseline_v1
meningite,3,2026,39,28.33,21.14,35.52,0.0,0.0,ewma_span4_tail8,baseline_v1
meningite,4,2026,40,28.33,21.14,35.52,0.0,0.0,ewma_span4_tail8,baseline_v1
micobacterioses_cultura_para_fungos,1,2026,37,1.0,1.0,1.0,0.0,0.0,ewma_span4_tail8,baseline_v1
micobacterioses_cultura_para_fungos,2,2026,38,1.0,1.0,1.0,0.0,0.0,ewma_span4_tail8,baseline_v1
micobacterioses_cultura_para_fungos,3,2026,39,1.0,1.0,1.0,0.0,0.0,ewma_span4_tail8,baseline_v1
micobacterioses_cultura_para_fungos,4,2026,40,1.0,1.0,1.0,0.0,0.0,ewma_span4_tail8,baseline_v1
micobacterioses_fungos,1,2026,37,1.0,1.0,1.0,0.0,0.0,ewma_span4_tail8,baseline_v1
micobacterioses_fungos,2,2026,38,1.0,1.0,1.0,0.0,0.0,ewma_span4_tail8,baseline_v1
micobacterioses_fungos,3,2026,39,1.0,1.0,1.0,0.0,0.0,ewma_span4_tail8,baseline_v1
micobacterioses_fungos,4,2026,40,1.0,1.0,1.0,0.0,0.0,ewma_span4_tail8,baseline_v1
micobacterioses_fungos_teste_de_sensibilidade,1,2026,37,1.64,1.21,2.07,0.0,0.0,ewma_span4_tail8,baseline_v1
micobacterioses_fungos_teste_de_sensibilidade,2,2026,38,1.64,1.21,2.07,0.0,0.0,ewma_span4_tail8,baseline_v1
micobacterioses_fungos_teste_de_sensibilidade,3,2026,39,1.64,1.21,2.07,0.0,0.0,ewma_span4_tail8,baseline_v1
micobacterioses_fungos_teste_de_sensibilidade,4,2026,40,1.64,1.21,2.07,0.0,0.0,ewma_span4_tail8,baseline_v1
micobacterioses_micobact_rias_identifica_o,1,2026,37,1.33,0.89,1.76,0.0,0.0,ewma_span4_tail8,baseline_v1
micobacterioses_micobact_rias_identifica_o,2,2026,38,1.33,0.89,1.76,0.0,0.0,ewma_span4_tail8,baseline_v1
micobacterioses_micobact_rias_identifica_o,3,2026,39,1.33,0.89,1.76,0.0,0.0,ewma_span4_tail8,baseline_v1
micobacterioses_micobact_rias_identifica_o,4,2026,40,1.33,0.89,1.76,0.0,0.0,ewma_span4_tail8,baseline_v1
micobacterioses_micobacteriose_tsa,1,2026,37,1.32,0.61,2.03,0.0,0.0,ewma_span4_tail8,baseline_v1
micobacterioses_micobacteriose_tsa,2,2026,38,1.32,0.61,2.03,0.0,0.0,ewma_span4_tail8,baseline_v1
micobacterioses_micobacteriose_tsa,3,2026,39,1.32,0.61,2.03,0.0,0.0,ewma_span4_tail8,baseline_v1
micobacterioses_micobacteriose_tsa,4,2026,40,1.32,0.61,2.03,0.0,0.0,ewma_span4_tail8,baseline_v1
micose_cultura_para_fungos,1,2026,34,2.21,1.28,3.13,0.0,0.0,ewma_span4_tail8,baseline_v1
micose_cultura_para_fungos,2,2026,35,2.21,1.28,3.13,0.0,0.0,ewma_span4_tail8,baseline_v1
micose_cultura_para_fungos,3,2026,36,2.21,1.28,3.13,0.0,0.0,ewma_span4_tail8,baseline_v1
micose_cultura_para_fungos,4,2026,37,2.21,1.28,3.13,0.0,0.0,ewma_span4_tail8,baseline_v1
micose_fungos,1,2026,34,3.0,1.68,4.33,0.0,0.0,ewma_span4_tail8,baseline_v1
micose_fungos,2,2026,35,3.0,1.68,4.33,0.0,0.0,ewma_span4_tail8,baseline_v1
micose_fungos,3,2026,36,3.0,1.68,4.33,0.0,0.0,ewma_span4_tail8,baseline_v1
micose_fungos,4,2026,37,3.0,1.68,4.33,0.0,0.0,ewma_span4_tail8,baseline_v1
micose_fungos_teste_de_sensibilidade,1,2026,34,2.17,1.34,3.0,0.0,0.0,ewma_span4_tail8,baseline_v1
micose_fungos_teste_de_sensibilidade,2,2026,35,2.17,1.34,3.0,0.0,0.0,ewma_span4_tail8,baseline_v1
micose_fungos_teste_de_sensibilidade,3,2026,36,2.17,1.34,3.0,0.0,0.0,ewma_span4_tail8,baseline_v1
micose_fungos_teste_de_sensibilidade,4,2026,37,2.17,1.34,3.0,0.0,0.0,ewma_span4_tail8,baseline_v1
oropouche,1,2026,35,1.15,0.66,1.63,0.0,0.0,ewma_span4_tail8,baseline_v1
oropouche,2,2026,36,1.15,0.66,1.63,0.0,0.0,ewma_span4_tail8,baseline_v1
oropouche,3,2026,37,1.15,0.66,1.63,0.0,0.0,ewma_span4_tail8,baseline_v1
oropouche,4,2026,38,1.15,0.66,1.63,0.0,0.0,ewma_span4_tail8,baseline_v1
paracoccidioidomicose_paracoccidioidomicose,1,2026,35,1.09,0.76,1.42,0.0,0.0,ewma_span4_tail8,baseline_v1
paracoccidioidomicose_paracoccidioidomicose,2,2026,36,1.09,0.76,1.42,0.0,0.0,ewma_span4_tail8,baseline_v1
paracoccidioidomicose_paracoccidioidomicose,3,2026,37,1.09,0.76,1.42,0.0,0.0,ewma_span4_tail8,baseline_v1
paracoccidioidomicose_paracoccidioidomicose,4,2026,38,1.09,0.76,1.42,0.0,0.0,ewma_span4_tail8,baseline_v1
parvovirose_parvov_rus_b19_biologia_molecular,1,2026,34,1.0,1.0,1.0,0.0,0.0,ewma_span4_tail8,baseline_v1
parvovirose_parvov_rus_b19_biologia_molecular,2,2026,35,1.0,1.0,1.0,0.0,0.0,ewma_span4_tail8,baseline_v1
parvovirose_parvov_rus_b19_biologia_molecular,3,2026,36,1.0,1.0,1.0,0.0,0.0,ewma_span4_tail8,baseline_v1
parvovirose_parvov_rus_b19_biologia_molecular,4,2026,37,1.0,1.0,1.0,0.0,0.0,ewma_span4_tail8,baseline_v1
parvovirose_parvov_rus_b19_igg,1,2026,34,1.3,0.3,2.3,0.0,0.0,ewma_span4_tail8,baseline_v1
parvovirose_parvov_rus_b19_igg,2,2026,35,1.3,0.3,2.3,0.0,0.0,ewma_span4_tail8,baseline_v1
parvovirose_parvov_rus_b19_igg,3,2026,36,1.3,0.3,2.3,0.0,0.0,ewma_span4_tail8,baseline_v1
parvovirose_parvov_rus_b19_igg,4,2026,37,1.3,0.3,2.3,0.0,0.0,ewma_span4_tail8,baseline_v1
parvovirose_parvov_rus_b19_igm,1,2026,34,1.3,0.3,2.3,0.0,0.0,ewma_span4_tail8,baseline_v1
parvovirose_parvov_rus_b19_igm,2,2026,35,1.3,0.3,2.3,0.0,0.0,ewma_span4_tail8,baseline_v1
parvovirose_parvov_rus_b19_igm,3,2026,36,1.3,0.3,2.3,0.0,0.0,ewma_span4_tail8,baseline_v1
parvovirose_parvov_rus_b19_igm,4,2026,37,1.3,0.3,2.3,0.0,0.0,ewma_span4_tail8,baseline_v1
pneumonia_bact_rias_cultura,1,2026,28,1.14,0.81,1.47,0.0,0.0,ewma_span4_tail8,baseline_v1
pneumonia_bact_rias_cultura,2,2026,29,1.14,0.81,1.47,0.0,0.0,ewma_span4_tail8,baseline_v1
pneumonia_bact_rias_cultura,3,2026,30,1.14,0.81,1.47,0.0,0.0,ewma_span4_tail8,baseline_v1
pneumonia_bact_rias_cultura,4,2026,31,1.14,0.81,1.47,0.0,0.0,ewma_span4_tail8,baseline_v1
pneumonia_bact_rias_teste_de_sensibilidade,1,2025,28,1.77,1.3,2.24,0.0,0.0,ewma_span4_tail8,baseline_v1
pneumonia_bact_rias_teste_de_sensibilidade,2,2025,29,1.77,1.3,2.24,0.0,0.0,ewma_span4_tail8,baseline_v1
pneumonia_bact_rias_teste_de_sensibilidade,3,2025,30,1.77,1.3,2.24,0.0,0.0,ewma_span4_tail8,baseline_v1
pneumonia_bact_rias_teste_de_sensibilidade,4,2025,31,1.77,1.3,2.24,0.0,0.0,ewma_span4_tail8,baseline_v1
pneumonia_pesquisa_de_genes_de_resist_ncia,1,2025,28,1.32,0.85,1.79,0.0,0.0,ewma_span4_tail8,baseline_v1
pneumonia_pesquisa_de_genes_de_resist_ncia,2,2025,29,1.32,0.85,1.79,0.0,0.0,ewma_span4_tail8,baseline_v1
pneumonia_pesquisa_de_genes_de_resist_ncia,3,2025,30,1.32,0.85,1.79,0.0,0.0,ewma_span4_tail8,baseline_v1
pneumonia_pesquisa_de_genes_de_resist_ncia,4,2025,31,1.32,0.85,1.79,0.0,0.0,ewma_span4_tail8,baseline_v1
pneumonia_v_rus_respirat_rios,1,2026,16,2.35,1.38,3.31,0.0,0.0,ewma_span4_tail8,baseline_v1
pneumonia_v_rus_respirat_rios,2,2026,17,2.35,1.38,3.31,0.0,0.0,ewma_span4_tail8,baseline_v1
pneumonia_v_rus_respirat_rios,3,2026,18,2.35,1.38,3.31,0.0,0.0,ewma_span4_tail8,baseline_v1
pneumonia_v_rus_respirat_rios,4,2026,19,2.35,1.38,3.31,0.0,0.0,ewma_span4_tail8,baseline_v1
raiva_colinesterase_plasm_tica,1,2026,29,2.27,0.0,4.59,0.0,0.0,ewma_span4_tail8,baseline_v1
raiva_colinesterase_plasm_tica,2,2026,30,2.27,0.0,4.59,0.0,0.0,ewma_span4_tail8,baseline_v1
raiva_colinesterase_plasm_tica,3,2026,31,2.27,0.0,4.59,0.0,0.0,ewma_span4_tail8,baseline_v1
raiva_colinesterase_plasm_tica,4,2026,32,2.27,0.0,4.59,0.0,0.0,ewma_span4_tail8,baseline_v1
raiva_raiva,1,2026,36,12.22,0.0,29.77,0.0,0.0,ewma_span4_tail8,baseline_v1
raiva_raiva,2,2026,37,12.22,0.0,29.77,0.0,0.0,ewma_span4_tail8,baseline_v1
raiva_raiva,3,2026,38,12.22,0.0,29.77,0.0,0.0,ewma_span4_tail8,baseline_v1
raiva_raiva,4,2026,39,12.22,0.0,29.77,0.0,0.0,ewma_span4_tail8,baseline_v1
rotav_rus_rotav_rus,1,2026,19,1.4,1.05,1.75,0.0,0.0,ewma_span4_tail8,baseline_v1
rotav_rus_rotav_rus,2,2026,20,1.4,1.05,1.75,0.0,0.0,ewma_span4_tail8,baseline_v1
rotav_rus_rotav_rus,3,2026,21,1.4,1.05,1.75,0.0,0.0,ewma_span4_tail8,baseline_v1
rotav_rus_rotav_rus,4,2026,22,1.4,1.05,1.75,0.0,0.0,ewma_span4_tail8,baseline_v1
rub_ola_rub_ola_biologia_molecular,1,2026,30,1.13,0.66,1.6,0.0,0.0,ewma_span4_tail8,baseline_v1
rub_ola_rub_ola_biologia_molecular,2,2026,31,1.13,0.66,1.6,0.0,0.0,ewma_span4_tail8,baseline_v1
rub_ola_rub_ola_biologia_molecular,3,2026,32,1.13,0.66,1.6,0.0,0.0,ewma_span4_tail8,baseline_v1
rub_ola_rub_ola_biologia_molecular,4,2026,33,1.13,0.66,1.6,0.0,0.0,ewma_span4_tail8,baseline_v1
rub_ola_rub_ola_igg,1,2026,37,1.47,0.99,1.95,0.0,0.0,ewma_span4_tail8,baseline_v1
rub_ola_rub_ola_igg,2,2026,38,1.47,0.99,1.95,0.0,0.0,ewma_span4_tail8,baseline_v1
rub_ola_rub_ola_igg,3,2026,39,1.47,0.99,1.95,0.0,0.0,ewma_span4_tail8,baseline_v1
rub_ola_rub_ola_igg,4,2026,40,1.47,0.99,1.95,0.0,0.0,ewma_span4_tail8,baseline_v1
rub_ola_rub_ola_igm,1,2026,37,1.47,0.99,1.95,0.0,0.0,ewma_span4_tail8,baseline_v1
rub_ola_rub_ola_igm,2,2026,38,1.47,0.99,1.95,0.0,0.0,ewma_span4_tail8,baseline_v1
rub_ola_rub_ola_igm,3,2026,39,1.47,0.99,1.95,0.0,0.0,ewma_span4_tail8,baseline_v1
rub_ola_rub_ola_igm,4,2026,40,1.47,0.99,1.95,0.0,0.0,ewma_span4_tail8,baseline_v1
s_ndrome_de_guillain_barr_pesquisa_de_arbov_rus_zdc,1,2025,51,1.05,0.62,1.48,0.0,0.0,ewma_span4_tail8,baseline_v1
s_ndrome_de_guillain_barr_pesquisa_de_arbov_rus_zdc,2,2025,52,1.05,0.62,1.48,0.0,0.0,ewma_span4_tail8,baseline_v1
s_ndrome_de_guillain_barr_pesquisa_de_arbov_rus_zdc,3,2025,53,1.05,0.62,1.48,0.0,0.0,ewma_span4_tail8,baseline_v1
s_ndrome_de_guillain_barr_pesquisa_de_arbov_rus_zdc,4,2026,1,1.05,0.62,1.48,0.0,0.0,ewma_span4_tail8,baseline_v1
sarampo_mayaro_biologia_molecular,1,2025,36,1.77,1.08,2.47,0.0,0.0,ewma_span4_tail8,baseline_v1
sarampo_mayaro_biologia_molecular,2,2025,37,1.77,1.08,2.47,0.0,0.0,ewma_span4_tail8,baseline_v1
sarampo_mayaro_biologia_molecular,3,2025,38,1.77,1.08,2.47,0.0,0.0,ewma_span4_tail8,baseline_v1
sarampo_mayaro_biologia_molecular,4,2025,39,1.77,1.08,2.47,0.0,0.0,ewma_span4_tail8,baseline_v1
sarampo_parvov_rus_b19_igg,1,2026,35,1.04,0.38,1.7,0.0311,0.0,ewma_span4_tail8,baseline_v1
sarampo_parvov_rus_b19_igg,2,2026,36,1.04,0.38,1.7,0.0311,0.0,ewma_span4_tail8,baseline_v1
sarampo_parvov_rus_b19_igg,3,2026,37,1.04,0.38,1.7,0.0311,0.0,ewma_span4_tail8,baseline_v1
sarampo_parvov_rus_b19_igg,4,2026,38,1.04,0.38,1.7,0.0311,0.0,ewma_span4_tail8,baseline_v1
sarampo_parvov_rus_b19_igm,1,2026,10,1.09,0.39,1.79,0.0,0.0,ewma_span4_tail8,baseline_v1
sarampo_parvov_rus_b19_igm,2,2026,11,1.09,0.39,1.79,0.0,0.0,ewma_span4_tail8,baseline_v1
sarampo_parvov_rus_b19_igm,3,2026,12,1.09,0.39,1.79,0.0,0.0,ewma_span4_tail8,baseline_v1
sarampo_parvov_rus_b19_igm,4,2026,13,1.09,0.39,1.79,0.0,0.0,ewma_span4_tail8,baseline_v1
sarampo_pesquisa_de_arbov_rus_zdc,1,2026,35,1.0,1.0,1.0,0.0,0.0,ewma_span4_tail8,baseline_v1
sarampo_pesquisa_de_arbov_rus_zdc,2,2026,36,1.0,1.0,1.0,0.0,0.0,ewma_span4_tail8,baseline_v1
sarampo_pesquisa_de_arbov_rus_zdc,3,2026,37,1.0,1.0,1.0,0.0,0.0,ewma_span4_tail8,baseline_v1
sarampo_pesquisa_de_arbov_rus_zdc,4,2026,38,1.0,1.0,1.0,0.0,0.0,ewma_span4_tail8,baseline_v1
sarampo_rub_ola_biologia_molecular,1,2026,34,3.71,0.79,6.62,0.0,0.0,ewma_span4_tail8,baseline_v1
sarampo_rub_ola_biologia_molecular,2,2026,35,3.71,0.79,6.62,0.0,0.0,ewma_span4_tail8,baseline_v1
sarampo_rub_ola_biologia_molecular,3,2026,36,3.71,0.79,6.62,0.0,0.0,ewma_span4_tail8,baseline_v1
sarampo_rub_ola_biologia_molecular,4,2026,37,3.71,0.79,6.62,0.0,0.0,ewma_span4_tail8,baseline_v1
sarampo_rub_ola_igg,1,2026,37,1.4,1.07,1.73,0.0,0.0,ewma_span4_tail8,baseline_v1
sarampo_rub_ola_igg,2,2026,38,1.4,1.07,1.73,0.0,0.0,ewma_span4_tail8,baseline_v1
sarampo_rub_ola_igg,3,2026,39,1.4,1.07,1.73,0.0,0.0,ewma_span4_tail8,baseline_v1
sarampo_rub_ola_igg,4,2026,40,1.4,1.07,1.73,0.0,0.0,ewma_span4_tail8,baseline_v1
sarampo_rub_ola_igm,1,2026,37,1.4,1.07,1.73,0.0,0.0,ewma_span4_tail8,baseline_v1
sarampo_rub_ola_igm,2,2026,38,1.4,1.07,1.73,0.0,0.0,ewma_span4_tail8,baseline_v1
sarampo_rub_ola_igm,3,2026,39,1.4,1.07,1.73,0.0,0.0,ewma_span4_tail8,baseline_v1
sarampo_rub_ola_igm,4,2026,40,1.4,1.07,1.73,0.0,0.0,ewma_span4_tail8,baseline_v1
sarampo_sarampo_biologia_molecular,1,2026,37,5.79,3.1,8.48,0.0,0.0,ewma_span4_tail8,baseline_v1
sarampo_sarampo_biologia_molecular,2,2026,38,5.79,3.1,8.48,0.0,0.0,ewma_span4_tail8,baseline_v1
sarampo_sarampo_biologia_molecular,3,2026,39,5.79,3.1,8.48,0.0,0.0,ewma_span4_tail8,baseline_v1
sarampo_sarampo_biologia_molecular,4,2026,40,5.79,3.1,8.48,0.0,0.0,ewma_span4_tail8,baseline_v1
sarampo_sarampo_igg,1,2026,37,3.49,1.25,5.73,0.0,0.0,ewma_span4_tail8,baseline_v1
sarampo_sarampo_igg,2,2026,38,3.49,1.25,5.73,0.0,0.0,ewma_span4_tail8,baseline_v1
sarampo_sarampo_igg,3,2026,39,3.49,1.25,5.73,0.0,0.0,ewma_span4_tail8,baseline_v1
sarampo_sarampo_igg,4,2026,40,3.49,1.25,5.73,0.0,0.0,ewma_span4_tail8,baseline_v1
sarampo_sarampo_igm,1,2026,37,3.49,1.25,5.73,0.0,0.0,ewma_span4_tail8,baseline_v1
sarampo_sarampo_igm,2,2026,38,3.49,1.25,5.73,0.0,0.0,ewma_span4_tail8,baseline_v1
sarampo_sarampo_igm,3,2026,39,3.49,1.25,5.73,0.0,0.0,ewma_span4_tail8,baseline_v1
sarampo_sarampo_igm,4,2026,40,3.49,1.25,5.73,0.0,0.0,ewma_span4_tail8,baseline_v1
sarampo_v_rus_respirat_rios,1,2026,34,1.32,0.33,2.32,0.0,0.0,ewma_span4_tail8,baseline_v1
sarampo_v_rus_respirat_rios,2,2026,35,1.32,0.33,2.32,0.0,0.0,ewma_span4_tail8,baseline_v1
sarampo_v_rus_respirat_rios,3,2026,36,1.32,0.33,2.32,0.0,0.0,ewma_span4_tail8,baseline_v1
sarampo_v_rus_respirat_rios,4,2026,37,1.32,0.33,2.32,0.0,0.0,ewma_span4_tail8,baseline_v1
sarampo_varicela_biologia_molecular,1,2026,33,1.71,0.97,2.46,0.0,0.0,ewma_span4_tail8,baseline_v1
sarampo_varicela_biologia_molecular,2,2026,34,1.71,0.97,2.46,0.0,0.0,ewma_span4_tail8,baseline_v1
sarampo_varicela_biologia_molecular,3,2026,35,1.71,0.97,2.46,0.0,0.0,ewma_span4_tail8,baseline_v1
sarampo_varicela_biologia_molecular,4,2026,36,1.71,0.97,2.46,0.0,0.0,ewma_span4_tail8,baseline_v1
sarampo_varicela_zoster_biologia_molecular,1,2026,33,1.14,0.79,1.49,0.0,0.0,ewma_span4_tail8,baseline_v1
sarampo_varicela_zoster_biologia_molecular,2,2026,34,1.14,0.79,1.49,0.0,0.0,ewma_span4_tail8,baseline_v1
sarampo_varicela_zoster_biologia_molecular,3,2026,35,1.14,0.79,1.49,0.0,0.0,ewma_span4_tail8,baseline_v1
sarampo_varicela_zoster_biologia_molecular,4,2026,36,1.14,0.79,1.49,0.0,0.0,ewma_span4_tail8,baseline_v1
sars_cov_2,1,2026,37,47.88,35.02,60.75,0.0,0.0,ewma_span4_tail8,baseline_v1
sars_cov_2,2,2026,38,47.88,35.02,60.75,0.0,0.0,ewma_span4_tail8,baseline_v1
sars_cov_2,3,2026,39,47.88,35.02,60.75,0.0,0.0,ewma_span4_tail8,baseline_v1
sars_cov_2,4,2026,40,47.88,35.02,60.75,0.0,0.0,ewma_span4_tail8,baseline_v1
sifilis,1,2026,34,1.41,0.41,2.41,0.0,0.0,ewma_span4_tail8,baseline_v1
sifilis,2,2026,35,1.41,0.41,2.41,0.0,0.0,ewma_span4_tail8,baseline_v1
sifilis,3,2026,36,1.41,0.41,2.41,0.0,0.0,ewma_span4_tail8,baseline_v1
sifilis,4,2026,37,1.41,0.41,2.41,0.0,0.0,ewma_span4_tail8,baseline_v1
toxoplasmose_citomegalov_rus_igg,1,2026,37,2.98,1.87,4.09,0.0,0.0,ewma_span4_tail8,baseline_v1
toxoplasmose_citomegalov_rus_igg,2,2026,38,2.98,1.87,4.09,0.0,0.0,ewma_span4_tail8,baseline_v1
toxoplasmose_citomegalov_rus_igg,3,2026,39,2.98,1.87,4.09,0.0,0.0,ewma_span4_tail8,baseline_v1
toxoplasmose_citomegalov_rus_igg,4,2026,40,2.98,1.87,4.09,0.0,0.0,ewma_span4_tail8,baseline_v1
toxoplasmose_citomegalov_rus_igg_avidez,1,2026,33,1.17,0.68,1.65,0.0,0.0,ewma_span4_tail8,baseline_v1
toxoplasmose_citomegalov_rus_igg_avidez,2,2026,34,1.17,0.68,1.65,0.0,0.0,ewma_span4_tail8,baseline_v1
toxoplasmose_citomegalov_rus_igg_avidez,3,2026,35,1.17,0.68,1.65,0.0,0.0,ewma_span4_tail8,baseline_v1
toxoplasmose_citomegalov_rus_igg_avidez,4,2026,36,1.17,0.68,1.65,0.0,0.0,ewma_span4_tail8,baseline_v1
toxoplasmose_citomegalov_rus_igm,1,2026,37,2.98,1.87,4.09,0.0,0.0,ewma_span4_tail8,baseline_v1
toxoplasmose_citomegalov_rus_igm,2,2026,38,2.98,1.87,4.09,0.0,0.0,ewma_span4_tail8,baseline_v1
toxoplasmose_citomegalov_rus_igm,3,2026,39,2.98,1.87,4.09,0.0,0.0,ewma_span4_tail8,baseline_v1
toxoplasmose_citomegalov_rus_igm,4,2026,40,2.98,1.87,4.09,0.0,0.0,ewma_span4_tail8,baseline_v1
toxoplasmose_criptococos,1,2026,37,1.1,0.61,1.58,0.0,0.0,ewma_span4_tail8,baseline_v1
toxoplasmose_criptococos,2,2026,38,1.1,0.61,1.58,0.0,0.0,ewma_span4_tail8,baseline_v1
toxoplasmose_criptococos,3,2026,39,1.1,0.61,1.58,0.0,0.0,ewma_span4_tail8,baseline_v1
toxoplasmose_criptococos,4,2026,40,1.1,0.61,1.58,0.0,0.0,ewma_span4_tail8,baseline_v1
toxoplasmose_epstein_barr_igg,1,2026,37,2.12,1.07,3.18,0.0,0.0,ewma_span4_tail8,baseline_v1
toxoplasmose_epstein_barr_igg,2,2026,38,2.12,1.07,3.18,0.0,0.0,ewma_span4_tail8,baseline_v1
toxoplasmose_epstein_barr_igg,3,2026,39,2.12,1.07,3.18,0.0,0.0,ewma_span4_tail8,baseline_v1
toxoplasmose_epstein_barr_igg,4,2026,40,2.12,1.07,3.18,0.0,0.0,ewma_span4_tail8,baseline_v1
toxoplasmose_epstein_barr_igm,1,2026,37,2.12,1.07,3.18,0.0,0.0,ewma_span4_tail8,baseline_v1
toxoplasmose_epstein_barr_igm,2,2026,38,2.12,1.07,3.18,0.0,0.0,ewma_span4_tail8,baseline_v1
toxoplasmose_epstein_barr_igm,3,2026,39,2.12,1.07,3.18,0.0,0.0,ewma_span4_tail8,baseline_v1
toxoplasmose_epstein_barr_igm,4,2026,40,2.12,1.07,3.18,0.0,0.0,ewma_span4_tail8,baseline_v1
toxoplasmose_herpes_simplex_1_e_2_biologia_molecular,1,2026,37,1.29,0.29,2.28,0.0,0.0,ewma_span4_tail8,baseline_v1
toxoplasmose_herpes_simplex_1_e_2_biologia_molecular,2,2026,38,1.29,0.29,2.28,0.0,0.0,ewma_span4_tail8,baseline_v1
toxoplasmose_herpes_simplex_1_e_2_biologia_molecular,3,2026,39,1.29,0.29,2.28,0.0,0.0,ewma_span4_tail8,baseline_v1
toxoplasmose_herpes_simplex_1_e_2_biologia_molecular,4,2026,40,1.29,0.29,2.28,0.0,0.0,ewma_span4_tail8,baseline_v1
toxoplasmose_herpes_v_rus_igg,1,2026,37,1.45,1.02,1.88,0.0,0.0,ewma_span4_tail8,baseline_v1
toxoplasmose_herpes_v_rus_igg,2,2026,38,1.45,1.02,1.88,0.0,0.0,ewma_span4_tail8,baseline_v1
toxoplasmose_herpes_v_rus_igg,3,2026,39,1.45,1.02,1.88,0.0,0.0,ewma_span4_tail8,baseline_v1
toxoplasmose_herpes_v_rus_igg,4,2026,40,1.45,1.02,1.88,0.0,0.0,ewma_span4_tail8,baseline_v1
toxoplasmose_herpes_v_rus_igm,1,2026,37,1.45,1.02,1.88,0.0,0.0,ewma_span4_tail8,baseline_v1
toxoplasmose_herpes_v_rus_igm,2,2026,38,1.45,1.02,1.88,0.0,0.0,ewma_span4_tail8,baseline_v1
toxoplasmose_herpes_v_rus_igm,3,2026,39,1.45,1.02,1.88,0.0,0.0,ewma_span4_tail8,baseline_v1
toxoplasmose_herpes_v_rus_igm,4,2026,40,1.45,1.02,1.88,0.0,0.0,ewma_span4_tail8,baseline_v1
toxoplasmose_histoplasmose,1,2026,35,1.23,0.74,1.71,0.0,0.0,ewma_span4_tail8,baseline_v1
toxoplasmose_histoplasmose,2,2026,36,1.23,0.74,1.71,0.0,0.0,ewma_span4_tail8,baseline_v1
toxoplasmose_histoplasmose,3,2026,37,1.23,0.74,1.71,0.0,0.0,ewma_span4_tail8,baseline_v1
toxoplasmose_histoplasmose,4,2026,38,1.23,0.74,1.71,0.0,0.0,ewma_span4_tail8,baseline_v1
toxoplasmose_paracoccidioidomicose,1,2026,35,1.18,0.74,1.61,0.0,0.0,ewma_span4_tail8,baseline_v1
toxoplasmose_paracoccidioidomicose,2,2026,36,1.18,0.74,1.61,0.0,0.0,ewma_span4_tail8,baseline_v1
toxoplasmose_paracoccidioidomicose,3,2026,37,1.18,0.74,1.61,0.0,0.0,ewma_span4_tail8,baseline_v1
toxoplasmose_paracoccidioidomicose,4,2026,38,1.18,0.74,1.61,0.0,0.0,ewma_span4_tail8,baseline_v1
toxoplasmose_rub_ola_igg,1,2026,35,1.06,0.39,1.72,0.0,0.0,ewma_span4_tail8,baseline_v1
toxoplasmose_rub_ola_igg,2,2026,36,1.06,0.39,1.72,0.0,0.0,ewma_span4_tail8,baseline_v1
toxoplasmose_rub_ola_igg,3,2026,37,1.06,0.39,1.72,0.0,0.0,ewma_span4_tail8,baseline_v1
toxoplasmose_rub_ola_igg,4,2026,38,1.06,0.39,1.72,0.0,0.0,ewma_span4_tail8,baseline_v1
toxoplasmose_rub_ola_igm,1,2026,35,1.06,0.39,1.72,0.0,0.0,ewma_span4_tail8,baseline_v1
toxoplasmose_rub_ola_igm,2,2026,36,1.06,0.39,1.72,0.0,0.0,ewma_span4_tail8,baseline_v1
toxoplasmose_rub_ola_igm,3,2026,37,1.06,0.39,1.72,0.0,0.0,ewma_span4_tail8,baseline_v1
toxoplasmose_rub_ola_igm,4,2026,38,1.06,0.39,1.72,0.0,0.0,ewma_span4_tail8,baseline_v1
toxoplasmose_toxoplasmose_avidez_igg,1,2026,37,2.9,0.29,5.52,0.0,0.0,ewma_span4_tail8,baseline_v1
toxoplasmose_toxoplasmose_avidez_igg,2,2026,38,2.9,0.29,5.52,0.0,0.0,ewma_span4_tail8,baseline_v1
toxoplasmose_toxoplasmose_avidez_igg,3,2026,39,2.9,0.29,5.52,0.0,0.0,ewma_span4_tail8,baseline_v1
toxoplasmose_toxoplasmose_avidez_igg,4,2026,40,2.9,0.29,5.52,0.0,0.0,ewma_span4_tail8,baseline_v1
toxoplasmose_toxoplasmose_igg,1,2026,37,5.06,0.06,10.06,0.0,0.0,ewma_span4_tail8,baseline_v1
toxoplasmose_toxoplasmose_igg,2,2026,38,5.06,0.06,10.06,0.0,0.0,ewma_span4_tail8,baseline_v1
toxoplasmose_toxoplasmose_igg,3,2026,39,5.06,0.06,10.06,0.0,0.0,ewma_span4_tail8,baseline_v1
toxoplasmose_toxoplasmose_igg,4,2026,40,5.06,0.06,10.06,0.0,0.0,ewma_span4_tail8,baseline_v1
toxoplasmose_toxoplasmose_igm,1,2026,37,5.06,0.06,10.06,0.0,0.0,ewma_span4_tail8,baseline_v1
toxoplasmose_toxoplasmose_igm,2,2026,38,5.06,0.06,10.06,0.0,0.0,ewma_span4_tail8,baseline_v1
toxoplasmose_toxoplasmose_igm,3,2026,39,5.06,0.06,10.06,0.0,0.0,ewma_span4_tail8,baseline_v1
toxoplasmose_toxoplasmose_igm,4,2026,40,5.06,0.06,10.06,0.0,0.0,ewma_span4_tail8,baseline_v1
tuberculose,1,2026,37,409.02,272.0,546.04,0.0091,0.0,ewma_span4_tail8,baseline_v1
tuberculose,2,2026,38,409.02,272.0,546.04,0.0091,0.0,ewma_span4_tail8,baseline_v1
tuberculose,3,2026,39,409.02,272.0,546.04,0.0091,0.0,ewma_span4_tail8,baseline_v1
tuberculose,4,2026,40,409.02,272.0,546.04,0.0091,0.0,ewma_span4_tail8,baseline_v1
var_ola_herpes_simplex_1_e_2_biologia_molecular,1,2026,34,1.0,1.0,1.0,0.0,0.0,ewma_span4_tail8,baseline_v1
var_ola_herpes_simplex_1_e_2_biologia_molecular,2,2026,35,1.0,1.0,1.0,0.0,0.0,ewma_span4_tail8,baseline_v1
var_ola_herpes_simplex_1_e_2_biologia_molecular,3,2026,36,1.0,1.0,1.0,0.0,0.0,ewma_span4_tail8,baseline_v1
var_ola_herpes_simplex_1_e_2_biologia_molecular,4,2026,37,1.0,1.0,1.0,0.0,0.0,ewma_span4_tail8,baseline_v1
var_ola_var_ola,1,2026,34,5.53,3.18,7.87,0.0,0.0,ewma_span4_tail8,baseline_v1
var_ola_var_ola,2,2026,35,5.53,3.18,7.87,0.0,0.0,ewma_span4_tail8,baseline_v1
var_ola_var_ola,3,2026,36,5.53,3.18,7.87,0.0,0.0,ewma_span4_tail8,baseline_v1
var_ola_var_ola,4,2026,37,5.53,3.18,7.87,0.0,0.0,ewma_span4_tail8,baseline_v1
var_ola_varicela_biologia_molecular,1,2026,14,1.06,0.63,1.49,0.0,0.0,ewma_span4_tail8,baseline_v1
var_ola_varicela_biologia_molecular,2,2026,15,1.06,0.63,1.49,0.0,0.0,ewma_span4_tail8,baseline_v1
var_ola_varicela_biologia_molecular,3,2026,16,1.06,0.63,1.49,0.0,0.0,ewma_span4_tail8,baseline_v1
var_ola_varicela_biologia_molecular,4,2026,17,1.06,0.63,1.49,0.0,0.0,ewma_span4_tail8,baseline_v1
var_ola_varicela_zoster_biologia_molecular,1,2026,34,3.34,0.0,7.1,0.0,0.0,ewma_span4_tail8,baseline_v1
var_ola_varicela_zoster_biologia_molecular,2,2026,35,3.34,0.0,7.1,0.0,0.0,ewma_span4_tail8,baseline_v1
var_ola_varicela_zoster_biologia_molecular,3,2026,36,3.34,0.0,7.1,0.0,0.0,ewma_span4_tail8,baseline_v1
var_ola_varicela_zoster_biologia_molecular,4,2026,37,3.34,0.0,7.1,0.0,0.0,ewma_span4_tail8,baseline_v1
varicela_herpes_zoster_herpes_simplex_1_e_2_biologia_molecular,1,2026,16,1.0,1.0,1.0,0.0,0.0,ewma_span4_tail8,baseline_v1
varicela_herpes_zoster_herpes_simplex_1_e_2_biologia_molecular,2,2026,17,1.0,1.0,1.0,0.0,0.0,ewma_span4_tail8,baseline_v1
varicela_herpes_zoster_herpes_simplex_1_e_2_biologia_molecular,3,2026,18,1.0,1.0,1.0,0.0,0.0,ewma_span4_tail8,baseline_v1
varicela_herpes_zoster_herpes_simplex_1_e_2_biologia_molecular,4,2026,19,1.0,1.0,1.0,0.0,0.0,ewma_span4_tail8,baseline_v1
varicela_herpes_zoster_herpes_v_rus_igg,1,2026,16,1.0,1.0,1.0,0.0,0.0,ewma_span4_tail8,baseline_v1
varicela_herpes_zoster_herpes_v_rus_igg,2,2026,17,1.0,1.0,1.0,0.0,0.0,ewma_span4_tail8,baseline_v1
varicela_herpes_zoster_herpes_v_rus_igg,3,2026,18,1.0,1.0,1.0,0.0,0.0,ewma_span4_tail8,baseline_v1
varicela_herpes_zoster_herpes_v_rus_igg,4,2026,19,1.0,1.0,1.0,0.0,0.0,ewma_span4_tail8,baseline_v1
varicela_herpes_zoster_herpes_v_rus_igm,1,2026,16,1.0,1.0,1.0,0.0,0.0,ewma_span4_tail8,baseline_v1
varicela_herpes_zoster_herpes_v_rus_igm,2,2026,17,1.0,1.0,1.0,0.0,0.0,ewma_span4_tail8,baseline_v1
varicela_herpes_zoster_herpes_v_rus_igm,3,2026,18,1.0,1.0,1.0,0.0,0.0,ewma_span4_tail8,baseline_v1
varicela_herpes_zoster_herpes_v_rus_igm,4,2026,19,1.0,1.0,1.0,0.0,0.0,ewma_span4_tail8,baseline_v1
varicela_herpes_zoster_var_ola,1,2026,23,3.88,2.22,5.54,0.0,0.0,ewma_span4_tail8,baseline_v1
varicela_herpes_zoster_var_ola,2,2026,24,3.88,2.22,5.54,0.0,0.0,ewma_span4_tail8,baseline_v1
varicela_herpes_zoster_var_ola,3,2026,25,3.88,2.22,5.54,0.0,0.0,ewma_span4_tail8,baseline_v1
varicela_herpes_zoster_var_ola,4,2026,26,3.88,2.22,5.54,0.0,0.0,ewma_span4_tail8,baseline_v1
varicela_herpes_zoster_varicela_biologia_molecular,1,2026,33,1.16,0.73,1.6,0.0,0.0,ewma_span4_tail8,baseline_v1
varicela_herpes_zoster_varicela_biologia_molecular,2,2026,34,1.16,0.73,1.6,0.0,0.0,ewma_span4_tail8,baseline_v1
varicela_herpes_zoster_varicela_biologia_molecular,3,2026,35,1.16,0.73,1.6,0.0,0.0,ewma_span4_tail8,baseline_v1
varicela_herpes_zoster_varicela_biologia_molecular,4,2026,36,1.16,0.73,1.6,0.0,0.0,ewma_span4_tail8,baseline_v1
varicela_herpes_zoster_varicela_zoster_biologia_molecular,1,2026,36,2.0,0.68,3.33,0.0,0.0,ewma_span4_tail8,baseline_v1
varicela_herpes_zoster_varicela_zoster_biologia_molecular,2,2026,37,2.0,0.68,3.33,0.0,0.0,ewma_span4_tail8,baseline_v1
varicela_herpes_zoster_varicela_zoster_biologia_molecular,3,2026,38,2.0,0.68,3.33,0.0,0.0,ewma_span4_tail8,baseline_v1
varicela_herpes_zoster_varicela_zoster_biologia_molecular,4,2026,39,2.0,0.68,3.33,0.0,0.0,ewma_span4_tail8,baseline_v1
zika,1,2026,37,10.84,5.58,16.1,0.0,0.0,ewma_span4_tail8,baseline_v1
zika,2,2026,38,10.84,5.58,16.1,0.0,0.0,ewma_span4_tail8,baseline_v1
zika,3,2026,39,10.84,5.58,16.1,0.0,0.0,ewma_span4_tail8,baseline_v1
zika,4,2026,40,10.84,5.58,16.1,0.0,0.0,ewma_span4_tail8,baseline_v1
