municipio,vizinho,dist_km,rank_vizinho
ACORIZAL,JANGADA,14.38,1
ACORIZAL,ROSARIO OESTE,40.73,2
ACORIZAL,NOVA BRASILANDIA,49.56,3
ACORIZAL,CUIABA,52.75,4
ACORIZAL,NOBRES,53.07,5
ACORIZAL,VARZEA GRANDE,55.75,6
AGUA BOA,NOVA XAVANTINA,40.91,1
AGUA BOA,CAMPINAPOLIS,80.16,2
AGUA BOA,NOVO SAO JOAQUIM,110.99,3
ALTO ARAGUAIA,ALTO GARCAS,52.85,1
ALTO ARAGUAIA,ARAGUAINHA,54.65,2
ALTO ARAGUAIA,ALTO TAQUARI,57.17,3
ALTO ARAGUAIA,PONTE BRANCA,73.62,4
ALTO ARAGUAIA,ITIQUIRA,99.36,5
ALTO BOA VISTA,SERRA NOVA DOURADA,49.63,1
ALTO BOA VISTA,BOM JESUS DO ARAGUAIA,65.28,2
ALTO BOA VISTA,CANABRAVA DO NORTE,87.08,3
ALTO BOA VISTA,SANTA CRUZ DO XINGU,92.31,4
ALTO BOA VISTA,PORTO ALEGRE DO NORTE,93.07,5
ALTO GARCAS,ALTO ARAGUAIA,52.85,1
ALTO GARCAS,ARAGUAINHA,53.79,2
ALTO GARCAS,GUIRATINGA,71.08,3
ALTO GARCAS,ITIQUIRA,71.64,4
ALTO GARCAS,PONTE BRANCA,76.67,5
ALTO GARCAS,TESOURO,95.97,6
ALTO PARAGUAI,DIAMANTINO,12.6,1
ALTO PARAGUAI,NOVA MARILANDIA,20.19,2
ALTO PARAGUAI,NOBRES,28.34,3
ALTO PARAGUAI,ROSARIO OESTE,36.19,4
ALTO PARAGUAI,NORTELANDIA,36.23,5
ALTO PARAGUAI,ARENAPOLIS,39.64,6
ALTO TAQUARI,ALTO ARAGUAIA,57.17,1
ALTO TAQUARI,ALTO GARCAS,101.14,2
ALTO TAQUARI,ARAGUAINHA,111.03,3
ALTO TAQUARI,ITIQUIRA,114.15,4
ARAGUAIANA,PONTAL DO ARAGUAIA,22.36,1
ARAGUAIANA,BARRA DO GARCAS,48.6,2
ARAGUAIANA,TORIXOREU,93.56,3
ARAGUAIANA,GENERAL CARNEIRO,98.67,4
ARAGUAINHA,PONTE BRANCA,23.47,1
ARAGUAINHA,ALTO GARCAS,53.79,2
ARAGUAINHA,ALTO ARAGUAIA,54.65,3
ARAGUAINHA,TORIXOREU,88.13,4
ARAGUAINHA,GUIRATINGA,96.09,5
ARAGUAINHA,TESOURO,102.15,6
ARAPUTANGA,SAO JOSE DOS QUATRO MARCOS,25.89,1
ARAPUTANGA,GLORIA D'OESTE,32.22,2
ARAPUTANGA,RIO BRANCO,34.61,3
ARAPUTANGA,FIGUEIROPOLIS D'OESTE,41.42,4
ARAPUTANGA,SALTO DO CEU,43.25,5
ARAPUTANGA,PORTO ESPERIDIAO,44.43,6
ARENAPOLIS,NORTELANDIA,5.75,1
ARENAPOLIS,NOVA MARILANDIA,38.29,2
ARENAPOLIS,DENISE,39.13,3
ARENAPOLIS,ALTO PARAGUAI,39.64,4
ARENAPOLIS,SANTO AFONSO,40.39,5
ARENAPOLIS,DIAMANTINO,43.29,6
BARRA DO BUGRES,PORTO ESTRELA,28.51,1
BARRA DO BUGRES,NOVA OLIMPIA,32.95,2
BARRA DO BUGRES,DENISE,39.72,3
BARRA DO BUGRES,SANTO AFONSO,49.5,4
BARRA DO BUGRES,TANGARA DA SERRA,60.47,5
BARRA DO BUGRES,JANGADA,76.51,6
BARRA DO GARCAS,PONTAL DO ARAGUAIA,26.82,1
BARRA DO GARCAS,TORIXOREU,47.63,2
BARRA DO GARCAS,ARAGUAIANA,48.6,3
BARRA DO GARCAS,GENERAL CARNEIRO,57.0,4
BARRA DO GARCAS,PONTE BRANCA,114.9,5
BOM JESUS DO ARAGUAIA,SERRA NOVA DOURADA,26.21,1
BOM JESUS DO ARAGUAIA,ALTO BOA VISTA,65.28,2
BOM JESUS DO ARAGUAIA,RIBEIRAO CASCALHEIRA,84.63,3
BRASNORTE,PORTO DOS GAUCHOS,93.48,1
BRASNORTE,NOVO HORIZONTE DO NORTE,107.62,2
BRASNORTE,JUINA,119.17,3
CACERES,SAO JOSE DOS QUATRO MARCOS,72.49,1
CACERES,GLORIA D'OESTE,75.85,2
CACERES,PORTO ESPERIDIAO,86.39,3
CACERES,PORTO ESTRELA,96.15,4
CACERES,ARAPUTANGA,98.38,5
CACERES,RIO BRANCO,101.89,6
CAMPINAPOLIS,NOVO SAO JOAQUIM,47.24,1
CAMPINAPOLIS,NOVA XAVANTINA,60.63,2
CAMPINAPOLIS,AGUA BOA,80.16,3
CAMPINAPOLIS,SANTO ANTONIO DO LESTE,85.96,4
CAMPO NOVO DO PARECIS,SAPEZAL,103.53,1
CAMPO NOVO DO PARECIS,TANGARA DA SERRA,113.45,2
CAMPO NOVO DO PARECIS,NOVA MARINGA,116.41,3
CAMPO VERDE,DOM AQUINO,39.54,1
CAMPO VERDE,SAO PEDRO DA CIPA,52.93,2
CAMPO VERDE,CHAPADA DOS GUIMARAES,62.95,3
CAMPO VERDE,POXOREU,89.6,4
CAMPO VERDE,CUIABA,99.56,5
CAMPO VERDE,PLANALTO DA SERRA,99.87,6
CAMPOS DE JULIO,SAPEZAL,27.53,1
CAMPOS DE JULIO,COMODORO,76.74,2
CANABRAVA DO NORTE,SANTA CRUZ DO XINGU,18.32,1
CANABRAVA DO NORTE,PORTO ALEGRE DO NORTE,27.41,2
CANABRAVA DO NORTE,ALTO BOA VISTA,87.08,3
CASTANHEIRA,JUINA,30.81,1
CASTANHEIRA,JURUENA,94.36,2
CHAPADA DOS GUIMARAES,CUIABA,40.14,1
CHAPADA DOS GUIMARAES,VARZEA GRANDE,46.0,2
CHAPADA DOS GUIMARAES,SANTO ANTONIO DO LEVERGER,57.1,3
CHAPADA DOS GUIMARAES,NOVA BRASILANDIA,60.86,4
CHAPADA DOS GUIMARAES,CAMPO VERDE,62.95,5
CHAPADA DOS GUIMARAES,ACORIZAL,71.98,6
CLAUDIA,ITAUBA,40.54,1
CLAUDIA,SANTA CARMEM,47.29,2
CLAUDIA,NOVA SANTA HELENA,71.39,3
CLAUDIA,COLIDER,80.06,4
CLAUDIA,VERA,90.88,5
CLAUDIA,UNIAO DO SUL,93.53,6
COLIDER,NOVA SANTA HELENA,13.97,1
COLIDER,ITAUBA,40.02,2
COLIDER,NOVA CANAA DO NORTE,57.03,3
COLIDER,NOVA GUARITA,57.38,4
COLIDER,CLAUDIA,80.06,5
COLIDER,PEIXOTO DE AZEVEDO,84.02,6
COMODORO,CAMPOS DE JULIO,76.74,1
COMODORO,SAPEZAL,103.59,2
COMODORO,CONQUISTA D'OESTE,112.5,3
CONQUISTA D'OESTE,VALE DE SAO DOMINGOS,76.49,1
CONQUISTA D'OESTE,JAURU,104.93,2
CONQUISTA D'OESTE,COMODORO,112.5,3
CUIABA,VARZEA GRANDE,6.84,1
CUIABA,SANTO ANTONIO DO LEVERGER,30.04,2
CUIABA,NOSSA SENHORA DO LIVRAMENTO,32.77,3
CUIABA,CHAPADA DOS GUIMARAES,40.14,4
CUIABA,ACORIZAL,52.75,5
CUIABA,JANGADA,57.82,6
DENISE,SANTO AFONSO,17.67,1
DENISE,NOVA OLIMPIA,26.01,2
DENISE,ARENAPOLIS,39.13,3
DENISE,BARRA DO BUGRES,39.72,4
DENISE,NORTELANDIA,44.7,5
DENISE,TANGARA DA SERRA,48.69,6
DIAMANTINO,ALTO PARAGUAI,12.6,1
DIAMANTINO,NOVA MARILANDIA,32.66,2
DIAMANTINO,NOBRES,37.04,3
DIAMANTINO,NORTELANDIA,38.62,4
DIAMANTINO,ARENAPOLIS,43.29,5
DIAMANTINO,ROSARIO OESTE,47.66,6
DOM AQUINO,SAO PEDRO DA CIPA,16.16,1
DOM AQUINO,CAMPO VERDE,39.54,2
DOM AQUINO,POXOREU,56.9,3
DOM AQUINO,RONDONOPOLIS,79.67,4
DOM AQUINO,CHAPADA DOS GUIMARAES,96.96,5
DOM AQUINO,SAO JOSE DO POVO,98.69,6
FELIZ NATAL,VERA,43.54,1
FELIZ NATAL,SANTA CARMEM,63.56,2
FELIZ NATAL,NOVA UBIRATA,75.24,3
FELIZ NATAL,SORRISO,87.55,4
FELIZ NATAL,CLAUDIA,104.42,5
FELIZ NATAL,UNIAO DO SUL,117.63,6
FIGUEIROPOLIS D'OESTE,JAURU,20.0,1
FIGUEIROPOLIS D'OESTE,ARAPUTANGA,41.42,2
FIGUEIROPOLIS D'OESTE,PORTO ESPERIDIAO,55.22,3
FIGUEIROPOLIS D'OESTE,GLORIA D'OESTE,57.87,4
FIGUEIROPOLIS D'OESTE,SAO JOSE DOS QUATRO MARCOS,63.7,5
FIGUEIROPOLIS D'OESTE,VALE DE SAO DOMINGOS,67.46,6
GENERAL CARNEIRO,BARRA DO GARCAS,57.0,1
GENERAL CARNEIRO,TORIXOREU,59.72,2
GENERAL CARNEIRO,PONTAL DO ARAGUAIA,80.66,3
GENERAL CARNEIRO,NOVO SAO JOAQUIM,93.13,4
GENERAL CARNEIRO,TESOURO,94.73,5
GENERAL CARNEIRO,ARAGUAIANA,98.67,6
GLORIA D'OESTE,PORTO ESPERIDIAO,19.36,1
GLORIA D'OESTE,SAO JOSE DOS QUATRO MARCOS,19.99,2
GLORIA D'OESTE,ARAPUTANGA,32.22,3
GLORIA D'OESTE,FIGUEIROPOLIS D'OESTE,57.87,4
GLORIA D'OESTE,RIO BRANCO,59.1,5
GLORIA D'OESTE,SALTO DO CEU,70.85,6
GUIRATINGA,TESOURO,36.91,1
GUIRATINGA,SAO JOSE DO POVO,56.17,2
GUIRATINGA,ALTO GARCAS,71.08,3
GUIRATINGA,PEDRA PRETA,82.28,4
GUIRATINGA,POXOREU,87.87,5
GUIRATINGA,RONDONOPOLIS,94.51,6
IPIRANGA DO NORTE,SORRISO,55.78,1
IPIRANGA DO NORTE,ITANHANGA,63.25,2
IPIRANGA DO NORTE,TAPURAH,80.93,3
IPIRANGA DO NORTE,VERA,83.5,4
IPIRANGA DO NORTE,SANTA CARMEM,94.5,5
IPIRANGA DO NORTE,LUCAS DO RIO VERDE,97.78,6
ITANHANGA,TAPURAH,59.48,1
ITANHANGA,IPIRANGA DO NORTE,63.25,2
ITANHANGA,NOVA MARINGA,97.1,3
ITANHANGA,SORRISO,107.9,4
ITANHANGA,PORTO DOS GAUCHOS,113.96,5
ITANHANGA,NOVO HORIZONTE DO NORTE,118.16,6
ITAUBA,NOVA SANTA HELENA,30.9,1
ITAUBA,COLIDER,40.02,2
ITAUBA,CLAUDIA,40.54,3
ITAUBA,SANTA CARMEM,86.55,4
ITAUBA,NOVA CANAA DO NORTE,88.64,5
ITAUBA,NOVA GUARITA,94.6,6
ITIQUIRA,ALTO GARCAS,71.64,1
ITIQUIRA,PEDRA PRETA,74.04,2
ITIQUIRA,SAO JOSE DO POVO,85.89,3
ITIQUIRA,RONDONOPOLIS,97.15,4
ITIQUIRA,ALTO ARAGUAIA,99.36,5
ITIQUIRA,GUIRATINGA,104.18,6
JANGADA,ACORIZAL,14.38,1
JANGADA,ROSARIO OESTE,45.32,2
JANGADA,CUIABA,57.82,3
JANGADA,VARZEA GRANDE,59.25,4
JANGADA,NOBRES,60.19,5
JANGADA,NOSSA SENHORA DO LIVRAMENTO,60.7,6
JAURU,FIGUEIROPOLIS D'OESTE,20.0,1
JAURU,VALE DE SAO DOMINGOS,50.72,2
JAURU,ARAPUTANGA,58.81,3
JAURU,PORTO ESPERIDIAO,74.61,4
JAURU,GLORIA D'OESTE,77.85,5
JAURU,SALTO DO CEU,82.23,6
JUINA,CASTANHEIRA,30.81,1
JUINA,BRASNORTE,119.17,2
JURUENA,CASTANHEIRA,94.36,1
LUCAS DO RIO VERDE,SORRISO,60.13,1
LUCAS DO RIO VERDE,NOVA UBIRATA,71.49,2
LUCAS DO RIO VERDE,TAPURAH,76.08,3
LUCAS DO RIO VERDE,NOVA MUTUM,88.43,4
LUCAS DO RIO VERDE,IPIRANGA DO NORTE,97.78,5
LUCAS DO RIO VERDE,VERA,105.3,6
LUCIARA,SANTA TEREZINHA,32.11,1
LUCIARA,VILA RICA,101.62,2
LUCIARA,PORTO ALEGRE DO NORTE,116.76,3
NOBRES,ROSARIO OESTE,16.69,1
NOBRES,NOVA MARILANDIA,27.08,2
NOBRES,ALTO PARAGUAI,28.34,3
NOBRES,DIAMANTINO,37.04,4
NOBRES,NOVA BRASILANDIA,46.37,5
NOBRES,ACORIZAL,53.07,6
NORTELANDIA,ARENAPOLIS,5.75,1
NORTELANDIA,ALTO PARAGUAI,36.23,2
NORTELANDIA,NOVA MARILANDIA,37.73,3
NORTELANDIA,DIAMANTINO,38.62,4
NORTELANDIA,DENISE,44.7,5
NORTELANDIA,SANTO AFONSO,46.06,6
NOSSA SENHORA DO LIVRAMENTO,VARZEA GRANDE,26.44,1
NOSSA SENHORA DO LIVRAMENTO,SANTO ANTONIO DO LEVERGER,30.74,2
NOSSA SENHORA DO LIVRAMENTO,CUIABA,32.77,3
NOSSA SENHORA DO LIVRAMENTO,JANGADA,60.7,4
NOSSA SENHORA DO LIVRAMENTO,POCONE,61.94,5
NOSSA SENHORA DO LIVRAMENTO,ACORIZAL,63.46,6
NOVA BRASILANDIA,NOBRES,46.37,1
NOVA BRASILANDIA,ACORIZAL,49.56,2
NOVA BRASILANDIA,ROSARIO OESTE,50.68,3
NOVA BRASILANDIA,CHAPADA DOS GUIMARAES,60.86,4
NOVA BRASILANDIA,JANGADA,63.64,5
NOVA BRASILANDIA,NOVA MARILANDIA,72.01,6
NOVA CANAA DO NORTE,COLIDER,57.03,1
NOVA CANAA DO NORTE,NOVA SANTA HELENA,70.9,2
NOVA CANAA DO NORTE,NOVA GUARITA,71.09,3
NOVA CANAA DO NORTE,ITAUBA,88.64,4
NOVA CANAA DO NORTE,PEIXOTO DE AZEVEDO,118.8,5
NOVA GUARITA,PEIXOTO DE AZEVEDO,51.03,1
NOVA GUARITA,COLIDER,57.38,2
NOVA GUARITA,NOVA SANTA HELENA,63.7,3
NOVA GUARITA,NOVA CANAA DO NORTE,71.09,4
NOVA GUARITA,ITAUBA,94.6,5
NOVA MARILANDIA,ALTO PARAGUAI,20.19,1
NOVA MARILANDIA,ROSARIO OESTE,24.03,2
NOVA MARILANDIA,NOBRES,27.08,3
NOVA MARILANDIA,DIAMANTINO,32.66,4
NOVA MARILANDIA,NORTELANDIA,37.73,5
NOVA MARILANDIA,ARENAPOLIS,38.29,6
NOVA MARINGA,TAPURAH,62.91,1
NOVA MARINGA,ITANHANGA,97.1,2
NOVA MARINGA,CAMPO NOVO DO PARECIS,116.41,3
NOVA MUTUM,DIAMANTINO,75.75,1
NOVA MUTUM,ALTO PARAGUAI,88.06,2
NOVA MUTUM,LUCAS DO RIO VERDE,88.43,3
NOVA MUTUM,NORTELANDIA,102.25,4
NOVA MUTUM,NOBRES,102.82,5
NOVA MUTUM,ARENAPOLIS,108.0,6
NOVA OLIMPIA,SANTO AFONSO,22.4,1
NOVA OLIMPIA,DENISE,26.01,2
NOVA OLIMPIA,TANGARA DA SERRA,29.26,3
NOVA OLIMPIA,BARRA DO BUGRES,32.95,4
NOVA OLIMPIA,PORTO ESTRELA,59.58,5
NOVA OLIMPIA,ARENAPOLIS,61.22,6
NOVA SANTA HELENA,COLIDER,13.97,1
NOVA SANTA HELENA,ITAUBA,30.9,2
NOVA SANTA HELENA,NOVA GUARITA,63.7,3
NOVA SANTA HELENA,NOVA CANAA DO NORTE,70.9,4
NOVA SANTA HELENA,CLAUDIA,71.39,5
NOVA SANTA HELENA,PEIXOTO DE AZEVEDO,81.36,6
NOVA UBIRATA,SORRISO,70.03,1
NOVA UBIRATA,LUCAS DO RIO VERDE,71.49,2
NOVA UBIRATA,FELIZ NATAL,75.24,3
NOVA UBIRATA,VERA,76.21,4
NOVA UBIRATA,SANTA CARMEM,118.97,5
NOVA XAVANTINA,AGUA BOA,40.91,1
NOVA XAVANTINA,CAMPINAPOLIS,60.63,2
NOVA XAVANTINA,NOVO SAO JOAQUIM,76.23,3
NOVO HORIZONTE DO NORTE,PORTO DOS GAUCHOS,14.38,1
NOVO HORIZONTE DO NORTE,BRASNORTE,107.62,2
NOVO HORIZONTE DO NORTE,ITANHANGA,118.16,3
NOVO SAO JOAQUIM,CAMPINAPOLIS,47.24,1
NOVO SAO JOAQUIM,SANTO ANTONIO DO LESTE,65.04,2
NOVO SAO JOAQUIM,NOVA XAVANTINA,76.23,3
NOVO SAO JOAQUIM,GENERAL CARNEIRO,93.13,4
NOVO SAO JOAQUIM,AGUA BOA,110.99,5
PARANATINGA,SANTO ANTONIO DO LESTE,63.53,1
PEDRA PRETA,RONDONOPOLIS,23.92,1
PEDRA PRETA,SAO JOSE DO POVO,28.97,2
PEDRA PRETA,ITIQUIRA,74.04,3
PEDRA PRETA,GUIRATINGA,82.28,4
PEDRA PRETA,SAO PEDRO DA CIPA,87.74,5
PEDRA PRETA,POXOREU,87.8,6
PEIXOTO DE AZEVEDO,NOVA GUARITA,51.03,1
PEIXOTO DE AZEVEDO,NOVA SANTA HELENA,81.36,2
PEIXOTO DE AZEVEDO,COLIDER,84.02,3
PEIXOTO DE AZEVEDO,ITAUBA,107.49,4
PEIXOTO DE AZEVEDO,NOVA CANAA DO NORTE,118.8,5
PLANALTO DA SERRA,NOVA BRASILANDIA,81.61,1
PLANALTO DA SERRA,CAMPO VERDE,99.87,2
PLANALTO DA SERRA,CHAPADA DOS GUIMARAES,102.75,3
PLANALTO DA SERRA,NOBRES,112.81,4
POCONE,NOSSA SENHORA DO LIVRAMENTO,61.94,1
POCONE,SANTO ANTONIO DO LEVERGER,72.71,2
POCONE,VARZEA GRANDE,85.68,3
POCONE,CUIABA,92.51,4
POCONE,JANGADA,114.04,5
POCONE,CACERES,114.73,6
PONTAL DO ARAGUAIA,ARAGUAIANA,22.36,1
PONTAL DO ARAGUAIA,BARRA DO GARCAS,26.82,2
PONTAL DO ARAGUAIA,TORIXOREU,71.27,3
PONTAL DO ARAGUAIA,GENERAL CARNEIRO,80.66,4
PONTE BRANCA,ARAGUAINHA,23.47,1
PONTE BRANCA,TORIXOREU,68.42,2
PONTE BRANCA,ALTO ARAGUAIA,73.62,3
PONTE BRANCA,ALTO GARCAS,76.67,4
PONTE BRANCA,TESOURO,107.35,5
PONTE BRANCA,GUIRATINGA,108.98,6
PORTO ALEGRE DO NORTE,CANABRAVA DO NORTE,27.41,1
PORTO ALEGRE DO NORTE,SANTA CRUZ DO XINGU,45.36,2
PORTO ALEGRE DO NORTE,ALTO BOA VISTA,93.07,3
PORTO ALEGRE DO NORTE,VILA RICA,110.88,4
PORTO ALEGRE DO NORTE,LUCIARA,116.76,5
PORTO DOS GAUCHOS,NOVO HORIZONTE DO NORTE,14.38,1
PORTO DOS GAUCHOS,BRASNORTE,93.48,2
PORTO DOS GAUCHOS,ITANHANGA,113.96,3
PORTO ESPERIDIAO,GLORIA D'OESTE,19.36,1
PORTO ESPERIDIAO,SAO JOSE DOS QUATRO MARCOS,39.2,2
PORTO ESPERIDIAO,ARAPUTANGA,44.43,3
PORTO ESPERIDIAO,FIGUEIROPOLIS D'OESTE,55.22,4
PORTO ESPERIDIAO,JAURU,74.61,5
PORTO ESPERIDIAO,RIO BRANCO,75.87,6
PORTO ESTRELA,BARRA DO BUGRES,28.51,1
PORTO ESTRELA,NOVA OLIMPIA,59.58,2
PORTO ESTRELA,DENISE,67.86,3
PORTO ESTRELA,SANTO AFONSO,77.88,4
PORTO ESTRELA,JANGADA,78.86,5
PORTO ESTRELA,TANGARA DA SERRA,84.03,6
POXOREU,DOM AQUINO,56.9,1
POXOREU,SAO PEDRO DA CIPA,57.58,2
POXOREU,SAO JOSE DO POVO,68.73,3
POXOREU,RONDONOPOLIS,75.34,4
POXOREU,PEDRA PRETA,87.8,5
POXOREU,GUIRATINGA,87.87,6
RIBEIRAO CASCALHEIRA,BOM JESUS DO ARAGUAIA,84.63,1
RIBEIRAO CASCALHEIRA,SERRA NOVA DOURADA,98.79,2
RIO BRANCO,SALTO DO CEU,13.27,1
RIO BRANCO,ARAPUTANGA,34.61,2
RIO BRANCO,SAO JOSE DOS QUATRO MARCOS,41.74,3
RIO BRANCO,GLORIA D'OESTE,59.1,4
RIO BRANCO,FIGUEIROPOLIS D'OESTE,69.73,5
RIO BRANCO,PORTO ESPERIDIAO,75.87,6
RONDONOPOLIS,PEDRA PRETA,23.92,1
RONDONOPOLIS,SAO JOSE DO POVO,38.51,2
RONDONOPOLIS,SAO PEDRO DA CIPA,64.7,3
RONDONOPOLIS,POXOREU,75.34,4
RONDONOPOLIS,DOM AQUINO,79.67,5
RONDONOPOLIS,GUIRATINGA,94.51,6
ROSARIO OESTE,NOBRES,16.69,1
ROSARIO OESTE,NOVA MARILANDIA,24.03,2
ROSARIO OESTE,ALTO PARAGUAI,36.19,3
ROSARIO OESTE,ACORIZAL,40.73,4
ROSARIO OESTE,JANGADA,45.32,5
ROSARIO OESTE,DIAMANTINO,47.66,6
SALTO DO CEU,RIO BRANCO,13.27,1
SALTO DO CEU,ARAPUTANGA,43.25,2
SALTO DO CEU,SAO JOSE DOS QUATRO MARCOS,54.46,3
SALTO DO CEU,GLORIA D'OESTE,70.85,4
SALTO DO CEU,FIGUEIROPOLIS D'OESTE,72.53,5
SALTO DO CEU,JAURU,82.23,6
SANTA CARMEM,VERA,43.62,1
SANTA CARMEM,CLAUDIA,47.29,2
SANTA CARMEM,FELIZ NATAL,63.56,3
SANTA CARMEM,SORRISO,86.27,4
SANTA CARMEM,ITAUBA,86.55,5
SANTA CARMEM,IPIRANGA DO NORTE,94.5,6
SANTA CRUZ DO XINGU,CANABRAVA DO NORTE,18.32,1
SANTA CRUZ DO XINGU,PORTO ALEGRE DO NORTE,45.36,2
SANTA CRUZ DO XINGU,ALTO BOA VISTA,92.31,3
SANTA TEREZINHA,LUCIARA,32.11,1
SANTA TEREZINHA,VILA RICA,83.11,2
SANTO AFONSO,DENISE,17.67,1
SANTO AFONSO,NOVA OLIMPIA,22.4,2
SANTO AFONSO,TANGARA DA SERRA,34.09,3
SANTO AFONSO,ARENAPOLIS,40.39,4
SANTO AFONSO,NORTELANDIA,46.06,5
SANTO AFONSO,BARRA DO BUGRES,49.5,6
SANTO ANTONIO DO LESTE,PARANATINGA,63.53,1
SANTO ANTONIO DO LESTE,NOVO SAO JOAQUIM,65.04,2
SANTO ANTONIO DO LESTE,CAMPINAPOLIS,85.96,3
SANTO ANTONIO DO LEVERGER,VARZEA GRANDE,25.05,1
SANTO ANTONIO DO LEVERGER,CUIABA,30.04,2
SANTO ANTONIO DO LEVERGER,NOSSA SENHORA DO LIVRAMENTO,30.74,3
SANTO ANTONIO DO LEVERGER,CHAPADA DOS GUIMARAES,57.1,4
SANTO ANTONIO DO LEVERGER,POCONE,72.71,5
SANTO ANTONIO DO LEVERGER,ACORIZAL,80.39,6
SAO JOSE DO POVO,PEDRA PRETA,28.97,1
SAO JOSE DO POVO,RONDONOPOLIS,38.51,2
SAO JOSE DO POVO,GUIRATINGA,56.17,3
SAO JOSE DO POVO,POXOREU,68.73,4
SAO JOSE DO POVO,ITIQUIRA,85.89,5
SAO JOSE DO POVO,SAO PEDRO DA CIPA,87.27,6
SAO JOSE DOS QUATRO MARCOS,GLORIA D'OESTE,19.99,1
SAO JOSE DOS QUATRO MARCOS,ARAPUTANGA,25.89,2
SAO JOSE DOS QUATRO MARCOS,PORTO ESPERIDIAO,39.2,3
SAO JOSE DOS QUATRO MARCOS,RIO BRANCO,41.74,4
SAO JOSE DOS QUATRO MARCOS,SALTO DO CEU,54.46,5
SAO JOSE DOS QUATRO MARCOS,FIGUEIROPOLIS D'OESTE,63.7,6
SAO PEDRO DA CIPA,DOM AQUINO,16.16,1
SAO PEDRO DA CIPA,CAMPO VERDE,52.93,2
SAO PEDRO DA CIPA,POXOREU,57.58,3
SAO PEDRO DA CIPA,RONDONOPOLIS,64.7,4
SAO PEDRO DA CIPA,SAO JOSE DO POVO,87.27,5
SAO PEDRO DA CIPA,PEDRA PRETA,87.74,6
SAPEZAL,CAMPOS DE JULIO,27.53,1
SAPEZAL,CAMPO NOVO DO PARECIS,103.53,2
SAPEZAL,COMODORO,103.59,3
SERRA NOVA DOURADA,BOM JESUS DO ARAGUAIA,26.21,1
SERRA NOVA DOURADA,ALTO BOA VISTA,49.63,2
SERRA NOVA DOURADA,RIBEIRAO CASCALHEIRA,98.79,3
SORRISO,VERA,51.08,1
SORRISO,IPIRANGA DO NORTE,55.78,2
SORRISO,LUCAS DO RIO VERDE,60.13,3
SORRISO,NOVA UBIRATA,70.03,4
SORRISO,SANTA CARMEM,86.27,5
SORRISO,FELIZ NATAL,87.55,6
TANGARA DA SERRA,NOVA OLIMPIA,29.26,1
TANGARA DA SERRA,SANTO AFONSO,34.09,2
TANGARA DA SERRA,DENISE,48.69,3
TANGARA DA SERRA,BARRA DO BUGRES,60.47,4
TANGARA DA SERRA,ARENAPOLIS,71.74,5
TANGARA DA SERRA,NORTELANDIA,77.01,6
TAPURAH,ITANHANGA,59.48,1
TAPURAH,NOVA MARINGA,62.91,2
TAPURAH,LUCAS DO RIO VERDE,76.08,3
TAPURAH,IPIRANGA DO NORTE,80.93,4
TAPURAH,SORRISO,92.67,5
TESOURO,GUIRATINGA,36.91,1
TESOURO,SAO JOSE DO POVO,87.44,2
TESOURO,POXOREU,93.84,3
TESOURO,GENERAL CARNEIRO,94.73,4
TESOURO,ALTO GARCAS,95.97,5
TESOURO,ARAGUAINHA,102.15,6
TORIXOREU,BARRA DO GARCAS,47.63,1
TORIXOREU,GENERAL CARNEIRO,59.72,2
TORIXOREU,PONTE BRANCA,68.42,3
TORIXOREU,PONTAL DO ARAGUAIA,71.27,4
TORIXOREU,ARAGUAINHA,88.13,5
TORIXOREU,ARAGUAIANA,93.56,6
UNIAO DO SUL,CLAUDIA,93.53,1
UNIAO DO SUL,SANTA CARMEM,108.82,2
UNIAO DO SUL,ITAUBA,110.6,3
UNIAO DO SUL,FELIZ NATAL,117.63,4
VALE DE SAO DOMINGOS,JAURU,50.72,1
VALE DE SAO DOMINGOS,FIGUEIROPOLIS D'OESTE,67.46,2
VALE DE SAO DOMINGOS,CONQUISTA D'OESTE,76.49,3
VALE DE SAO DOMINGOS,ARAPUTANGA,108.65,4
VALE DE SAO DOMINGOS,PORTO ESPERIDIAO,113.54,5
VARZEA GRANDE,CUIABA,6.84,1
VARZEA GRANDE,SANTO ANTONIO DO LEVERGER,25.05,2
VARZEA GRANDE,NOSSA SENHORA DO LIVRAMENTO,26.44,3
VARZEA GRANDE,CHAPADA DOS GUIMARAES,46.0,4
VARZEA GRANDE,ACORIZAL,55.75,5
VARZEA GRANDE,JANGADA,59.25,6
VERA,FELIZ NATAL,43.54,1
VERA,SANTA CARMEM,43.62,2
VERA,SORRISO,51.08,3
VERA,NOVA UBIRATA,76.21,4
VERA,IPIRANGA DO NORTE,83.5,5
VERA,CLAUDIA,90.88,6
VILA RICA,SANTA TEREZINHA,83.11,1
VILA RICA,LUCIARA,101.62,2
VILA RICA,PORTO ALEGRE DO NORTE,110.88,3
