municipio,alvos_monitorados,tests_8sem,positives_8sem,notificacoes_8sem,populacao,risco_medio,risco_max,positividade_media,alvos_alto_alerta,alvos_alerta,score_risco_territorial,faixa_risco,banda_absoluta,percentil_estadual,banda_percentil,banda_risco,criterio_banda,sinal,acao_sugerida,responsavel,prazo_acao,checklist_operacional
GAUCHA DO NORTE,2,14,0,0.0,,0.7007055989583335,1.3257055989583335,0.0,0,0,0.9043144791666669,alto_alerta,Moderado,100.0,Crítico,Crítico,percentil,risco_territorial,"Monitorar tendência, validar positivos e articular resposta municipal em 48–72h.",CIEVS / Sala de Situação + vigilância municipal,48–72h,1) Revisar score de risco; 2) Validar exames/positivos; 3) Articular resposta municipal; 4) Reavaliar na próxima SE
NOVA UBIRATA,3,11,0,0.0,,0.4339659206081082,1.2672992539414416,0.0,0,0,0.80550606981982,alto_alerta,Moderado,99.6,Crítico,Crítico,percentil,risco_territorial,"Monitorar tendência, validar positivos e articular resposta municipal em 48–72h.",CIEVS / Sala de Situação + vigilância municipal,48–72h,1) Revisar score de risco; 2) Validar exames/positivos; 3) Articular resposta municipal; 4) Reavaliar na próxima SE
CUIABA,62,1373,11,0.0,,0.058188379761611564,1.4223901389911682,0.0064353209514499835,0,0,0.7968616713855454,alto_alerta,Moderado,99.1,Crítico,Crítico,percentil,risco_territorial,"Monitorar tendência, validar positivos e articular resposta municipal em 48–72h.",CIEVS / Sala de Situação + vigilância municipal,48–72h,1) Revisar score de risco; 2) Validar exames/positivos; 3) Articular resposta municipal; 4) Reavaliar na próxima SE
PEDRA PRETA,1,28,0,0.0,,0.3125,1.25,0.0,0,0,0.765625,alto_alerta,Moderado,98.7,Crítico,Crítico,percentil,risco_territorial,"Monitorar tendência, validar positivos e articular resposta municipal em 48–72h.",CIEVS / Sala de Situação + vigilância municipal,48–72h,1) Revisar score de risco; 2) Validar exames/positivos; 3) Articular resposta municipal; 4) Reavaliar na próxima SE
RIO DE JANEIRO,1,19,0,0.0,,0.7228633656670783,1.0621665781230538,0.0,0,0,0.7649074593844492,alto_alerta,Moderado,98.3,Crítico,Crítico,percentil,risco_territorial,"Monitorar tendência, validar positivos e articular resposta municipal em 48–72h.",CIEVS / Sala de Situação + vigilância municipal,48–72h,1) Revisar score de risco; 2) Validar exames/positivos; 3) Articular resposta municipal; 4) Reavaliar na próxima SE
VILA RICA,4,10,0,0.0,,0.34169824394707216,1.2269794939470722,0.0,0,0,0.7602632826576579,alto_alerta,Moderado,97.9,Crítico,Crítico,percentil,risco_territorial,"Monitorar tendência, validar positivos e articular resposta municipal em 48–72h.",CIEVS / Sala de Situação + vigilância municipal,48–72h,1) Revisar score de risco; 2) Validar exames/positivos; 3) Articular resposta municipal; 4) Reavaliar na próxima SE
BARAO DE MELGACO,3,10,1,0.0,,0.5692108666048351,1.1228977994435163,0.041666666666666664,0,0,0.7598965063451427,alto_alerta,Moderado,97.4,Crítico,Crítico,percentil,risco_territorial,"Monitorar tendência, validar positivos e articular resposta municipal em 48–72h.",CIEVS / Sala de Situação + vigilância municipal,48–72h,1) Revisar score de risco; 2) Validar exames/positivos; 3) Articular resposta municipal; 4) Reavaliar na próxima SE
APIACAS,5,14,1,0.0,,0.2550653962556307,1.2550653962556306,0.06666666666666667,0,0,0.7540523170045046,alto_alerta,Moderado,97.0,Crítico,Crítico,percentil,risco_territorial,"Monitorar tendência, validar positivos e articular resposta municipal em 48–72h.",CIEVS / Sala de Situação + vigilância municipal,48–72h,1) Revisar score de risco; 2) Validar exames/positivos; 3) Articular resposta municipal; 4) Reavaliar na próxima SE
NOSSA SENHORA DO LIVRAMENTO,9,31,0,0.0,,0.16657415540540554,1.2879304054054055,0.0,0,0,0.7500052618243245,alto_alerta,Moderado,96.6,Crítico,Crítico,percentil,risco_territorial,"Monitorar tendência, validar positivos e articular resposta municipal em 48–72h.",CIEVS / Sala de Situação + vigilância municipal,48–72h,1) Revisar score de risco; 2) Validar exames/positivos; 3) Articular resposta municipal; 4) Reavaliar na próxima SE
LUCAS DO RIO VERDE,10,519,0,0.0,,0.20277732142857144,1.25,0.0,0,0,0.7381943303571429,alto_alerta,Moderado,96.1,Crítico,Crítico,percentil,risco_territorial,"Monitorar tendência, validar positivos e articular resposta municipal em 48–72h.",CIEVS / Sala de Situação + vigilância municipal,48–72h,1) Revisar score de risco; 2) Validar exames/positivos; 3) Articular resposta municipal; 4) Reavaliar na próxima SE
CAMPO NOVO DO PARECIS,18,106,1,0.0,,0.19576567995743716,1.25,0.003703703703703704,0,0,0.7364414199893593,alto_alerta,Moderado,95.7,Crítico,Crítico,percentil,risco_territorial,"Monitorar tendência, validar positivos e articular resposta municipal em 48–72h.",CIEVS / Sala de Situação + vigilância municipal,48–72h,1) Revisar score de risco; 2) Validar exames/positivos; 3) Articular resposta municipal; 4) Reavaliar na próxima SE
TERRA NOVA DO NORTE,4,56,4,0.0,,0.18869161819256908,1.25,0.07692307692307693,0,0,0.7346729045481423,alto_alerta,Moderado,95.3,Crítico,Crítico,percentil,risco_territorial,"Monitorar tendência, validar positivos e articular resposta municipal em 48–72h.",CIEVS / Sala de Situação + vigilância municipal,48–72h,1) Revisar score de risco; 2) Validar exames/positivos; 3) Articular resposta municipal; 4) Reavaliar na próxima SE
GUARANTA DO NORTE,30,210,0,0.0,,0.1875905455430057,1.25,0.0,0,0,0.7343976363857514,alto_alerta,Moderado,94.8,Crítico,Crítico,percentil,risco_territorial,"Monitorar tendência, validar positivos e articular resposta municipal em 48–72h.",CIEVS / Sala de Situação + vigilância municipal,48–72h,1) Revisar score de risco; 2) Validar exames/positivos; 3) Articular resposta municipal; 4) Reavaliar na próxima SE
JACIARA,7,36,0,0.0,,0.17194047619047617,1.25,0.0,0,0,0.730485119047619,alto_alerta,Moderado,94.4,Crítico,Crítico,percentil,risco_territorial,"Monitorar tendência, validar positivos e articular resposta municipal em 48–72h.",CIEVS / Sala de Situação + vigilância municipal,48–72h,1) Revisar score de risco; 2) Validar exames/positivos; 3) Articular resposta municipal; 4) Reavaliar na próxima SE
TANGARA DA SERRA,18,247,0,0.0,,0.13919745244599369,1.25,0.0,0,0,0.7222993631114984,alto_alerta,Moderado,94.0,Crítico,Crítico,percentil,risco_territorial,"Monitorar tendência, validar positivos e articular resposta municipal em 48–72h.",CIEVS / Sala de Situação + vigilância municipal,48–72h,1) Revisar score de risco; 2) Validar exames/positivos; 3) Articular resposta municipal; 4) Reavaliar na próxima SE
CACERES,33,271,0,0.0,,0.1121736517937174,1.2607764287725225,0.0,0,0,0.7214704487733168,alto_alerta,Moderado,93.6,Crítico,Crítico,percentil,risco_territorial,"Monitorar tendência, validar positivos e articular resposta municipal em 48–72h.",CIEVS / Sala de Situação + vigilância municipal,48–72h,1) Revisar score de risco; 2) Validar exames/positivos; 3) Articular resposta municipal; 4) Reavaliar na próxima SE
SINOP,31,398,7,0.0,,0.12495671543249096,1.25,0.03285268321688717,0,0,0.7187391788581228,alto_alerta,Moderado,93.1,Crítico,Crítico,percentil,risco_territorial,"Monitorar tendência, validar positivos e articular resposta municipal em 48–72h.",CIEVS / Sala de Situação + vigilância municipal,48–72h,1) Revisar score de risco; 2) Validar exames/positivos; 3) Articular resposta municipal; 4) Reavaliar na próxima SE
SORRISO,31,272,2,0.0,,0.06881137892064099,1.247825,0.011256720430107526,0,0,0.7035065947301602,alto_alerta,Moderado,92.7,Crítico,Crítico,percentil,risco_territorial,"Monitorar tendência, validar positivos e articular resposta municipal em 48–72h.",CIEVS / Sala de Situação + vigilância municipal,48–72h,1) Revisar score de risco; 2) Validar exames/positivos; 3) Articular resposta municipal; 4) Reavaliar na próxima SE
NOVA XAVANTINA,14,37,0,0.0,,0.048657738095238094,1.25,0.0,0,0,0.6996644345238096,alto_alerta,Moderado,92.3,Crítico,Crítico,percentil,risco_territorial,"Monitorar tendência, validar positivos e articular resposta municipal em 48–72h.",CIEVS / Sala de Situação + vigilância municipal,48–72h,1) Revisar score de risco; 2) Validar exames/positivos; 3) Articular resposta municipal; 4) Reavaliar na próxima SE
NOBRES,3,13,0,0.0,,0.15218342952327332,1.2014056517454954,0.0,0,0,0.6988189658408409,alto_alerta,Moderado,91.8,Crítico,Crítico,percentil,risco_territorial,"Monitorar tendência, validar positivos e articular resposta municipal em 48–72h.",CIEVS / Sala de Situação + vigilância municipal,48–72h,1) Revisar score de risco; 2) Validar exames/positivos; 3) Articular resposta municipal; 4) Reavaliar na próxima SE
NOVA OLIMPIA,3,13,0,0.0,,0.19672916666666665,1.180375,0.0,0,0,0.6983885416666666,alto_alerta,Moderado,91.4,Crítico,Crítico,percentil,risco_territorial,"Monitorar tendência, validar positivos e articular resposta municipal em 48–72h.",CIEVS / Sala de Situação + vigilância municipal,48–72h,1) Revisar score de risco; 2) Validar exames/positivos; 3) Articular resposta municipal; 4) Reavaliar na próxima SE
ALTA FLORESTA,6,51,1,0.0,,0.1367045089720226,1.01175,0.041666666666666664,0,0,0.5906386272430056,alto_alerta,Moderado,91.0,Crítico,Crítico,percentil,risco_territorial,"Monitorar tendência, validar positivos e articular resposta municipal em 48–72h.",CIEVS / Sala de Situação + vigilância municipal,48–72h,1) Revisar score de risco; 2) Validar exames/positivos; 3) Articular resposta municipal; 4) Reavaliar na próxima SE
COTRIGUACU,6,12,0,0.0,,0.2426547930743246,0.9452589597409913,0.0,0,0,0.5805561261261264,alto_alerta,Baixo,90.6,Crítico,Crítico,percentil,risco_territorial,"Monitorar tendência, validar positivos e articular resposta municipal em 48–72h.",CIEVS / Sala de Situação + vigilância municipal,48–72h,1) Revisar score de risco; 2) Validar exames/positivos; 3) Articular resposta municipal; 4) Reavaliar na próxima SE
MIRASSOL D''OESTE,12,31,1,0.0,,0.09411718749999999,1.0,0.006944444444444444,0,0,0.5735292968750001,alto_alerta,Moderado,90.1,Crítico,Crítico,percentil,risco_territorial,"Monitorar tendência, validar positivos e articular resposta municipal em 48–72h.",CIEVS / Sala de Situação + vigilância municipal,48–72h,1) Revisar score de risco; 2) Validar exames/positivos; 3) Articular resposta municipal; 4) Reavaliar na próxima SE
NOVO HORIZONTE DO NORTE,2,5,0,0.0,,0.4240453512105857,0.8456078512105857,0.0,0,0,0.5710956559684686,alerta,Baixo,89.7,Alto,Alto,percentil,risco_territorial,"Monitorar tendência, validar positivos e articular resposta municipal em 48–72h.",CIEVS / Sala de Situação + vigilância municipal,48–72h,1) Revisar score de risco; 2) Validar exames/positivos; 3) Articular resposta municipal; 4) Reavaliar na próxima SE
RONDONOPOLIS,32,271,0,0.0,,0.09448255620256604,0.978025,0.0,0,0,0.5615343890506416,alerta,Baixo,89.3,Alto,Alto,percentil,risco_territorial,"Monitorar tendência, validar positivos e articular resposta municipal em 48–72h.",CIEVS / Sala de Situação + vigilância municipal,48–72h,1) Revisar score de risco; 2) Validar exames/positivos; 3) Articular resposta municipal; 4) Reavaliar na próxima SE
POCONE,8,30,2,0.0,,0.1357438908965867,0.9561549324140796,0.05,0,0,0.5598211855518905,alerta,Baixo,88.8,Alto,Alto,percentil,risco_territorial,"Monitorar tendência, validar positivos e articular resposta municipal em 48–72h.",CIEVS / Sala de Situação + vigilância municipal,48–72h,1) Revisar score de risco; 2) Validar exames/positivos; 3) Articular resposta municipal; 4) Reavaliar na próxima SE
LUCIARA,2,7,0,0.0,,0.46037663288288294,0.7976266328828829,0.0,0,0,0.5537888063063064,alerta,Baixo,88.4,Alto,Alto,percentil,risco_territorial,"Monitorar tendência, validar positivos e articular resposta municipal em 48–72h.",CIEVS / Sala de Situação + vigilância municipal,48–72h,1) Revisar score de risco; 2) Validar exames/positivos; 3) Articular resposta municipal; 4) Reavaliar na próxima SE
CONFRESA,7,26,0,0.0,,0.2450876443342748,0.8391365576467605,0.0,0,0,0.522797017789287,alerta,Baixo,88.0,Alto,Alto,percentil,risco_territorial,"Monitorar tendência, validar positivos e articular resposta municipal em 48–72h.",CIEVS / Sala de Situação + vigilância municipal,48–72h,1) Revisar score de risco; 2) Validar exames/positivos; 3) Articular resposta municipal; 4) Reavaliar na próxima SE
CLAUDIA,5,21,0,0.0,,0.09659919151766257,0.8984394226804695,0.0,0,0,0.5182914803536739,alerta,Baixo,87.6,Alto,Alto,percentil,risco_territorial,"Monitorar tendência, validar positivos e articular resposta municipal em 48–72h.",CIEVS / Sala de Situação + vigilância municipal,48–72h,1) Revisar score de risco; 2) Validar exames/positivos; 3) Articular resposta municipal; 4) Reavaliar na próxima SE
BARRA DO GARCAS,15,56,1,0.0,,0.10204705438362138,0.8952362208164897,0.0033333333333333335,0,0,0.5178916850449747,alerta,Baixo,87.1,Alto,Alto,percentil,risco_territorial,"Monitorar tendência, validar positivos e articular resposta municipal em 48–72h.",CIEVS / Sala de Situação + vigilância municipal,48–72h,1) Revisar score de risco; 2) Validar exames/positivos; 3) Articular resposta municipal; 4) Reavaliar na próxima SE
GLORIA D''OESTE,6,32,0,0.0,,0.1699836158827728,0.843125,0.0,0,0,0.5062146539706933,alerta,Baixo,86.7,Alto,Alto,percentil,risco_territorial,"Monitorar tendência, validar positivos e articular resposta municipal em 48–72h.",CIEVS / Sala de Situação + vigilância municipal,48–72h,1) Revisar score de risco; 2) Validar exames/positivos; 3) Articular resposta municipal; 4) Reavaliar na próxima SE
JURUENA,4,30,0,0.0,,0.27075895974099107,0.7941990639076577,0.0,0,0,0.5044992250844595,alerta,Baixo,86.3,Alto,Alto,percentil,risco_territorial,"Monitorar tendência, validar positivos e articular resposta municipal em 48–72h.",CIEVS / Sala de Situação + vigilância municipal,48–72h,1) Revisar score de risco; 2) Validar exames/positivos; 3) Articular resposta municipal; 4) Reavaliar na próxima SE
SANTO AFONSO,4,10,0,0.0,,0.19764235376052372,0.7905694150420949,0.0,0,0,0.48422376671328315,alerta,Baixo,85.8,Alto,Alto,percentil,risco_territorial,"Monitorar tendência, validar positivos e articular resposta municipal em 48–72h.",CIEVS / Sala de Situação + vigilância municipal,48–72h,1) Revisar score de risco; 2) Validar exames/positivos; 3) Articular resposta municipal; 4) Reavaliar na próxima SE
AGUA BOA,12,36,0,0.0,,0.054026604253732013,0.843125,0.0,0,0,0.4772254010634331,alerta,Baixo,85.4,Alto,Alto,percentil,risco_territorial,"Monitorar tendência, validar positivos e articular resposta municipal em 48–72h.",CIEVS / Sala de Situação + vigilância municipal,48–72h,1) Revisar score de risco; 2) Validar exames/positivos; 3) Articular resposta municipal; 4) Reavaliar na próxima SE
PONTES E LACERDA,16,49,1,0.0,,0.04905192598104818,0.843125,0.0078125,0,0,0.47598173149526213,alerta,Baixo,85.0,Alto,Alto,percentil,risco_territorial,"Monitorar tendência, validar positivos e articular resposta municipal em 48–72h.",CIEVS / Sala de Situação + vigilância municipal,48–72h,1) Revisar score de risco; 2) Validar exames/positivos; 3) Articular resposta municipal; 4) Reavaliar na próxima SE
ROSARIO OESTE,2,13,0,0.0,,0.16821198268581095,0.737321357685811,0.0,0,0,0.44757974239864884,alerta,Baixo,84.5,Alto,Alto,percentil,risco_territorial,"Monitorar tendência, validar positivos e articular resposta municipal em 48–72h.",CIEVS / Sala de Situação + vigilância municipal,48–72h,1) Revisar score de risco; 2) Validar exames/positivos; 3) Articular resposta municipal; 4) Reavaliar na próxima SE
JUINA,9,209,0,0.0,,0.1647216435185185,0.7250875,0.0,0,0,0.43997853587962965,alerta,Baixo,84.1,Alto,Alto,percentil,risco_territorial,"Monitorar tendência, validar positivos e articular resposta municipal em 48–72h.",CIEVS / Sala de Situação + vigilância municipal,48–72h,1) Revisar score de risco; 2) Validar exames/positivos; 3) Articular resposta municipal; 4) Reavaliar na próxima SE
TABAPORA,3,10,1,0.0,,0.28696522054803925,0.6614378277661476,0.3333333333333333,0,0,0.435532110408391,alerta,Baixo,83.7,Alto,Alto,percentil,risco_territorial,"Monitorar tendência, validar positivos e articular resposta municipal em 48–72h.",CIEVS / Sala de Situação + vigilância municipal,48–72h,1) Revisar score de risco; 2) Validar exames/positivos; 3) Articular resposta municipal; 4) Reavaliar na próxima SE
BARRA DO BUGRES,5,17,0,0.0,,0.07717339878941445,0.7517327737894145,0.0,0,0,0.43274637528153165,alerta,Baixo,83.3,Alto,Alto,percentil,risco_territorial,"Monitorar tendência, validar positivos e articular resposta municipal em 48–72h.",CIEVS / Sala de Situação + vigilância municipal,48–72h,1) Revisar score de risco; 2) Validar exames/positivos; 3) Articular resposta municipal; 4) Reavaliar na próxima SE
SENADOR CANEDO,1,2,0,0.0,,0.5303300858899106,0.5303300858899106,0.0,0,0,0.42426406871192845,alerta,Baixo,82.8,Alto,Alto,percentil,risco_territorial,"Monitorar tendência, validar positivos e articular resposta municipal em 48–72h.",CIEVS / Sala de Situação + vigilância municipal,48–72h,1) Revisar score de risco; 2) Validar exames/positivos; 3) Articular resposta municipal; 4) Reavaliar na próxima SE
PORTO VELHO,1,11,0,0.0,,0.21078125,0.6745,0.0,0,0,0.4236703125,alerta,Baixo,82.4,Alto,Alto,percentil,risco_territorial,"Monitorar tendência, validar positivos e articular resposta municipal em 48–72h.",CIEVS / Sala de Situação + vigilância municipal,48–72h,1) Revisar score de risco; 2) Validar exames/positivos; 3) Articular resposta municipal; 4) Reavaliar na próxima SE
NOVA SANTA HELENA,1,5,0,0.0,,0.30755876073418525,0.6151175214683705,0.0,0,0,0.4152043269911501,alerta,Baixo,82.0,Alto,Alto,percentil,risco_territorial,"Monitorar tendência, validar positivos e articular resposta municipal em 48–72h.",CIEVS / Sala de Situação + vigilância municipal,48–72h,1) Revisar score de risco; 2) Validar exames/positivos; 3) Articular resposta municipal; 4) Reavaliar na próxima SE
CAMPO GRANDE,4,24,1,0.0,,0.11075897492870675,0.6975544985741348,0.013888888888888888,0,0,0.41134471794795086,alerta,Baixo,81.5,Alto,Alto,percentil,risco_territorial,"Monitorar tendência, validar positivos e articular resposta municipal em 48–72h.",CIEVS / Sala de Situação + vigilância municipal,48–72h,1) Revisar score de risco; 2) Validar exames/positivos; 3) Articular resposta municipal; 4) Reavaliar na próxima SE
CHAPADA DOS GUIMARAES,26,76,0,0.0,,0.06685673414903853,0.7107933030686937,0.0,0,0,0.4076505002250412,alerta,Baixo,81.1,Alto,Alto,percentil,risco_territorial,"Monitorar tendência, validar positivos e articular resposta municipal em 48–72h.",CIEVS / Sala de Situação + vigilância municipal,48–72h,1) Revisar score de risco; 2) Validar exames/positivos; 3) Articular resposta municipal; 4) Reavaliar na próxima SE
ITAPECURU MIRIM,1,3,0,0.0,,0.505875,0.505875,0.0,0,0,0.40469999999999995,alerta,Baixo,80.7,Alto,Alto,percentil,risco_territorial,"Monitorar tendência, validar positivos e articular resposta municipal em 48–72h.",CIEVS / Sala de Situação + vigilância municipal,48–72h,1) Revisar score de risco; 2) Validar exames/positivos; 3) Articular resposta municipal; 4) Reavaliar na próxima SE
FELIZ NATAL,2,8,0,0.0,,0.16311566968906824,0.652462678756273,0.0,0,0,0.39963339073821724,alerta,Baixo,80.3,Alto,Alto,percentil,risco_territorial,"Monitorar tendência, validar positivos e articular resposta municipal em 48–72h.",CIEVS / Sala de Situação + vigilância municipal,48–72h,1) Revisar score de risco; 2) Validar exames/positivos; 3) Articular resposta municipal; 4) Reavaliar na próxima SE
MATUPA,18,57,0,0.0,,0.11176106799592261,0.6745,0.0,0,0,0.39891526699898067,alerta,Baixo,79.8,Alto,Alto,percentil,risco_territorial,"Monitorar tendência, validar positivos e articular resposta municipal em 48–72h.",CIEVS / Sala de Situação + vigilância municipal,48–72h,1) Revisar score de risco; 2) Validar exames/positivos; 3) Articular resposta municipal; 4) Reavaliar na próxima SE
SANTA CRUZ DO XINGU,1,6,0,0.0,,0.4814310212556306,0.4814310212556306,0.0,0,0,0.3851448170045045,alerta,Baixo,79.4,Alto,Alto,percentil,risco_territorial,"Monitorar tendência, validar positivos e articular resposta municipal em 48–72h.",CIEVS / Sala de Situação + vigilância municipal,48–72h,1) Revisar score de risco; 2) Validar exames/positivos; 3) Articular resposta municipal; 4) Reavaliar na próxima SE
DIAMANTINO,12,32,0,0.0,,0.042275585985657026,0.6778304038708706,0.0,0,0,0.3833756186253931,alerta,Baixo,79.0,Alto,Alto,percentil,risco_territorial,"Monitorar tendência, validar positivos e articular resposta municipal em 48–72h.",CIEVS / Sala de Situação + vigilância municipal,48–72h,1) Revisar score de risco; 2) Validar exames/positivos; 3) Articular resposta municipal; 4) Reavaliar na próxima SE
SANTO ANTONIO DO LESTE,1,4,0,0.0,,0.47764025038362146,0.47764025038362146,0.0,0,0,0.3821122003068972,alerta,Baixo,78.5,Alto,Alto,percentil,risco_territorial,"Monitorar tendência, validar positivos e articular resposta municipal em 48–72h.",CIEVS / Sala de Situação + vigilância municipal,48–72h,1) Revisar score de risco; 2) Validar exames/positivos; 3) Articular resposta municipal; 4) Reavaliar na próxima SE
CORUMBA,1,2,0,0.0,,0.4677071733467426,0.4677071733467426,0.0,0,0,0.3741657386773941,alerta,Baixo,78.1,Alto,Alto,percentil,risco_territorial,"Monitorar tendência, validar positivos e articular resposta municipal em 48–72h.",CIEVS / Sala de Situação + vigilância municipal,48–72h,1) Revisar score de risco; 2) Validar exames/positivos; 3) Articular resposta municipal; 4) Reavaliar na próxima SE
MARCELANDIA,4,27,0,0.0,,0.09116289062500002,0.6251420572916667,0.0,0,0,0.36661885416666673,alerta,Baixo,77.7,Alto,Alto,percentil,risco_territorial,"Monitorar tendência, validar positivos e articular resposta municipal em 48–72h.",CIEVS / Sala de Situação + vigilância municipal,48–72h,1) Revisar score de risco; 2) Validar exames/positivos; 3) Articular resposta municipal; 4) Reavaliar na próxima SE
NOVA BANDEIRANTES,1,4,0,0.0,,0.28036754645270284,0.5333050464527028,0.0,0,0,0.3634096621621623,alerta,Baixo,77.3,Alto,Alto,percentil,risco_territorial,"Monitorar tendência, validar positivos e articular resposta municipal em 48–72h.",CIEVS / Sala de Situação + vigilância municipal,48–72h,1) Revisar score de risco; 2) Validar exames/positivos; 3) Articular resposta municipal; 4) Reavaliar na próxima SE
ARIPUANA,5,31,0,0.0,,0.18872992328265767,0.5597049232826576,0.0,0,0,0.3550201886261261,alerta,Baixo,76.8,Alto,Alto,percentil,risco_territorial,"Monitorar tendência, validar positivos e articular resposta municipal em 48–72h.",CIEVS / Sala de Situação + vigilância municipal,48–72h,1) Revisar score de risco; 2) Validar exames/positivos; 3) Articular resposta municipal; 4) Reavaliar na próxima SE
ACORIZAL,1,8,0,0.0,,0.2071258094031533,0.5443758094031533,0.0,0,0,0.3511881475225227,alerta,Baixo,76.4,Alto,Alto,percentil,risco_territorial,"Monitorar tendência, validar positivos e articular resposta municipal em 48–72h.",CIEVS / Sala de Situação + vigilância municipal,48–72h,1) Revisar score de risco; 2) Validar exames/positivos; 3) Articular resposta municipal; 4) Reavaliar na próxima SE
NOVO PROGRESSO,1,5,0,0.0,,0.4269408401788921,0.4269408401788921,0.0,0,0,0.3415526721431137,alerta,Baixo,76.0,Alto,Alto,percentil,risco_territorial,"Monitorar tendência, validar positivos e articular resposta municipal em 48–72h.",CIEVS / Sala de Situação + vigilância municipal,48–72h,1) Revisar score de risco; 2) Validar exames/positivos; 3) Articular resposta municipal; 4) Reavaliar na próxima SE
RIBEIRAO CASCALHEIRA,2,5,0,0.0,,0.29190325661884936,0.4757621333108969,0.0,0,0,0.33464498747570565,alerta,Baixo,75.5,Alto,Alto,percentil,risco_territorial,"Monitorar tendência, validar positivos e articular resposta municipal em 48–72h.",CIEVS / Sala de Situação + vigilância municipal,48–72h,1) Revisar score de risco; 2) Validar exames/positivos; 3) Articular resposta municipal; 4) Reavaliar na próxima SE
TAPURAH,4,15,0,0.0,,0.15717366730581098,0.5303300858899106,0.0,0,0,0.3309749640659036,atencao,Baixo,75.1,Alto,Alto,percentil,risco_territorial,"Monitorar tendência, validar positivos e articular resposta municipal em 48–72h.",CIEVS / Sala de Situação + vigilância municipal,48–72h,1) Revisar score de risco; 2) Validar exames/positivos; 3) Articular resposta municipal; 4) Reavaliar na próxima SE
NOVO MUNDO,2,8,0,0.0,,0.14455237839044566,0.5358945081025261,0.0,0,0,0.33088007405400083,atencao,Baixo,74.7,Moderado,Moderado,percentil,risco_territorial,"Monitorar tendência, validar positivos e articular resposta municipal em 48–72h.",CIEVS / Sala de Situação + vigilância municipal,48–72h,1) Revisar score de risco; 2) Validar exames/positivos; 3) Articular resposta municipal; 4) Reavaliar na próxima SE
CAMPINAPOLIS,3,32,0,0.0,,0.2986494967623878,0.44760158009572104,0.0,0,0,0.32084324324324354,atencao,Baixo,74.2,Moderado,Moderado,percentil,risco_territorial,"Monitorar tendência, validar positivos e articular resposta municipal em 48–72h.",CIEVS / Sala de Situação + vigilância municipal,48–72h,1) Revisar score de risco; 2) Validar exames/positivos; 3) Articular resposta municipal; 4) Reavaliar na próxima SE
VARZEA GRANDE,57,900,0,0.0,,0.027667870823398166,0.5619514869490164,0.0,0,0,0.3159902855278086,atencao,Baixo,73.8,Moderado,Moderado,percentil,risco_territorial,"Monitorar tendência, validar positivos e articular resposta municipal em 48–72h.",CIEVS / Sala de Situação + vigilância municipal,48–72h,1) Revisar score de risco; 2) Validar exames/positivos; 3) Articular resposta municipal; 4) Reavaliar na próxima SE
GENERAL CARNEIRO,2,9,0,0.0,,0.13806171874999992,0.4191033854166666,0.0,0,0,0.26502229166666663,atencao,Baixo,73.4,Moderado,Moderado,percentil,risco_territorial,"Monitorar tendência, validar positivos e articular resposta municipal em 48–72h.",CIEVS / Sala de Situação + vigilância municipal,48–72h,1) Revisar score de risco; 2) Validar exames/positivos; 3) Articular resposta municipal; 4) Reavaliar na próxima SE
SANTO ANTONIO DO LEVERGER,6,30,0,0.0,,0.11122983530405416,0.41686264780405413,0.0,0,0,0.2570819151182433,atencao,Baixo,73.0,Moderado,Moderado,percentil,risco_territorial,"Monitorar tendência, validar positivos e articular resposta municipal em 48–72h.",CIEVS / Sala de Situação + vigilância municipal,48–72h,1) Revisar score de risco; 2) Validar exames/positivos; 3) Articular resposta municipal; 4) Reavaliar na próxima SE
PEIXOTO DE AZEVEDO,9,23,0,0.0,,0.03235144050300312,0.4422038710585587,0.0,0,0,0.2512999892079581,atencao,Baixo,72.5,Moderado,Moderado,percentil,risco_territorial,"Monitorar tendência, validar positivos e articular resposta municipal em 48–72h.",CIEVS / Sala de Situação + vigilância municipal,48–72h,1) Revisar score de risco; 2) Validar exames/positivos; 3) Articular resposta municipal; 4) Reavaliar na próxima SE
CAMPO VERDE,11,167,0,0.0,,0.052801767676767676,0.4215625,0.0,0,0,0.24505981691919196,atencao,Baixo,72.1,Moderado,Moderado,percentil,risco_territorial,"Monitorar tendência, validar positivos e articular resposta municipal em 48–72h.",CIEVS / Sala de Situação + vigilância municipal,48–72h,1) Revisar score de risco; 2) Validar exames/positivos; 3) Articular resposta municipal; 4) Reavaliar na próxima SE
CHAPADAO DO SUL,1,3,0,0.0,,0.30618621784789724,0.30618621784789724,0.0,0,0,0.2449489742783178,atencao,Baixo,71.7,Moderado,Moderado,percentil,risco_territorial,"Monitorar tendência, validar positivos e articular resposta municipal em 48–72h.",CIEVS / Sala de Situação + vigilância municipal,48–72h,1) Revisar score de risco; 2) Validar exames/positivos; 3) Articular resposta municipal; 4) Reavaliar na próxima SE
COLNIZA,5,31,0,0.0,,0.23524159675300327,0.32662548564189214,0.0,0,0,0.23845441629129152,atencao,Baixo,71.2,Moderado,Moderado,percentil,risco_territorial,"Monitorar tendência, validar positivos e articular resposta municipal em 48–72h.",CIEVS / Sala de Situação + vigilância municipal,48–72h,1) Revisar score de risco; 2) Validar exames/positivos; 3) Articular resposta municipal; 4) Reavaliar na próxima SE
UBERLANDIA,1,7,0,0.0,,0.07833494518006404,0.39167472590032015,0.0,0,0,0.2350048355401921,atencao,Baixo,70.8,Moderado,Moderado,percentil,risco_territorial,"Monitorar tendência, validar positivos e articular resposta municipal em 48–72h.",CIEVS / Sala de Situação + vigilância municipal,48–72h,1) Revisar score de risco; 2) Validar exames/positivos; 3) Articular resposta municipal; 4) Reavaliar na próxima SE
RIO BRANCO,5,13,0,0.0,,0.08332231541067874,0.3677953669446251,0.0,0,0,0.2231180306722135,atencao,Baixo,70.4,Moderado,Moderado,percentil,risco_territorial,"Monitorar tendência, validar positivos e articular resposta municipal em 48–72h.",CIEVS / Sala de Situação + vigilância municipal,48–72h,1) Revisar score de risco; 2) Validar exames/positivos; 3) Articular resposta municipal; 4) Reavaliar na próxima SE
BRASILIA,6,14,1,0.0,,0.05892556509887897,0.3535533905932738,0.05555555555555555,0,0,0.20918575610102033,atencao,Baixo,70.0,Moderado,Moderado,percentil,risco_territorial,"Monitorar tendência, validar positivos e articular resposta municipal em 48–72h.",CIEVS / Sala de Situação + vigilância municipal,48–72h,1) Revisar score de risco; 2) Validar exames/positivos; 3) Articular resposta municipal; 4) Reavaliar na próxima SE
JUARA,5,15,0,0.0,,0.056208333333333325,0.33725,0.0,0,0,0.19953958333333333,atencao,Baixo,69.5,Moderado,Moderado,percentil,risco_territorial,"Monitorar tendência, validar positivos e articular resposta municipal em 48–72h.",CIEVS / Sala de Situação + vigilância municipal,48–72h,1) Revisar score de risco; 2) Validar exames/positivos; 3) Articular resposta municipal; 4) Reavaliar na próxima SE
PRIMAVERA DO LESTE,9,73,0,0.0,,0.030446180555555553,0.33725,0.0,0,0,0.1930990451388889,atencao,Baixo,69.1,Moderado,Moderado,percentil,risco_territorial,"Monitorar tendência, validar positivos e articular resposta municipal em 48–72h.",CIEVS / Sala de Situação + vigilância municipal,48–72h,1) Revisar score de risco; 2) Validar exames/positivos; 3) Articular resposta municipal; 4) Reavaliar na próxima SE
ALTO GARCAS,3,21,0,0.0,,0.028104166666666666,0.33725,0.0,0,0,0.19251354166666668,atencao,Baixo,68.7,Moderado,Moderado,percentil,risco_territorial,"Monitorar tendência, validar positivos e articular resposta municipal em 48–72h.",CIEVS / Sala de Situação + vigilância municipal,48–72h,1) Revisar score de risco; 2) Validar exames/positivos; 3) Articular resposta municipal; 4) Reavaliar na próxima SE
COLIDER,6,34,0,0.0,,0.017174768518518516,0.33725,0.0,0,0,0.18978119212962963,atencao,Baixo,68.2,Moderado,Moderado,percentil,risco_territorial,"Monitorar tendência, validar positivos e articular resposta municipal em 48–72h.",CIEVS / Sala de Situação + vigilância municipal,48–72h,1) Revisar score de risco; 2) Validar exames/positivos; 3) Articular resposta municipal; 4) Reavaliar na próxima SE
NOVO SANTO ANTONIO,1,2,0,0.0,,0.20666531883445952,0.20666531883445952,0.0,0,0,0.16533225506756763,atencao,Baixo,67.8,Moderado,Moderado,percentil,risco_territorial,"Monitorar tendência, validar positivos e articular resposta municipal em 48–72h.",CIEVS / Sala de Situação + vigilância municipal,48–72h,1) Revisar score de risco; 2) Validar exames/positivos; 3) Articular resposta municipal; 4) Reavaliar na próxima SE
ALTO BOA VISTA,1,1,0,0.0,,0.1979444819819821,0.1979444819819821,0.0,0,0,0.1583555855855857,atencao,Baixo,67.4,Moderado,Moderado,percentil,risco_territorial,"Monitorar tendência, validar positivos e articular resposta municipal em 48–72h.",CIEVS / Sala de Situação + vigilância municipal,48–72h,1) Revisar score de risco; 2) Validar exames/positivos; 3) Articular resposta municipal; 4) Reavaliar na próxima SE
SAPEZAL,6,13,0,0.0,,0.04215625,0.2529375,0.0,0,0,0.1496546875,atencao,Baixo,67.0,Moderado,Moderado,percentil,risco_territorial,"Monitorar tendência, validar positivos e articular resposta municipal em 48–72h.",CIEVS / Sala de Situação + vigilância municipal,48–72h,1) Revisar score de risco; 2) Validar exames/positivos; 3) Articular resposta municipal; 4) Reavaliar na próxima SE
CANARANA,9,28,0,0.0,,0.028104166666666666,0.2529375,0.0,0,0,0.14614166666666667,atencao,Baixo,66.5,Moderado,Moderado,percentil,risco_territorial,"Monitorar tendência, validar positivos e articular resposta municipal em 48–72h.",CIEVS / Sala de Situação + vigilância municipal,48–72h,1) Revisar score de risco; 2) Validar exames/positivos; 3) Articular resposta municipal; 4) Reavaliar na próxima SE
CERES,1,2,0,0.0,,0.17677669529663684,0.17677669529663684,0.0,0,0,0.14142135623730948,atencao,Baixo,66.1,Moderado,Moderado,percentil,risco_territorial,"Monitorar tendência, validar positivos e articular resposta municipal em 48–72h.",CIEVS / Sala de Situação + vigilância municipal,48–72h,1) Revisar score de risco; 2) Validar exames/positivos; 3) Articular resposta municipal; 4) Reavaliar na próxima SE
PARANAITA,8,20,0,0.0,,0.029552360668091773,0.23641888534473418,0.0,0,0,0.13741847710662675,atencao,Baixo,65.7,Moderado,Moderado,percentil,risco_territorial,"Monitorar tendência, validar positivos e articular resposta municipal em 48–72h.",CIEVS / Sala de Situação + vigilância municipal,48–72h,1) Revisar score de risco; 2) Validar exames/positivos; 3) Articular resposta municipal; 4) Reavaliar na próxima SE
ALTAMIRA,1,5,0,0.0,,0.168625,0.168625,0.0,0,0,0.1349,atencao,Baixo,65.2,Moderado,Moderado,percentil,risco_territorial,"Monitorar tendência, validar positivos e articular resposta municipal em 48–72h.",CIEVS / Sala de Situação + vigilância municipal,48–72h,1) Revisar score de risco; 2) Validar exames/positivos; 3) Articular resposta municipal; 4) Reavaliar na próxima SE
MACEIO,4,7,0,0.0,,0.05412658773652742,0.21650635094610968,0.0,0,0,0.1326101399544922,atencao,Baixo,64.8,Moderado,Moderado,percentil,risco_territorial,"Monitorar tendência, validar positivos e articular resposta municipal em 48–72h.",CIEVS / Sala de Situação + vigilância municipal,48–72h,1) Revisar score de risco; 2) Validar exames/positivos; 3) Articular resposta municipal; 4) Reavaliar na próxima SE
SAO FELIX DO ARAGUAIA,1,2,0,0.0,,0.16267185388513522,0.16267185388513522,0.0,0,0,0.1301374831081082,atencao,Baixo,64.4,Moderado,Moderado,percentil,risco_territorial,"Monitorar tendência, validar positivos e articular resposta municipal em 48–72h.",CIEVS / Sala de Situação + vigilância municipal,48–72h,1) Revisar score de risco; 2) Validar exames/positivos; 3) Articular resposta municipal; 4) Reavaliar na próxima SE
JANGADA,5,15,0,0.0,,0.07839328819438814,0.19750578923378076,0.0,0,0,0.12822650612717645,atencao,Baixo,63.9,Moderado,Moderado,percentil,risco_territorial,"Monitorar tendência, validar positivos e articular resposta municipal em 48–72h.",CIEVS / Sala de Situação + vigilância municipal,48–72h,1) Revisar score de risco; 2) Validar exames/positivos; 3) Articular resposta municipal; 4) Reavaliar na próxima SE
BOA ESPERANCA DO NORTE,6,18,0,0.0,,0.03683110753865525,0.20412414523193148,0.0,0,0,0.12147605676222614,atencao,Baixo,63.5,Moderado,Moderado,percentil,risco_territorial,"Monitorar tendência, validar positivos e articular resposta municipal em 48–72h.",CIEVS / Sala de Situação + vigilância municipal,48–72h,1) Revisar score de risco; 2) Validar exames/positivos; 3) Articular resposta municipal; 4) Reavaliar na próxima SE
NOVA MARILANDIA,2,7,0,0.0,,0.0843125,0.168625,0.0,0,0,0.113821875,atencao,Baixo,62.9,Moderado,Moderado,percentil,risco_territorial,"Monitorar tendência, validar positivos e articular resposta municipal em 48–72h.",CIEVS / Sala de Situação + vigilância municipal,48–72h,1) Revisar score de risco; 2) Validar exames/positivos; 3) Articular resposta municipal; 4) Reavaliar na próxima SE
SAO JOSE DOS QUATRO MARCOS,2,8,0,0.0,,0.0843125,0.168625,0.0,0,0,0.113821875,atencao,Baixo,62.9,Moderado,Moderado,percentil,risco_territorial,"Monitorar tendência, validar positivos e articular resposta municipal em 48–72h.",CIEVS / Sala de Situação + vigilância municipal,48–72h,1) Revisar score de risco; 2) Validar exames/positivos; 3) Articular resposta municipal; 4) Reavaliar na próxima SE
ITIQUIRA,3,7,0,0.0,,0.05998896599977993,0.1778400961975379,0.0,0,0,0.11280929440859083,atencao,Baixo,62.2,Moderado,Moderado,percentil,risco_territorial,"Monitorar tendência, validar positivos e articular resposta municipal em 48–72h.",CIEVS / Sala de Situação + vigilância municipal,48–72h,1) Revisar score de risco; 2) Validar exames/positivos; 3) Articular resposta municipal; 4) Reavaliar na próxima SE
NORTELANDIA,4,10,0,0.0,,0.04215625,0.168625,0.0,0,0,0.1032828125,atencao,Baixo,61.6,Moderado,Moderado,percentil,risco_territorial,"Monitorar tendência, validar positivos e articular resposta municipal em 48–72h.",CIEVS / Sala de Situação + vigilância municipal,48–72h,1) Revisar score de risco; 2) Validar exames/positivos; 3) Articular resposta municipal; 4) Reavaliar na próxima SE
QUERENCIA,6,14,0,0.0,,0.04215625,0.168625,0.0,0,0,0.1032828125,atencao,Baixo,61.6,Moderado,Moderado,percentil,risco_territorial,"Monitorar tendência, validar positivos e articular resposta municipal em 48–72h.",CIEVS / Sala de Situação + vigilância municipal,48–72h,1) Revisar score de risco; 2) Validar exames/positivos; 3) Articular resposta municipal; 4) Reavaliar na próxima SE
ARENAPOLIS,7,20,0,0.0,,0.03613392857142857,0.168625,0.0,0,0,0.10177723214285714,atencao,Baixo,60.9,Moderado,Moderado,percentil,risco_territorial,"Monitorar tendência, validar positivos e articular resposta municipal em 48–72h.",CIEVS / Sala de Situação + vigilância municipal,48–72h,1) Revisar score de risco; 2) Validar exames/positivos; 3) Articular resposta municipal; 4) Reavaliar na próxima SE
TOLEDO,5,14,1,0.0,,0.033725,0.168625,0.06666666666666667,0,0,0.101175,atencao,Baixo,60.5,Moderado,Moderado,percentil,risco_territorial,"Monitorar tendência, validar positivos e articular resposta municipal em 48–72h.",CIEVS / Sala de Situação + vigilância municipal,48–72h,1) Revisar score de risco; 2) Validar exames/positivos; 3) Articular resposta municipal; 4) Reavaliar na próxima SE
BOM JESUS DO ARAGUAIA,1,1,0,0.0,,0.12204424268018027,0.12204424268018027,0.0,0,0,0.09763539414414422,atencao,Baixo,60.1,Moderado,Moderado,percentil,risco_territorial,"Monitorar tendência, validar positivos e articular resposta municipal em 48–72h.",CIEVS / Sala de Situação + vigilância municipal,48–72h,1) Revisar score de risco; 2) Validar exames/positivos; 3) Articular resposta municipal; 4) Reavaliar na próxima SE
DENISE,3,8,0,0.0,,0.01873611111111111,0.168625,0.0,0,0,0.09742777777777778,atencao,Baixo,59.7,Moderado,Moderado,percentil,risco_territorial,"Monitorar tendência, validar positivos e articular resposta municipal em 48–72h.",CIEVS / Sala de Situação + vigilância municipal,48–72h,1) Revisar score de risco; 2) Validar exames/positivos; 3) Articular resposta municipal; 4) Reavaliar na próxima SE
NOVA NAZARE,1,1,0,0.0,,0.12084791666666697,0.12084791666666697,0.0,0,0,0.09667833333333359,atencao,Baixo,59.2,Moderado,Moderado,percentil,risco_territorial,"Monitorar tendência, validar positivos e articular resposta municipal em 48–72h.",CIEVS / Sala de Situação + vigilância municipal,48–72h,1) Revisar score de risco; 2) Validar exames/positivos; 3) Articular resposta municipal; 4) Reavaliar na próxima SE
NOVA MUTUM,13,39,0,0.0,,0.010047726719663532,0.1678265043667722,0.0,0,0,0.0948165090816406,atencao,Baixo,58.8,Moderado,Moderado,percentil,risco_territorial,"Monitorar tendência, validar positivos e articular resposta municipal em 48–72h.",CIEVS / Sala de Situação + vigilância municipal,48–72h,1) Revisar score de risco; 2) Validar exames/positivos; 3) Articular resposta municipal; 4) Reavaliar na próxima SE
VILA BELA DA SANTISSIMA TRINDADE,2,2,0,0.0,,0.11178052505630645,0.11178052505630645,0.0,0,0,0.08942442004504517,atencao,Baixo,58.4,Moderado,Moderado,percentil,risco_territorial,"Monitorar tendência, validar positivos e articular resposta municipal em 48–72h.",CIEVS / Sala de Situação + vigilância municipal,48–72h,1) Revisar score de risco; 2) Validar exames/positivos; 3) Articular resposta municipal; 4) Reavaliar na próxima SE
RIO VERDE,1,2,0,0.0,,0.10910894511799615,0.10910894511799615,0.0,0,0,0.08728715609439693,atencao,Baixo,57.9,Moderado,Moderado,percentil,risco_territorial,"Monitorar tendência, validar positivos e articular resposta municipal em 48–72h.",CIEVS / Sala de Situação + vigilância municipal,48–72h,1) Revisar score de risco; 2) Validar exames/positivos; 3) Articular resposta municipal; 4) Reavaliar na próxima SE
ITANHANGA,2,3,0,0.0,,0.062499999999999986,0.12499999999999997,0.0,0,0,0.08437499999999999,atencao,Baixo,57.5,Moderado,Moderado,percentil,risco_territorial,"Monitorar tendência, validar positivos e articular resposta municipal em 48–72h.",CIEVS / Sala de Situação + vigilância municipal,48–72h,1) Revisar score de risco; 2) Validar exames/positivos; 3) Articular resposta municipal; 4) Reavaliar na próxima SE
NOVA MARINGA,3,4,0,0.0,,0.05736939366998436,0.12078959289058355,0.0,0,0,0.08077662450731704,atencao,Baixo,57.1,Moderado,Moderado,percentil,risco_territorial,"Monitorar tendência, validar positivos e articular resposta municipal em 48–72h.",CIEVS / Sala de Situação + vigilância municipal,48–72h,1) Revisar score de risco; 2) Validar exames/positivos; 3) Articular resposta municipal; 4) Reavaliar na próxima SE
PORTO ESTRELA,2,2,0,0.0,,0.10080470861486512,0.10080470861486512,0.0,0,0,0.0806437668918921,atencao,Baixo,56.7,Moderado,Moderado,percentil,risco_territorial,"Monitorar tendência, validar positivos e articular resposta municipal em 48–72h.",CIEVS / Sala de Situação + vigilância municipal,48–72h,1) Revisar score de risco; 2) Validar exames/positivos; 3) Articular resposta municipal; 4) Reavaliar na próxima SE
SAO JOSE DO XINGU,1,1,0,0.0,,0.10040118595157664,0.10040118595157664,0.0,0,0,0.08032094876126132,atencao,Baixo,56.2,Moderado,Moderado,percentil,risco_territorial,"Monitorar tendência, validar positivos e articular resposta municipal em 48–72h.",CIEVS / Sala de Situação + vigilância municipal,48–72h,1) Revisar score de risco; 2) Validar exames/positivos; 3) Articular resposta municipal; 4) Reavaliar na próxima SE
CANABRAVA DO NORTE,2,2,0,0.0,,0.09529781109234242,0.09529781109234242,0.0,0,0,0.07623824887387394,atencao,Baixo,55.8,Moderado,Moderado,percentil,risco_territorial,"Monitorar tendência, validar positivos e articular resposta municipal em 48–72h.",CIEVS / Sala de Situação + vigilância municipal,48–72h,1) Revisar score de risco; 2) Validar exames/positivos; 3) Articular resposta municipal; 4) Reavaliar na próxima SE
PORTO ALEGRE DO NORTE,3,4,0,0.0,,0.08777804757882886,0.08777804757882886,0.0,0,0,0.0702224380630631,atencao,Baixo,55.4,Moderado,Moderado,percentil,risco_territorial,"Monitorar tendência, validar positivos e articular resposta municipal em 48–72h.",CIEVS / Sala de Situação + vigilância municipal,48–72h,1) Revisar score de risco; 2) Validar exames/positivos; 3) Articular resposta municipal; 4) Reavaliar na próxima SE
SERRA NOVA DOURADA,1,1,0,0.0,,0.08282183980855864,0.08282183980855864,0.0,0,0,0.06625747184684691,atencao,Baixo,54.9,Moderado,Moderado,percentil,risco_territorial,"Monitorar tendência, validar positivos e articular resposta municipal em 48–72h.",CIEVS / Sala de Situação + vigilância municipal,48–72h,1) Revisar score de risco; 2) Validar exames/positivos; 3) Articular resposta municipal; 4) Reavaliar na próxima SE
COMODORO,4,15,0,0.0,,0.009215940036872162,0.11059128044246594,0.0,0,0,0.06312918925257431,atencao,Baixo,54.5,Moderado,Moderado,percentil,risco_territorial,"Monitorar tendência, validar positivos e articular resposta municipal em 48–72h.",CIEVS / Sala de Situação + vigilância municipal,48–72h,1) Revisar score de risco; 2) Validar exames/positivos; 3) Articular resposta municipal; 4) Reavaliar na próxima SE
TESOURO,1,1,0,0.0,,0.07822168144707219,0.07822168144707219,0.0,0,0,0.06257734515765775,atencao,Baixo,54.1,Moderado,Moderado,percentil,risco_territorial,"Monitorar tendência, validar positivos e articular resposta municipal em 48–72h.",CIEVS / Sala de Situação + vigilância municipal,48–72h,1) Revisar score de risco; 2) Validar exames/positivos; 3) Articular resposta municipal; 4) Reavaliar na próxima SE
ARAPUTANGA,6,21,0,0.0,,0.0070260416666666665,0.0843125,0.0,0,0,0.04812838541666667,atencao,Baixo,53.6,Moderado,Moderado,percentil,risco_territorial,"Monitorar tendência, validar positivos e articular resposta municipal em 48–72h.",CIEVS / Sala de Situação + vigilância municipal,48–72h,1) Revisar score de risco; 2) Validar exames/positivos; 3) Articular resposta municipal; 4) Reavaliar na próxima SE
NOVA LACERDA,2,4,0,0.0,,0.04208874728491105,0.06804874969707611,0.0,0,0,0.04794899915461963,atencao,Baixo,53.2,Moderado,Moderado,percentil,risco_territorial,"Monitorar tendência, validar positivos e articular resposta municipal em 48–72h.",CIEVS / Sala de Situação + vigilância municipal,48–72h,1) Revisar score de risco; 2) Validar exames/positivos; 3) Articular resposta municipal; 4) Reavaliar na próxima SE
PORTO ESPERIDIAO,3,4,0,0.0,,0.05470817849099111,0.05470817849099111,0.0,0,0,0.04376654279279289,atencao,Baixo,52.8,Moderado,Moderado,percentil,risco_territorial,"Monitorar tendência, validar positivos e articular resposta municipal em 48–72h.",CIEVS / Sala de Situação + vigilância municipal,48–72h,1) Revisar score de risco; 2) Validar exames/positivos; 3) Articular resposta municipal; 4) Reavaliar na próxima SE
ALTO PARAGUAI,4,4,0,0.0,,0.0542049619932434,0.0542049619932434,0.0,0,0,0.04336396959459472,atencao,Baixo,52.4,Moderado,Moderado,percentil,risco_territorial,"Monitorar tendência, validar positivos e articular resposta municipal em 48–72h.",CIEVS / Sala de Situação + vigilância municipal,48–72h,1) Revisar score de risco; 2) Validar exames/positivos; 3) Articular resposta municipal; 4) Reavaliar na próxima SE
PLANALTO DA SERRA,2,2,0,0.0,,0.05307984586148658,0.05307984586148658,0.0,0,0,0.04246387668918926,atencao,Baixo,51.9,Moderado,Moderado,percentil,risco_territorial,"Monitorar tendência, validar positivos e articular resposta municipal em 48–72h.",CIEVS / Sala de Situação + vigilância municipal,48–72h,1) Revisar score de risco; 2) Validar exames/positivos; 3) Articular resposta municipal; 4) Reavaliar na próxima SE
VALE DE SAO DOMINGOS,1,1,0,0.0,,0.04944814189189199,0.04944814189189199,0.0,0,0,0.039558513513513596,atencao,Baixo,51.5,Moderado,Moderado,percentil,risco_territorial,"Monitorar tendência, validar positivos e articular resposta municipal em 48–72h.",CIEVS / Sala de Situação + vigilância municipal,48–72h,1) Revisar score de risco; 2) Validar exames/positivos; 3) Articular resposta municipal; 4) Reavaliar na próxima SE
NOVA BRASILANDIA,1,2,0,0.0,,0.04917279701576588,0.04917279701576588,0.0,0,0,0.03933823761261271,atencao,Baixo,51.1,Moderado,Moderado,percentil,risco_territorial,"Monitorar tendência, validar positivos e articular resposta municipal em 48–72h.",CIEVS / Sala de Situação + vigilância municipal,48–72h,1) Revisar score de risco; 2) Validar exames/positivos; 3) Articular resposta municipal; 4) Reavaliar na próxima SE
NOVO SAO JOAQUIM,1,1,0,0.0,,0.04090770340653165,0.04090770340653165,0.0,0,0,0.03272616272522532,atencao,Baixo,50.6,Moderado,Moderado,percentil,risco_territorial,"Monitorar tendência, validar positivos e articular resposta municipal em 48–72h.",CIEVS / Sala de Situação + vigilância municipal,48–72h,1) Revisar score de risco; 2) Validar exames/positivos; 3) Articular resposta municipal; 4) Reavaliar na próxima SE
SALTO DO CEU,1,1,0,0.0,,0.0302096055039415,0.0302096055039415,0.0,0,0,0.0241676844031532,habitual,Baixo,50.2,Moderado,Moderado,percentil,risco_territorial,"Monitorar tendência, validar positivos e articular resposta municipal em 48–72h.",CIEVS / Sala de Situação + vigilância municipal,48–72h,1) Revisar score de risco; 2) Validar exames/positivos; 3) Articular resposta municipal; 4) Reavaliar na próxima SE
SAO PEDRO DA CIPA,1,1,0,0.0,,0.02677016821509017,0.02677016821509017,0.0,0,0,0.021416134572072136,habitual,Baixo,49.8,Baixo,Baixo,ambos,risco_territorial,"Monitorar tendência, validar positivos e articular resposta municipal em 48–72h.",CIEVS / Sala de Situação + vigilância municipal,48–72h,1) Revisar score de risco; 2) Validar exames/positivos; 3) Articular resposta municipal; 4) Reavaliar na próxima SE
PARANATINGA,5,14,0,0.0,,0.026081806024774827,0.02608180602477483,0.0,0,0,0.020865444819819865,habitual,Baixo,49.4,Baixo,Baixo,ambos,risco_territorial,"Monitorar tendência, validar positivos e articular resposta municipal em 48–72h.",CIEVS / Sala de Situação + vigilância municipal,48–72h,1) Revisar score de risco; 2) Validar exames/positivos; 3) Articular resposta municipal; 4) Reavaliar na próxima SE
SAO JOSE DO POVO,5,12,0,0.0,,0.021652551379504583,0.021652551379504583,0.0,0,0,0.017322041103603667,habitual,Baixo,48.9,Baixo,Baixo,ambos,risco_territorial,"Monitorar tendência, validar positivos e articular resposta municipal em 48–72h.",CIEVS / Sala de Situação + vigilância municipal,48–72h,1) Revisar score de risco; 2) Validar exames/positivos; 3) Articular resposta municipal; 4) Reavaliar na próxima SE
GUIRATINGA,3,15,0,0.0,,0.017114108248873782,0.017114108248873782,0.0,0,0,0.013691286599099028,habitual,Baixo,48.5,Baixo,Baixo,ambos,risco_territorial,"Monitorar tendência, validar positivos e articular resposta municipal em 48–72h.",CIEVS / Sala de Situação + vigilância municipal,48–72h,1) Revisar score de risco; 2) Validar exames/positivos; 3) Articular resposta municipal; 4) Reavaliar na próxima SE
RIBEIRAOZINHO,1,1,0,0.0,,0.01169266258445951,0.01169266258445951,0.0,0,0,0.009354130067567608,habitual,Baixo,48.1,Baixo,Baixo,ambos,risco_territorial,"Monitorar tendência, validar positivos e articular resposta municipal em 48–72h.",CIEVS / Sala de Situação + vigilância municipal,48–72h,1) Revisar score de risco; 2) Validar exames/positivos; 3) Articular resposta municipal; 4) Reavaliar na próxima SE
NOVA MONTE VERDE,1,1,0,0.0,,0.007011799690315371,0.007011799690315371,0.0,0,0,0.005609439752252297,habitual,Baixo,47.6,Baixo,Baixo,ambos,risco_territorial,"Monitorar tendência, validar positivos e articular resposta municipal em 48–72h.",CIEVS / Sala de Situação + vigilância municipal,48–72h,1) Revisar score de risco; 2) Validar exames/positivos; 3) Articular resposta municipal; 4) Reavaliar na próxima SE
RESERVA DO CABACAL,1,3,0,0.0,,0.004149162443693711,0.004149162443693711,0.0,0,0,0.0033193299549549686,habitual,Baixo,47.2,Baixo,Baixo,ambos,risco_territorial,"Monitorar tendência, validar positivos e articular resposta municipal em 48–72h.",CIEVS / Sala de Situação + vigilância municipal,48–72h,1) Revisar score de risco; 2) Validar exames/positivos; 3) Articular resposta municipal; 4) Reavaliar na próxima SE
VERA,2,3,0,0.0,,0.0015840561798908042,0.0031681123597816084,0.0,0,0,0.002138475842852586,habitual,Baixo,46.8,Baixo,Baixo,ambos,risco_territorial,"Monitorar tendência, validar positivos e articular resposta municipal em 48–72h.",CIEVS / Sala de Situação + vigilância municipal,48–72h,1) Revisar score de risco; 2) Validar exames/positivos; 3) Articular resposta municipal; 4) Reavaliar na próxima SE
PORTO DOS GAUCHOS,2,5,0,0.0,,0.00188468820382883,0.00188468820382883,0.0,0,0,0.001507750563063064,habitual,Baixo,46.4,Baixo,Baixo,ambos,risco_territorial,"Monitorar tendência, validar positivos e articular resposta municipal em 48–72h.",CIEVS / Sala de Situação + vigilância municipal,48–72h,1) Revisar score de risco; 2) Validar exames/positivos; 3) Articular resposta municipal; 4) Reavaliar na próxima SE
UNIAO DO SUL,4,9,0,0.0,,0.00187994087837845,0.00187994087837845,0.0,0,0,0.00150395270270276,habitual,Baixo,45.9,Baixo,Baixo,ambos,risco_territorial,"Monitorar tendência, validar positivos e articular resposta municipal em 48–72h.",CIEVS / Sala de Situação + vigilância municipal,48–72h,1) Revisar score de risco; 2) Validar exames/positivos; 3) Articular resposta municipal; 4) Reavaliar na próxima SE
JAURU,1,1,0,0.0,,0.00011868313626129,0.00011868313626129,0.0,0,0,9.4946509009032e-05,habitual,Baixo,45.5,Baixo,Baixo,ambos,risco_territorial,"Monitorar tendência, validar positivos e articular resposta municipal em 48–72h.",CIEVS / Sala de Situação + vigilância municipal,48–72h,1) Revisar score de risco; 2) Validar exames/positivos; 3) Articular resposta municipal; 4) Reavaliar na próxima SE
AGUAI,1,1,0,0.0,,0.0,0.0,0.0,0,0,0.0,habitual,Baixo,22.7,Baixo,Baixo,ambos,risco_territorial,"Monitorar tendência, validar positivos e articular resposta municipal em 48–72h.",CIEVS / Sala de Situação + vigilância municipal,48–72h,1) Revisar score de risco; 2) Validar exames/positivos; 3) Articular resposta municipal; 4) Reavaliar na próxima SE
ALTO ARAGUAIA,2,4,0,0.0,,0.0,0.0,0.0,0,0,0.0,habitual,Baixo,22.7,Baixo,Baixo,ambos,risco_territorial,"Monitorar tendência, validar positivos e articular resposta municipal em 48–72h.",CIEVS / Sala de Situação + vigilância municipal,48–72h,1) Revisar score de risco; 2) Validar exames/positivos; 3) Articular resposta municipal; 4) Reavaliar na próxima SE
ALTO TAQUARI,3,5,0,0.0,,0.0,0.0,0.0,0,0,0.0,habitual,Baixo,22.7,Baixo,Baixo,ambos,risco_territorial,"Monitorar tendência, validar positivos e articular resposta municipal em 48–72h.",CIEVS / Sala de Situação + vigilância municipal,48–72h,1) Revisar score de risco; 2) Validar exames/positivos; 3) Articular resposta municipal; 4) Reavaliar na próxima SE
ANAPOLIS,1,1,0,0.0,,0.0,0.0,0.0,0,0,0.0,habitual,Baixo,22.7,Baixo,Baixo,ambos,risco_territorial,"Monitorar tendência, validar positivos e articular resposta municipal em 48–72h.",CIEVS / Sala de Situação + vigilância municipal,48–72h,1) Revisar score de risco; 2) Validar exames/positivos; 3) Articular resposta municipal; 4) Reavaliar na próxima SE
ANTONIO PRADO,1,1,0,0.0,,0.0,0.0,0.0,0,0,0.0,habitual,Baixo,22.7,Baixo,Baixo,ambos,risco_territorial,"Monitorar tendência, validar positivos e articular resposta municipal em 48–72h.",CIEVS / Sala de Situação + vigilância municipal,48–72h,1) Revisar score de risco; 2) Validar exames/positivos; 3) Articular resposta municipal; 4) Reavaliar na próxima SE
APARECIDA DE GOIANIA,1,3,0,0.0,,0.0,0.0,0.0,0,0,0.0,habitual,Baixo,22.7,Baixo,Baixo,ambos,risco_territorial,"Monitorar tendência, validar positivos e articular resposta municipal em 48–72h.",CIEVS / Sala de Situação + vigilância municipal,48–72h,1) Revisar score de risco; 2) Validar exames/positivos; 3) Articular resposta municipal; 4) Reavaliar na próxima SE
ARIQUEMES,1,1,0,0.0,,0.0,0.0,0.0,0,0,0.0,habitual,Baixo,22.7,Baixo,Baixo,ambos,risco_territorial,"Monitorar tendência, validar positivos e articular resposta municipal em 48–72h.",CIEVS / Sala de Situação + vigilância municipal,48–72h,1) Revisar score de risco; 2) Validar exames/positivos; 3) Articular resposta municipal; 4) Reavaliar na próxima SE
ASSIS CHATEAUBRIAND,1,1,0,0.0,,0.0,0.0,0.0,0,0,0.0,habitual,Baixo,22.7,Baixo,Baixo,ambos,risco_territorial,"Monitorar tendência, validar positivos e articular resposta municipal em 48–72h.",CIEVS / Sala de Situação + vigilância municipal,48–72h,1) Revisar score de risco; 2) Validar exames/positivos; 3) Articular resposta municipal; 4) Reavaliar na próxima SE
BALSAMO,1,1,0,0.0,,0.0,0.0,0.0,0,0,0.0,habitual,Baixo,22.7,Baixo,Baixo,ambos,risco_territorial,"Monitorar tendência, validar positivos e articular resposta municipal em 48–72h.",CIEVS / Sala de Situação + vigilância municipal,48–72h,1) Revisar score de risco; 2) Validar exames/positivos; 3) Articular resposta municipal; 4) Reavaliar na próxima SE
BARAO DE ANTONINA,1,1,0,0.0,,0.0,0.0,0.0,0,0,0.0,habitual,Baixo,22.7,Baixo,Baixo,ambos,risco_territorial,"Monitorar tendência, validar positivos e articular resposta municipal em 48–72h.",CIEVS / Sala de Situação + vigilância municipal,48–72h,1) Revisar score de risco; 2) Validar exames/positivos; 3) Articular resposta municipal; 4) Reavaliar na próxima SE
BARRA DO PIRAI,1,1,0,0.0,,0.0,0.0,0.0,0,0,0.0,habitual,Baixo,22.7,Baixo,Baixo,ambos,risco_territorial,"Monitorar tendência, validar positivos e articular resposta municipal em 48–72h.",CIEVS / Sala de Situação + vigilância municipal,48–72h,1) Revisar score de risco; 2) Validar exames/positivos; 3) Articular resposta municipal; 4) Reavaliar na próxima SE
BARRA MANSA,1,1,0,0.0,,0.0,0.0,0.0,0,0,0.0,habitual,Baixo,22.7,Baixo,Baixo,ambos,risco_territorial,"Monitorar tendência, validar positivos e articular resposta municipal em 48–72h.",CIEVS / Sala de Situação + vigilância municipal,48–72h,1) Revisar score de risco; 2) Validar exames/positivos; 3) Articular resposta municipal; 4) Reavaliar na próxima SE
BARRO,1,1,0,0.0,,0.0,0.0,0.0,0,0,0.0,habitual,Baixo,22.7,Baixo,Baixo,ambos,risco_territorial,"Monitorar tendência, validar positivos e articular resposta municipal em 48–72h.",CIEVS / Sala de Situação + vigilância municipal,48–72h,1) Revisar score de risco; 2) Validar exames/positivos; 3) Articular resposta municipal; 4) Reavaliar na próxima SE
BELEM,4,4,0,0.0,,0.0,0.0,0.0,0,0,0.0,habitual,Baixo,22.7,Baixo,Baixo,ambos,risco_territorial,"Monitorar tendência, validar positivos e articular resposta municipal em 48–72h.",CIEVS / Sala de Situação + vigilância municipal,48–72h,1) Revisar score de risco; 2) Validar exames/positivos; 3) Articular resposta municipal; 4) Reavaliar na próxima SE
BLUMENAU,1,1,0,0.0,,0.0,0.0,0.0,0,0,0.0,habitual,Baixo,22.7,Baixo,Baixo,ambos,risco_territorial,"Monitorar tendência, validar positivos e articular resposta municipal em 48–72h.",CIEVS / Sala de Situação + vigilância municipal,48–72h,1) Revisar score de risco; 2) Validar exames/positivos; 3) Articular resposta municipal; 4) Reavaliar na próxima SE
BOA VISTA,1,1,0,0.0,,0.0,0.0,0.0,0,0,0.0,habitual,Baixo,22.7,Baixo,Baixo,ambos,risco_territorial,"Monitorar tendência, validar positivos e articular resposta municipal em 48–72h.",CIEVS / Sala de Situação + vigilância municipal,48–72h,1) Revisar score de risco; 2) Validar exames/positivos; 3) Articular resposta municipal; 4) Reavaliar na próxima SE
BOCA DO ACRE,1,3,0,0.0,,0.0,0.0,0.0,0,0,0.0,habitual,Baixo,22.7,Baixo,Baixo,ambos,risco_territorial,"Monitorar tendência, validar positivos e articular resposta municipal em 48–72h.",CIEVS / Sala de Situação + vigilância municipal,48–72h,1) Revisar score de risco; 2) Validar exames/positivos; 3) Articular resposta municipal; 4) Reavaliar na próxima SE
BRASNORTE,2,5,0,0.0,,0.0,0.0,0.0,0,0,0.0,habitual,Baixo,22.7,Baixo,Baixo,ambos,risco_territorial,"Monitorar tendência, validar positivos e articular resposta municipal em 48–72h.",CIEVS / Sala de Situação + vigilância municipal,48–72h,1) Revisar score de risco; 2) Validar exames/positivos; 3) Articular resposta municipal; 4) Reavaliar na próxima SE
CAIAPONIA,1,1,0,0.0,,0.0,0.0,0.0,0,0,0.0,habitual,Baixo,22.7,Baixo,Baixo,ambos,risco_territorial,"Monitorar tendência, validar positivos e articular resposta municipal em 48–72h.",CIEVS / Sala de Situação + vigilância municipal,48–72h,1) Revisar score de risco; 2) Validar exames/positivos; 3) Articular resposta municipal; 4) Reavaliar na próxima SE
CAMPINAS,1,1,0,0.0,,0.0,0.0,0.0,0,0,0.0,habitual,Baixo,22.7,Baixo,Baixo,ambos,risco_territorial,"Monitorar tendência, validar positivos e articular resposta municipal em 48–72h.",CIEVS / Sala de Situação + vigilância municipal,48–72h,1) Revisar score de risco; 2) Validar exames/positivos; 3) Articular resposta municipal; 4) Reavaliar na próxima SE
CAMPO FORMOSO,1,1,0,0.0,,0.0,0.0,0.0,0,0,0.0,habitual,Baixo,22.7,Baixo,Baixo,ambos,risco_territorial,"Monitorar tendência, validar positivos e articular resposta municipal em 48–72h.",CIEVS / Sala de Situação + vigilância municipal,48–72h,1) Revisar score de risco; 2) Validar exames/positivos; 3) Articular resposta municipal; 4) Reavaliar na próxima SE
CAMPOS DE JULIO,1,1,0,0.0,,0.0,0.0,0.0,0,0,0.0,habitual,Baixo,22.7,Baixo,Baixo,ambos,risco_territorial,"Monitorar tendência, validar positivos e articular resposta municipal em 48–72h.",CIEVS / Sala de Situação + vigilância municipal,48–72h,1) Revisar score de risco; 2) Validar exames/positivos; 3) Articular resposta municipal; 4) Reavaliar na próxima SE
CAPIXABA,1,1,0,0.0,,0.0,0.0,0.0,0,0,0.0,habitual,Baixo,22.7,Baixo,Baixo,ambos,risco_territorial,"Monitorar tendência, validar positivos e articular resposta municipal em 48–72h.",CIEVS / Sala de Situação + vigilância municipal,48–72h,1) Revisar score de risco; 2) Validar exames/positivos; 3) Articular resposta municipal; 4) Reavaliar na próxima SE
CASCAVEL,1,1,0,0.0,,0.0,0.0,0.0,0,0,0.0,habitual,Baixo,22.7,Baixo,Baixo,ambos,risco_territorial,"Monitorar tendência, validar positivos e articular resposta municipal em 48–72h.",CIEVS / Sala de Situação + vigilância municipal,48–72h,1) Revisar score de risco; 2) Validar exames/positivos; 3) Articular resposta municipal; 4) Reavaliar na próxima SE
CASTANHEIRA,2,24,0,0.0,,0.0,0.0,0.0,0,0,0.0,habitual,Baixo,22.7,Baixo,Baixo,ambos,risco_territorial,"Monitorar tendência, validar positivos e articular resposta municipal em 48–72h.",CIEVS / Sala de Situação + vigilância municipal,48–72h,1) Revisar score de risco; 2) Validar exames/positivos; 3) Articular resposta municipal; 4) Reavaliar na próxima SE
CAXIAS,1,1,0,0.0,,0.0,0.0,0.0,0,0,0.0,habitual,Baixo,22.7,Baixo,Baixo,ambos,risco_territorial,"Monitorar tendência, validar positivos e articular resposta municipal em 48–72h.",CIEVS / Sala de Situação + vigilância municipal,48–72h,1) Revisar score de risco; 2) Validar exames/positivos; 3) Articular resposta municipal; 4) Reavaliar na próxima SE
CENTENARIO DO SUL,1,1,0,0.0,,0.0,0.0,0.0,0,0,0.0,habitual,Baixo,22.7,Baixo,Baixo,ambos,risco_territorial,"Monitorar tendência, validar positivos e articular resposta municipal em 48–72h.",CIEVS / Sala de Situação + vigilância municipal,48–72h,1) Revisar score de risco; 2) Validar exames/positivos; 3) Articular resposta municipal; 4) Reavaliar na próxima SE
COLATINA,1,2,0,0.0,,0.0,0.0,0.0,0,0,0.0,habitual,Baixo,22.7,Baixo,Baixo,ambos,risco_territorial,"Monitorar tendência, validar positivos e articular resposta municipal em 48–72h.",CIEVS / Sala de Situação + vigilância municipal,48–72h,1) Revisar score de risco; 2) Validar exames/positivos; 3) Articular resposta municipal; 4) Reavaliar na próxima SE
CRICIUMA,1,1,0,0.0,,0.0,0.0,0.0,0,0,0.0,habitual,Baixo,22.7,Baixo,Baixo,ambos,risco_territorial,"Monitorar tendência, validar positivos e articular resposta municipal em 48–72h.",CIEVS / Sala de Situação + vigilância municipal,48–72h,1) Revisar score de risco; 2) Validar exames/positivos; 3) Articular resposta municipal; 4) Reavaliar na próxima SE
CRUZEIRO DO SUL,1,1,0,0.0,,0.0,0.0,0.0,0,0,0.0,habitual,Baixo,22.7,Baixo,Baixo,ambos,risco_territorial,"Monitorar tendência, validar positivos e articular resposta municipal em 48–72h.",CIEVS / Sala de Situação + vigilância municipal,48–72h,1) Revisar score de risco; 2) Validar exames/positivos; 3) Articular resposta municipal; 4) Reavaliar na próxima SE
CUMARU DO NORTE,1,2,0,0.0,,0.0,0.0,0.0,0,0,0.0,habitual,Baixo,22.7,Baixo,Baixo,ambos,risco_territorial,"Monitorar tendência, validar positivos e articular resposta municipal em 48–72h.",CIEVS / Sala de Situação + vigilância municipal,48–72h,1) Revisar score de risco; 2) Validar exames/positivos; 3) Articular resposta municipal; 4) Reavaliar na próxima SE
CURITIBA,1,1,0,0.0,,0.0,0.0,0.0,0,0,0.0,habitual,Baixo,22.7,Baixo,Baixo,ambos,risco_territorial,"Monitorar tendência, validar positivos e articular resposta municipal em 48–72h.",CIEVS / Sala de Situação + vigilância municipal,48–72h,1) Revisar score de risco; 2) Validar exames/positivos; 3) Articular resposta municipal; 4) Reavaliar na próxima SE
CURVELANDIA,1,2,0,0.0,,0.0,0.0,0.0,0,0,0.0,habitual,Baixo,22.7,Baixo,Baixo,ambos,risco_territorial,"Monitorar tendência, validar positivos e articular resposta municipal em 48–72h.",CIEVS / Sala de Situação + vigilância municipal,48–72h,1) Revisar score de risco; 2) Validar exames/positivos; 3) Articular resposta municipal; 4) Reavaliar na próxima SE
DAVINOPOLIS,4,4,0,0.0,,0.0,0.0,0.0,0,0,0.0,habitual,Baixo,22.7,Baixo,Baixo,ambos,risco_territorial,"Monitorar tendência, validar positivos e articular resposta municipal em 48–72h.",CIEVS / Sala de Situação + vigilância municipal,48–72h,1) Revisar score de risco; 2) Validar exames/positivos; 3) Articular resposta municipal; 4) Reavaliar na próxima SE
DOIS VIZINHOS,1,1,0,0.0,,0.0,0.0,0.0,0,0,0.0,habitual,Baixo,22.7,Baixo,Baixo,ambos,risco_territorial,"Monitorar tendência, validar positivos e articular resposta municipal em 48–72h.",CIEVS / Sala de Situação + vigilância municipal,48–72h,1) Revisar score de risco; 2) Validar exames/positivos; 3) Articular resposta municipal; 4) Reavaliar na próxima SE
DOM AQUINO,3,4,0,0.0,,0.0,0.0,0.0,0,0,0.0,habitual,Baixo,22.7,Baixo,Baixo,ambos,risco_territorial,"Monitorar tendência, validar positivos e articular resposta municipal em 48–72h.",CIEVS / Sala de Situação + vigilância municipal,48–72h,1) Revisar score de risco; 2) Validar exames/positivos; 3) Articular resposta municipal; 4) Reavaliar na próxima SE
DOURADOS,2,3,0,0.0,,0.0,0.0,0.0,0,0,0.0,habitual,Baixo,22.7,Baixo,Baixo,ambos,risco_territorial,"Monitorar tendência, validar positivos e articular resposta municipal em 48–72h.",CIEVS / Sala de Situação + vigilância municipal,48–72h,1) Revisar score de risco; 2) Validar exames/positivos; 3) Articular resposta municipal; 4) Reavaliar na próxima SE
DRACENA,1,1,0,0.0,,0.0,0.0,0.0,0,0,0.0,habitual,Baixo,22.7,Baixo,Baixo,ambos,risco_territorial,"Monitorar tendência, validar positivos e articular resposta municipal em 48–72h.",CIEVS / Sala de Situação + vigilância municipal,48–72h,1) Revisar score de risco; 2) Validar exames/positivos; 3) Articular resposta municipal; 4) Reavaliar na próxima SE
ERMO,1,3,0,0.0,,0.0,0.0,0.0,0,0,0.0,habitual,Baixo,22.7,Baixo,Baixo,ambos,risco_territorial,"Monitorar tendência, validar positivos e articular resposta municipal em 48–72h.",CIEVS / Sala de Situação + vigilância municipal,48–72h,1) Revisar score de risco; 2) Validar exames/positivos; 3) Articular resposta municipal; 4) Reavaliar na próxima SE
FAXINAL DO SOTURNO,1,1,0,0.0,,0.0,0.0,0.0,0,0,0.0,habitual,Baixo,22.7,Baixo,Baixo,ambos,risco_territorial,"Monitorar tendência, validar positivos e articular resposta municipal em 48–72h.",CIEVS / Sala de Situação + vigilância municipal,48–72h,1) Revisar score de risco; 2) Validar exames/positivos; 3) Articular resposta municipal; 4) Reavaliar na próxima SE
FERNANDOPOLIS,1,1,0,0.0,,0.0,0.0,0.0,0,0,0.0,habitual,Baixo,22.7,Baixo,Baixo,ambos,risco_territorial,"Monitorar tendência, validar positivos e articular resposta municipal em 48–72h.",CIEVS / Sala de Situação + vigilância municipal,48–72h,1) Revisar score de risco; 2) Validar exames/positivos; 3) Articular resposta municipal; 4) Reavaliar na próxima SE
FIRMINOPOLIS,1,1,0,0.0,,0.0,0.0,0.0,0,0,0.0,habitual,Baixo,22.7,Baixo,Baixo,ambos,risco_territorial,"Monitorar tendência, validar positivos e articular resposta municipal em 48–72h.",CIEVS / Sala de Situação + vigilância municipal,48–72h,1) Revisar score de risco; 2) Validar exames/positivos; 3) Articular resposta municipal; 4) Reavaliar na próxima SE
FLORIANOPOLIS,1,1,0,0.0,,0.0,0.0,0.0,0,0,0.0,habitual,Baixo,22.7,Baixo,Baixo,ambos,risco_territorial,"Monitorar tendência, validar positivos e articular resposta municipal em 48–72h.",CIEVS / Sala de Situação + vigilância municipal,48–72h,1) Revisar score de risco; 2) Validar exames/positivos; 3) Articular resposta municipal; 4) Reavaliar na próxima SE
FORTALEZA,1,1,0,0.0,,0.0,0.0,0.0,0,0,0.0,habitual,Baixo,22.7,Baixo,Baixo,ambos,risco_territorial,"Monitorar tendência, validar positivos e articular resposta municipal em 48–72h.",CIEVS / Sala de Situação + vigilância municipal,48–72h,1) Revisar score de risco; 2) Validar exames/positivos; 3) Articular resposta municipal; 4) Reavaliar na próxima SE
FRANCA,1,1,0,0.0,,0.0,0.0,0.0,0,0,0.0,habitual,Baixo,22.7,Baixo,Baixo,ambos,risco_territorial,"Monitorar tendência, validar positivos e articular resposta municipal em 48–72h.",CIEVS / Sala de Situação + vigilância municipal,48–72h,1) Revisar score de risco; 2) Validar exames/positivos; 3) Articular resposta municipal; 4) Reavaliar na próxima SE
GOIANIA,1,1,0,0.0,,0.0,0.0,0.0,0,0,0.0,habitual,Baixo,22.7,Baixo,Baixo,ambos,risco_territorial,"Monitorar tendência, validar positivos e articular resposta municipal em 48–72h.",CIEVS / Sala de Situação + vigilância municipal,48–72h,1) Revisar score de risco; 2) Validar exames/positivos; 3) Articular resposta municipal; 4) Reavaliar na próxima SE
GRAJAU,1,1,0,0.0,,0.0,0.0,0.0,0,0,0.0,habitual,Baixo,22.7,Baixo,Baixo,ambos,risco_territorial,"Monitorar tendência, validar positivos e articular resposta municipal em 48–72h.",CIEVS / Sala de Situação + vigilância municipal,48–72h,1) Revisar score de risco; 2) Validar exames/positivos; 3) Articular resposta municipal; 4) Reavaliar na próxima SE
GUAPO,1,1,0,0.0,,0.0,0.0,0.0,0,0,0.0,habitual,Baixo,22.7,Baixo,Baixo,ambos,risco_territorial,"Monitorar tendência, validar positivos e articular resposta municipal em 48–72h.",CIEVS / Sala de Situação + vigilância municipal,48–72h,1) Revisar score de risco; 2) Validar exames/positivos; 3) Articular resposta municipal; 4) Reavaliar na próxima SE
GUARULHOS,1,1,0,0.0,,0.0,0.0,0.0,0,0,0.0,habitual,Baixo,22.7,Baixo,Baixo,ambos,risco_territorial,"Monitorar tendência, validar positivos e articular resposta municipal em 48–72h.",CIEVS / Sala de Situação + vigilância municipal,48–72h,1) Revisar score de risco; 2) Validar exames/positivos; 3) Articular resposta municipal; 4) Reavaliar na próxima SE
HUMAITA,1,2,0,0.0,,0.0,0.0,0.0,0,0,0.0,habitual,Baixo,22.7,Baixo,Baixo,ambos,risco_territorial,"Monitorar tendência, validar positivos e articular resposta municipal em 48–72h.",CIEVS / Sala de Situação + vigilância municipal,48–72h,1) Revisar score de risco; 2) Validar exames/positivos; 3) Articular resposta municipal; 4) Reavaliar na próxima SE
HUMBERTO DE CAMPOS,1,1,0,0.0,,0.0,0.0,0.0,0,0,0.0,habitual,Baixo,22.7,Baixo,Baixo,ambos,risco_territorial,"Monitorar tendência, validar positivos e articular resposta municipal em 48–72h.",CIEVS / Sala de Situação + vigilância municipal,48–72h,1) Revisar score de risco; 2) Validar exames/positivos; 3) Articular resposta municipal; 4) Reavaliar na próxima SE
INDEPENDENCIA,1,1,0,0.0,,0.0,0.0,0.0,0,0,0.0,habitual,Baixo,22.7,Baixo,Baixo,ambos,risco_territorial,"Monitorar tendência, validar positivos e articular resposta municipal em 48–72h.",CIEVS / Sala de Situação + vigilância municipal,48–72h,1) Revisar score de risco; 2) Validar exames/positivos; 3) Articular resposta municipal; 4) Reavaliar na próxima SE
IPIRANGA DO NORTE,1,11,0,0.0,,0.0,0.0,0.0,0,0,0.0,habitual,Baixo,22.7,Baixo,Baixo,ambos,risco_territorial,"Monitorar tendência, validar positivos e articular resposta municipal em 48–72h.",CIEVS / Sala de Situação + vigilância municipal,48–72h,1) Revisar score de risco; 2) Validar exames/positivos; 3) Articular resposta municipal; 4) Reavaliar na próxima SE
ITAUBA,1,1,0,0.0,,0.0,0.0,0.0,0,0,0.0,habitual,Baixo,22.7,Baixo,Baixo,ambos,risco_territorial,"Monitorar tendência, validar positivos e articular resposta municipal em 48–72h.",CIEVS / Sala de Situação + vigilância municipal,48–72h,1) Revisar score de risco; 2) Validar exames/positivos; 3) Articular resposta municipal; 4) Reavaliar na próxima SE
JARU,1,1,0,0.0,,0.0,0.0,0.0,0,0,0.0,habitual,Baixo,22.7,Baixo,Baixo,ambos,risco_territorial,"Monitorar tendência, validar positivos e articular resposta municipal em 48–72h.",CIEVS / Sala de Situação + vigilância municipal,48–72h,1) Revisar score de risco; 2) Validar exames/positivos; 3) Articular resposta municipal; 4) Reavaliar na próxima SE
JATAI,1,1,0,0.0,,0.0,0.0,0.0,0,0,0.0,habitual,Baixo,22.7,Baixo,Baixo,ambos,risco_territorial,"Monitorar tendência, validar positivos e articular resposta municipal em 48–72h.",CIEVS / Sala de Situação + vigilância municipal,48–72h,1) Revisar score de risco; 2) Validar exames/positivos; 3) Articular resposta municipal; 4) Reavaliar na próxima SE
JOAO DOURADO,1,1,0,0.0,,0.0,0.0,0.0,0,0,0.0,habitual,Baixo,22.7,Baixo,Baixo,ambos,risco_territorial,"Monitorar tendência, validar positivos e articular resposta municipal em 48–72h.",CIEVS / Sala de Situação + vigilância municipal,48–72h,1) Revisar score de risco; 2) Validar exames/positivos; 3) Articular resposta municipal; 4) Reavaliar na próxima SE
JUSCIMEIRA,4,5,0,0.0,,0.0,0.0,0.0,0,0,0.0,habitual,Baixo,22.7,Baixo,Baixo,ambos,risco_territorial,"Monitorar tendência, validar positivos e articular resposta municipal em 48–72h.",CIEVS / Sala de Situação + vigilância municipal,48–72h,1) Revisar score de risco; 2) Validar exames/positivos; 3) Articular resposta municipal; 4) Reavaliar na próxima SE
LAGUNA,1,1,0,0.0,,0.0,0.0,0.0,0,0,0.0,habitual,Baixo,22.7,Baixo,Baixo,ambos,risco_territorial,"Monitorar tendência, validar positivos e articular resposta municipal em 48–72h.",CIEVS / Sala de Situação + vigilância municipal,48–72h,1) Revisar score de risco; 2) Validar exames/positivos; 3) Articular resposta municipal; 4) Reavaliar na próxima SE
LAMBARI D''OESTE,1,2,0,0.0,,0.0,0.0,0.0,0,0,0.0,habitual,Baixo,22.7,Baixo,Baixo,ambos,risco_territorial,"Monitorar tendência, validar positivos e articular resposta municipal em 48–72h.",CIEVS / Sala de Situação + vigilância municipal,48–72h,1) Revisar score de risco; 2) Validar exames/positivos; 3) Articular resposta municipal; 4) Reavaliar na próxima SE
MANAUS,1,1,0,0.0,,0.0,0.0,0.0,0,0,0.0,habitual,Baixo,22.7,Baixo,Baixo,ambos,risco_territorial,"Monitorar tendência, validar positivos e articular resposta municipal em 48–72h.",CIEVS / Sala de Situação + vigilância municipal,48–72h,1) Revisar score de risco; 2) Validar exames/positivos; 3) Articular resposta municipal; 4) Reavaliar na próxima SE
MARIBONDO,1,2,0,0.0,,0.0,0.0,0.0,0,0,0.0,habitual,Baixo,22.7,Baixo,Baixo,ambos,risco_territorial,"Monitorar tendência, validar positivos e articular resposta municipal em 48–72h.",CIEVS / Sala de Situação + vigilância municipal,48–72h,1) Revisar score de risco; 2) Validar exames/positivos; 3) Articular resposta municipal; 4) Reavaliar na próxima SE
MERCEDES,1,1,0,0.0,,0.0,0.0,0.0,0,0,0.0,habitual,Baixo,22.7,Baixo,Baixo,ambos,risco_territorial,"Monitorar tendência, validar positivos e articular resposta municipal em 48–72h.",CIEVS / Sala de Situação + vigilância municipal,48–72h,1) Revisar score de risco; 2) Validar exames/positivos; 3) Articular resposta municipal; 4) Reavaliar na próxima SE
MINEIROS,2,2,0,0.0,,0.0,0.0,0.0,0,0,0.0,habitual,Baixo,22.7,Baixo,Baixo,ambos,risco_territorial,"Monitorar tendência, validar positivos e articular resposta municipal em 48–72h.",CIEVS / Sala de Situação + vigilância municipal,48–72h,1) Revisar score de risco; 2) Validar exames/positivos; 3) Articular resposta municipal; 4) Reavaliar na próxima SE
MIRANTE DA SERRA,1,1,0,0.0,,0.0,0.0,0.0,0,0,0.0,habitual,Baixo,22.7,Baixo,Baixo,ambos,risco_territorial,"Monitorar tendência, validar positivos e articular resposta municipal em 48–72h.",CIEVS / Sala de Situação + vigilância municipal,48–72h,1) Revisar score de risco; 2) Validar exames/positivos; 3) Articular resposta municipal; 4) Reavaliar na próxima SE
MONTEZUMA,1,1,0,0.0,,0.0,0.0,0.0,0,0,0.0,habitual,Baixo,22.7,Baixo,Baixo,ambos,risco_territorial,"Monitorar tendência, validar positivos e articular resposta municipal em 48–72h.",CIEVS / Sala de Situação + vigilância municipal,48–72h,1) Revisar score de risco; 2) Validar exames/positivos; 3) Articular resposta municipal; 4) Reavaliar na próxima SE
NAVIRAI,1,1,0,0.0,,0.0,0.0,0.0,0,0,0.0,habitual,Baixo,22.7,Baixo,Baixo,ambos,risco_territorial,"Monitorar tendência, validar positivos e articular resposta municipal em 48–72h.",CIEVS / Sala de Situação + vigilância municipal,48–72h,1) Revisar score de risco; 2) Validar exames/positivos; 3) Articular resposta municipal; 4) Reavaliar na próxima SE
NOVA CANAA DO NORTE,1,1,0,0.0,,0.0,0.0,0.0,0,0,0.0,habitual,Baixo,22.7,Baixo,Baixo,ambos,risco_territorial,"Monitorar tendência, validar positivos e articular resposta municipal em 48–72h.",CIEVS / Sala de Situação + vigilância municipal,48–72h,1) Revisar score de risco; 2) Validar exames/positivos; 3) Articular resposta municipal; 4) Reavaliar na próxima SE
NOVA GUARITA,3,3,0,0.0,,0.0,0.0,0.0,0,0,0.0,habitual,Baixo,22.7,Baixo,Baixo,ambos,risco_territorial,"Monitorar tendência, validar positivos e articular resposta municipal em 48–72h.",CIEVS / Sala de Situação + vigilância municipal,48–72h,1) Revisar score de risco; 2) Validar exames/positivos; 3) Articular resposta municipal; 4) Reavaliar na próxima SE
OURO PRETO DO OESTE,2,2,0,0.0,,0.0,0.0,0.0,0,0,0.0,habitual,Baixo,22.7,Baixo,Baixo,ambos,risco_territorial,"Monitorar tendência, validar positivos e articular resposta municipal em 48–72h.",CIEVS / Sala de Situação + vigilância municipal,48–72h,1) Revisar score de risco; 2) Validar exames/positivos; 3) Articular resposta municipal; 4) Reavaliar na próxima SE
PACARAIMA,2,7,0,0.0,,0.0,0.0,0.0,0,0,0.0,habitual,Baixo,22.7,Baixo,Baixo,ambos,risco_territorial,"Monitorar tendência, validar positivos e articular resposta municipal em 48–72h.",CIEVS / Sala de Situação + vigilância municipal,48–72h,1) Revisar score de risco; 2) Validar exames/positivos; 3) Articular resposta municipal; 4) Reavaliar na próxima SE
PARA DE MINAS,1,1,0,0.0,,0.0,0.0,0.0,0,0,0.0,habitual,Baixo,22.7,Baixo,Baixo,ambos,risco_territorial,"Monitorar tendência, validar positivos e articular resposta municipal em 48–72h.",CIEVS / Sala de Situação + vigilância municipal,48–72h,1) Revisar score de risco; 2) Validar exames/positivos; 3) Articular resposta municipal; 4) Reavaliar na próxima SE
PARAUAPEBAS,1,2,0,0.0,,0.0,0.0,0.0,0,0,0.0,habitual,Baixo,22.7,Baixo,Baixo,ambos,risco_territorial,"Monitorar tendência, validar positivos e articular resposta municipal em 48–72h.",CIEVS / Sala de Situação + vigilância municipal,48–72h,1) Revisar score de risco; 2) Validar exames/positivos; 3) Articular resposta municipal; 4) Reavaliar na próxima SE
PARNARAMA,1,3,0,0.0,,0.0,0.0,0.0,0,0,0.0,habitual,Baixo,22.7,Baixo,Baixo,ambos,risco_territorial,"Monitorar tendência, validar positivos e articular resposta municipal em 48–72h.",CIEVS / Sala de Situação + vigilância municipal,48–72h,1) Revisar score de risco; 2) Validar exames/positivos; 3) Articular resposta municipal; 4) Reavaliar na próxima SE
PAULO AFONSO,1,1,0,0.0,,0.0,0.0,0.0,0,0,0.0,habitual,Baixo,22.7,Baixo,Baixo,ambos,risco_territorial,"Monitorar tendência, validar positivos e articular resposta municipal em 48–72h.",CIEVS / Sala de Situação + vigilância municipal,48–72h,1) Revisar score de risco; 2) Validar exames/positivos; 3) Articular resposta municipal; 4) Reavaliar na próxima SE
PENAPOLIS,2,2,0,0.0,,0.0,0.0,0.0,0,0,0.0,habitual,Baixo,22.7,Baixo,Baixo,ambos,risco_territorial,"Monitorar tendência, validar positivos e articular resposta municipal em 48–72h.",CIEVS / Sala de Situação + vigilância municipal,48–72h,1) Revisar score de risco; 2) Validar exames/positivos; 3) Articular resposta municipal; 4) Reavaliar na próxima SE
PETROLINA,1,1,0,0.0,,0.0,0.0,0.0,0,0,0.0,habitual,Baixo,22.7,Baixo,Baixo,ambos,risco_territorial,"Monitorar tendência, validar positivos e articular resposta municipal em 48–72h.",CIEVS / Sala de Situação + vigilância municipal,48–72h,1) Revisar score de risco; 2) Validar exames/positivos; 3) Articular resposta municipal; 4) Reavaliar na próxima SE
PIRACICABA,1,1,0,0.0,,0.0,0.0,0.0,0,0,0.0,habitual,Baixo,22.7,Baixo,Baixo,ambos,risco_territorial,"Monitorar tendência, validar positivos e articular resposta municipal em 48–72h.",CIEVS / Sala de Situação + vigilância municipal,48–72h,1) Revisar score de risco; 2) Validar exames/positivos; 3) Articular resposta municipal; 4) Reavaliar na próxima SE
PONTA PORA,1,2,0,0.0,,0.0,0.0,0.0,0,0,0.0,habitual,Baixo,22.7,Baixo,Baixo,ambos,risco_territorial,"Monitorar tendência, validar positivos e articular resposta municipal em 48–72h.",CIEVS / Sala de Situação + vigilância municipal,48–72h,1) Revisar score de risco; 2) Validar exames/positivos; 3) Articular resposta municipal; 4) Reavaliar na próxima SE
PORTO GRANDE,1,1,0,0.0,,0.0,0.0,0.0,0,0,0.0,habitual,Baixo,22.7,Baixo,Baixo,ambos,risco_territorial,"Monitorar tendência, validar positivos e articular resposta municipal em 48–72h.",CIEVS / Sala de Situação + vigilância municipal,48–72h,1) Revisar score de risco; 2) Validar exames/positivos; 3) Articular resposta municipal; 4) Reavaliar na próxima SE
POXOREO,3,5,0,0.0,,0.0,0.0,0.0,0,0,0.0,habitual,Baixo,22.7,Baixo,Baixo,ambos,risco_territorial,"Monitorar tendência, validar positivos e articular resposta municipal em 48–72h.",CIEVS / Sala de Situação + vigilância municipal,48–72h,1) Revisar score de risco; 2) Validar exames/positivos; 3) Articular resposta municipal; 4) Reavaliar na próxima SE
RUROPOLIS,1,1,0,0.0,,0.0,0.0,0.0,0,0,0.0,habitual,Baixo,22.7,Baixo,Baixo,ambos,risco_territorial,"Monitorar tendência, validar positivos e articular resposta municipal em 48–72h.",CIEVS / Sala de Situação + vigilância municipal,48–72h,1) Revisar score de risco; 2) Validar exames/positivos; 3) Articular resposta municipal; 4) Reavaliar na próxima SE
SALINOPOLIS,1,4,0,0.0,,0.0,0.0,0.0,0,0,0.0,habitual,Baixo,22.7,Baixo,Baixo,ambos,risco_territorial,"Monitorar tendência, validar positivos e articular resposta municipal em 48–72h.",CIEVS / Sala de Situação + vigilância municipal,48–72h,1) Revisar score de risco; 2) Validar exames/positivos; 3) Articular resposta municipal; 4) Reavaliar na próxima SE
SANTA CARMEM,2,2,0,0.0,,0.0,0.0,0.0,0,0,0.0,habitual,Baixo,22.7,Baixo,Baixo,ambos,risco_territorial,"Monitorar tendência, validar positivos e articular resposta municipal em 48–72h.",CIEVS / Sala de Situação + vigilância municipal,48–72h,1) Revisar score de risco; 2) Validar exames/positivos; 3) Articular resposta municipal; 4) Reavaliar na próxima SE
SANTA ISABEL DO PARA,1,1,0,0.0,,0.0,0.0,0.0,0,0,0.0,habitual,Baixo,22.7,Baixo,Baixo,ambos,risco_territorial,"Monitorar tendência, validar positivos e articular resposta municipal em 48–72h.",CIEVS / Sala de Situação + vigilância municipal,48–72h,1) Revisar score de risco; 2) Validar exames/positivos; 3) Articular resposta municipal; 4) Reavaliar na próxima SE
SANTA RITA DO TRIVELATO,1,1,1,0.0,,0.0,0.0,1.0,0,0,0.0,habitual,Baixo,22.7,Baixo,Baixo,ambos,risco_territorial,"Monitorar tendência, validar positivos e articular resposta municipal em 48–72h.",CIEVS / Sala de Situação + vigilância municipal,48–72h,1) Revisar score de risco; 2) Validar exames/positivos; 3) Articular resposta municipal; 4) Reavaliar na próxima SE
SAO FELIX DO XINGU,1,5,0,0.0,,0.0,0.0,0.0,0,0,0.0,habitual,Baixo,22.7,Baixo,Baixo,ambos,risco_territorial,"Monitorar tendência, validar positivos e articular resposta municipal em 48–72h.",CIEVS / Sala de Situação + vigilância municipal,48–72h,1) Revisar score de risco; 2) Validar exames/positivos; 3) Articular resposta municipal; 4) Reavaliar na próxima SE
SAO GABRIEL DO OESTE,1,1,0,0.0,,0.0,0.0,0.0,0,0,0.0,habitual,Baixo,22.7,Baixo,Baixo,ambos,risco_territorial,"Monitorar tendência, validar positivos e articular resposta municipal em 48–72h.",CIEVS / Sala de Situação + vigilância municipal,48–72h,1) Revisar score de risco; 2) Validar exames/positivos; 3) Articular resposta municipal; 4) Reavaliar na próxima SE
SAO JOSE DO RIO CLARO,3,5,0,0.0,,0.0,0.0,0.0,0,0,0.0,habitual,Baixo,22.7,Baixo,Baixo,ambos,risco_territorial,"Monitorar tendência, validar positivos e articular resposta municipal em 48–72h.",CIEVS / Sala de Situação + vigilância municipal,48–72h,1) Revisar score de risco; 2) Validar exames/positivos; 3) Articular resposta municipal; 4) Reavaliar na próxima SE
SAO MATEUS DO MARANHAO,1,2,0,0.0,,0.0,0.0,0.0,0,0,0.0,habitual,Baixo,22.7,Baixo,Baixo,ambos,risco_territorial,"Monitorar tendência, validar positivos e articular resposta municipal em 48–72h.",CIEVS / Sala de Situação + vigilância municipal,48–72h,1) Revisar score de risco; 2) Validar exames/positivos; 3) Articular resposta municipal; 4) Reavaliar na próxima SE
SAO PEDRO DA AGUA BRANCA,1,1,0,0.0,,0.0,0.0,0.0,0,0,0.0,habitual,Baixo,22.7,Baixo,Baixo,ambos,risco_territorial,"Monitorar tendência, validar positivos e articular resposta municipal em 48–72h.",CIEVS / Sala de Situação + vigilância municipal,48–72h,1) Revisar score de risco; 2) Validar exames/positivos; 3) Articular resposta municipal; 4) Reavaliar na próxima SE
SAO SEBASTIAO DO PARAISO,1,1,0,0.0,,0.0,0.0,0.0,0,0,0.0,habitual,Baixo,22.7,Baixo,Baixo,ambos,risco_territorial,"Monitorar tendência, validar positivos e articular resposta municipal em 48–72h.",CIEVS / Sala de Situação + vigilância municipal,48–72h,1) Revisar score de risco; 2) Validar exames/positivos; 3) Articular resposta municipal; 4) Reavaliar na próxima SE
SAPUCAIA DO SUL,1,2,0,0.0,,0.0,0.0,0.0,0,0,0.0,habitual,Baixo,22.7,Baixo,Baixo,ambos,risco_territorial,"Monitorar tendência, validar positivos e articular resposta municipal em 48–72h.",CIEVS / Sala de Situação + vigilância municipal,48–72h,1) Revisar score de risco; 2) Validar exames/positivos; 3) Articular resposta municipal; 4) Reavaliar na próxima SE
SIDROLANDIA,1,1,0,0.0,,0.0,0.0,0.0,0,0,0.0,habitual,Baixo,22.7,Baixo,Baixo,ambos,risco_territorial,"Monitorar tendência, validar positivos e articular resposta municipal em 48–72h.",CIEVS / Sala de Situação + vigilância municipal,48–72h,1) Revisar score de risco; 2) Validar exames/positivos; 3) Articular resposta municipal; 4) Reavaliar na próxima SE
SOLEDADE DE MINAS,1,1,0,0.0,,0.0,0.0,0.0,0,0,0.0,habitual,Baixo,22.7,Baixo,Baixo,ambos,risco_territorial,"Monitorar tendência, validar positivos e articular resposta municipal em 48–72h.",CIEVS / Sala de Situação + vigilância municipal,48–72h,1) Revisar score de risco; 2) Validar exames/positivos; 3) Articular resposta municipal; 4) Reavaliar na próxima SE
SUMARE,1,1,0,0.0,,0.0,0.0,0.0,0,0,0.0,habitual,Baixo,22.7,Baixo,Baixo,ambos,risco_territorial,"Monitorar tendência, validar positivos e articular resposta municipal em 48–72h.",CIEVS / Sala de Situação + vigilância municipal,48–72h,1) Revisar score de risco; 2) Validar exames/positivos; 3) Articular resposta municipal; 4) Reavaliar na próxima SE
TABATINGA,1,1,0,0.0,,0.0,0.0,0.0,0,0,0.0,habitual,Baixo,22.7,Baixo,Baixo,ambos,risco_territorial,"Monitorar tendência, validar positivos e articular resposta municipal em 48–72h.",CIEVS / Sala de Situação + vigilância municipal,48–72h,1) Revisar score de risco; 2) Validar exames/positivos; 3) Articular resposta municipal; 4) Reavaliar na próxima SE
TEIXEIRA,1,1,0,0.0,,0.0,0.0,0.0,0,0,0.0,habitual,Baixo,22.7,Baixo,Baixo,ambos,risco_territorial,"Monitorar tendência, validar positivos e articular resposta municipal em 48–72h.",CIEVS / Sala de Situação + vigilância municipal,48–72h,1) Revisar score de risco; 2) Validar exames/positivos; 3) Articular resposta municipal; 4) Reavaliar na próxima SE
TOME-ACU,1,1,0,0.0,,0.0,0.0,0.0,0,0,0.0,habitual,Baixo,22.7,Baixo,Baixo,ambos,risco_territorial,"Monitorar tendência, validar positivos e articular resposta municipal em 48–72h.",CIEVS / Sala de Situação + vigilância municipal,48–72h,1) Revisar score de risco; 2) Validar exames/positivos; 3) Articular resposta municipal; 4) Reavaliar na próxima SE
TRES LAGOAS,1,1,0,0.0,,0.0,0.0,0.0,0,0,0.0,habitual,Baixo,22.7,Baixo,Baixo,ambos,risco_territorial,"Monitorar tendência, validar positivos e articular resposta municipal em 48–72h.",CIEVS / Sala de Situação + vigilância municipal,48–72h,1) Revisar score de risco; 2) Validar exames/positivos; 3) Articular resposta municipal; 4) Reavaliar na próxima SE
TRINDADE,1,1,0,0.0,,0.0,0.0,0.0,0,0,0.0,habitual,Baixo,22.7,Baixo,Baixo,ambos,risco_territorial,"Monitorar tendência, validar positivos e articular resposta municipal em 48–72h.",CIEVS / Sala de Situação + vigilância municipal,48–72h,1) Revisar score de risco; 2) Validar exames/positivos; 3) Articular resposta municipal; 4) Reavaliar na próxima SE
URUCUIA,1,1,0,0.0,,0.0,0.0,0.0,0,0,0.0,habitual,Baixo,22.7,Baixo,Baixo,ambos,risco_territorial,"Monitorar tendência, validar positivos e articular resposta municipal em 48–72h.",CIEVS / Sala de Situação + vigilância municipal,48–72h,1) Revisar score de risco; 2) Validar exames/positivos; 3) Articular resposta municipal; 4) Reavaliar na próxima SE
URUPA,1,1,0,0.0,,0.0,0.0,0.0,0,0,0.0,habitual,Baixo,22.7,Baixo,Baixo,ambos,risco_territorial,"Monitorar tendência, validar positivos e articular resposta municipal em 48–72h.",CIEVS / Sala de Situação + vigilância municipal,48–72h,1) Revisar score de risco; 2) Validar exames/positivos; 3) Articular resposta municipal; 4) Reavaliar na próxima SE
VARGEAO,3,7,0,0.0,,0.0,0.0,0.0,0,0,0.0,habitual,Baixo,22.7,Baixo,Baixo,ambos,risco_territorial,"Monitorar tendência, validar positivos e articular resposta municipal em 48–72h.",CIEVS / Sala de Situação + vigilância municipal,48–72h,1) Revisar score de risco; 2) Validar exames/positivos; 3) Articular resposta municipal; 4) Reavaliar na próxima SE
VILHENA,6,7,0,0.0,,0.0,0.0,0.0,0,0,0.0,habitual,Baixo,22.7,Baixo,Baixo,ambos,risco_territorial,"Monitorar tendência, validar positivos e articular resposta municipal em 48–72h.",CIEVS / Sala de Situação + vigilância municipal,48–72h,1) Revisar score de risco; 2) Validar exames/positivos; 3) Articular resposta municipal; 4) Reavaliar na próxima SE
