municipio,codigo_ibge,latitude,longitude,idh,gini,extrema_pobreza_pct,pea_2010,idh_inv,pea_inv,idh_inv_z,gini_z,extrema_pobreza_pct_z,pea_inv_z,indice_vulnerabilidade
ACORIZAL,5100102.0,-15.1969,-56.3625,0.628,0.49,4.21,1700.0,0.372,0.8074074074074074,1.630041666666674,-1.01175,0.03645945945945949,0.8852812499999996,0.38500809403153324
AGUA BOA,5100201.0,-14.3571,-52.1585,0.729,0.52,2.54,9672.0,0.271,0.19999999999999996,-1.208479166666669,0.0,-0.7246317567567567,-0.8431250000000002,-0.6940589808558565
ALTA FLORESTA,5100250.0,-98.7532,-5.6086,0.714,0.51,3.89,24047.0,0.28600000000000003,0.06666666666666665,-0.7869166666666672,-0.33725,-0.10937837837837827,-1.22253125,-0.6140190737612614
ALTO ARAGUAIA,5100300.0,-17.3148,-53.2155,0.704,0.55,1.78,7892.0,0.29600000000000004,0.2666666666666667,-0.5058749999999992,1.01175,-1.0709966216216216,-0.6534218749999999,-0.30463587415540516
ALTO BOA VISTA,5100359.0,-11.6749,-51.3934,0.651,0.54,16.2,2031.0,0.349,0.762962962962963,0.9836458333333379,0.6745,5.5008209459459465,0.7588124999999998,1.979444819819821
ALTO GARCAS,5100409.0,-16.9454,-53.5284,0.701,0.53,1.45,5007.0,0.29900000000000004,0.437037037037037,-0.42156249999999884,0.33725,-1.2213918918918918,-0.16862500000000022,-0.36858234797297273
ALTO PARAGUAI,5100508.0,-14.5152,-56.4839,0.638,0.47,8.98,3246.0,0.362,0.6,1.3490000000000062,-1.6862500000000002,2.21035472972973,0.29509374999999977,0.542049619932434
ALTO TAQUARI,5100607.0,-17.8247,-53.2847,0.705,0.48,0.94,4211.0,0.29500000000000004,0.5333333333333333,-0.533979166666666,-1.349,-1.453820945945946,0.10539062499999982,-0.8078523719031531
APIACAS,5100805.0,-95.4452,-5.7442,0.675,0.5,5.33,4486.0,0.32499999999999996,0.5037037037037038,0.3091458333333348,-0.6745,0.546891891891892,0.021078125000000027,0.05065396255630671
ARAGUAIANA,5101001.0,-15.7337,-51.8324,0.687,0.49,3.12,1426.0,0.31299999999999994,0.8666666666666667,-0.028104166666666798,-1.01175,-0.4603006756756756,1.0539062499999998,-0.11156214808558562
ARAGUAINHA,5101209.0,-16.8559,-53.0315,0.701,0.52,2.87,484.0,0.29900000000000004,0.9925925925925926,-0.42156249999999884,0.0,-0.5742364864864864,1.4122343749999997,0.10410884712837862
ARAPUTANGA,5101258.0,-15.4673,-58.3516,0.725,0.51,2.65,7291.0,0.275,0.28888888888888886,-1.096062500000002,-0.33725,-0.6745,-0.5901875000000002,-0.6745000000000005
ARENAPOLIS,5101308.0,-14.4503,-56.8459,0.704,0.49,4.11,4990.0,0.29600000000000004,0.4444444444444444,-0.5058749999999992,-1.01175,-0.00911486486486467,-0.1475468750000002,-0.418571684966216
ARIPUANA,5101407.0,-10.1656,-59.4566,0.675,0.55,7.02,6887.0,0.32499999999999996,0.32592592592592595,0.3091458333333348,1.01175,1.3170979729729728,-0.48479687500000007,0.5382992328265769
BARAO DE MELGACO,5101605.0,-1.6195,-55.9679,0.06,0.52,10.15,2447.0,0.94,0.6888888888888889,17.593208333333397,0.0,2.743574324324325,0.5480312499999997,5.221203476914431
BARRA DO BUGRES,5101704.0,-15.0744,-57.1812,0.693,0.56,4.02,14275.0,0.30700000000000005,0.1333333333333333,-0.19672916666666443,1.349,-0.05013175675675691,-1.0328281250000002,0.0173277378941446
BARRA DO GARCAS,5101803.0,-15.8901,-52.2566,0.748,0.55,3.16,24019.0,0.252,0.07407407407407407,-1.742458333333338,1.01175,-0.44207094594594587,-1.201453125,-0.593558101069821
BOM JESUS DO ARAGUAIA,5101852.0,-12.1818,-51.6961,0.661,0.53,11.45,2484.0,0.33899999999999997,0.674074074074074,0.70260416666667,0.33725,3.3360405405405404,0.5058749999999997,1.2204424268018026
BRASNORTE,5101902.0,-12.1549,-57.9818,0.696,0.51,3.99,7859.0,0.30400000000000005,0.274074074074074,-0.28104166666666486,-0.33725,-0.0638040540540539,-0.6323437500000003,-0.32860986768017975
CACERES,5102504.0,-16.0706,-57.6791,0.708,0.57,5.6,36980.0,0.29200000000000004,0.03703703703703709,-0.6182916666666664,1.6862499999999963,0.6699425675675674,-1.3068437499999999,0.10776428772522434
CAMPINAPOLIS,5102603.0,-14.5029,-52.8875,0.538,0.63,11.21,4384.0,0.46199999999999997,0.5185185185185186,4.159416666666683,3.7097499999999957,3.2266621621621625,0.06323437500000009,2.7897658009572104
CAMPO NOVO DO PARECIS,5102637.0,-13.6745,-57.8863,0.734,0.5,1.48,13727.0,0.266,0.14814814814814814,-1.349000000000003,-0.6745,-1.2077195945945944,-0.9906718750000001,-1.0554728673986493
CAMPO VERDE,5102678.0,-15.5458,-55.1687,0.75,0.53,1.67,16557.0,0.25,0.10370370370370374,-1.798666666666672,0.33725,-1.1211283783783783,-1.117140625,-0.9249214175112626
CAMPOS DE JULIO,5102686.0,-13.5273,-59.0886,0.744,0.49,1.01,2595.0,0.256,0.6592592592592592,-1.630041666666671,-1.01175,-1.4219189189189188,0.46371874999999974,-0.8999979588963973
CANABRAVA DO NORTE,5102694.0,-11.0201,-51.8315,0.667,0.5,11.23,2091.0,0.33299999999999996,0.7481481481481482,0.5339791666666691,-0.6745,3.2357770270270274,0.7166562500000001,0.9529781109234242
CANARANA,5102702.0,-1.3555,-52.2709,0.693,0.54,3.01,9188.0,0.30700000000000005,0.2222222222222222,-0.19672916666666443,0.6745,-0.5104324324324325,-0.7798906250000002,-0.20313805602477428
CARLINDA,5102793.0,-99.6765,-55.8336,0.665,0.49,7.32,5334.0,0.33499999999999996,0.40740740740740744,0.5901875000000028,-1.01175,1.4538209459459461,-0.25293750000000004,0.19483023648648723
CASTANHEIRA,5102850.0,-11.1396,-58.6013,0.665,0.5,3.65,3966.0,0.33499999999999996,0.5555555555555556,0.5901875000000028,-0.6745,-0.21875675675675677,0.1686249999999999,-0.03361106418918852
CHAPADA DOS GUIMARAES,5103007.0,-15.4605,-55.7495,0.688,0.58,4.34,7789.0,0.31200000000000006,0.28148148148148144,-0.05620833333333047,2.023499999999996,0.09570608108108106,-0.6112656250000003,0.3629330306869366
CLAUDIA,5103056.0,-11.4939,-55.2018,0.699,0.49,2.76,5424.0,0.30100000000000005,0.4,-0.3653541666666652,-1.01175,-0.6243682432432432,-0.2740156250000001,-0.5688720087274771
COCALINHO,5103106.0,-14.3949,-50.9859,0.66,0.6,9.15,2630.0,0.33999999999999997,0.6518518518518519,0.7307083333333366,2.6979999999999964,2.287831081081081,0.442640625,1.5397950098536035
COLIDER,5103205.0,-10.8173,-55.4526,0.713,0.52,3.48,15695.0,0.28700000000000003,0.11851851851851847,-0.7588125000000003,0.0,-0.2962331081081081,-1.074984375,-0.5325074957770272
COLNIZA,5103254.0,-94.7955,-59.0253,0.611,0.56,12.54,12968.0,0.389,0.15555555555555556,2.1078125000000094,1.349,3.832800675675676,-0.9695937500000001,1.5800048564189213
COMODORO,5103304.0,-13.6644,-59.7845,0.689,0.52,3.33,7964.0,0.31100000000000005,0.2592592592592593,-0.08431249999999726,0.0,-0.3645945945945945,-0.6745,-0.28085177364864794
CONFRESA,5103353.0,-10.6433,-5.1569,0.668,0.53,8.41,10390.0,0.33199999999999996,0.18518518518518523,0.5058750000000024,0.33725,1.950581081081081,-0.88528125,0.47710620777027085
CONQUISTA D'OESTE,5103379.0,-14.6545,-59.5698,0.718,0.45,2.51,,0.28200000000000003,,-0.8993333333333343,-2.360749999999998,-0.7383040540540542,0.0,-0.9995968468468466
COTRIGUACU,5103403.0,-98.5243,-58.2435,0.601,0.53,8.13,6803.0,0.399,0.33333333333333337,2.3888541666666776,0.33725,1.8229729729729733,-0.46371875,1.0213395974099129
CUIABA,5103437.0,-15.5961,-56.0967,0.785,0.6,2.91,282228.0,0.21499999999999997,0.0,-2.78231250000001,2.6979999999999964,-0.5560067567567566,-1.412234375,-0.5131384079391925
CURVELANDIA,5103452.0,-1.5597,-58.1132,0.69,0.46,4.21,2120.0,0.31000000000000005,0.7333333333333334,-0.11241666666666407,-2.023499999999998,0.03645945945945949,0.6745,-0.35623930180180063
DENISE,5103502.0,-14.7391,-57.0537,0.683,0.48,2.89,3812.0,0.31699999999999995,0.5703703703703704,0.08431250000000039,-1.349,-0.5651216216216215,0.21078124999999998,-0.4047569679054053
DIAMANTINO,5103601.0,-14.4079,-56.4463,0.718,0.51,3.14,10766.0,0.28200000000000003,0.1777777777777778,-0.8993333333333343,-0.33725,-0.4511858108108107,-0.906359375,-0.6485321297860362
DOM AQUINO,5103700.0,-15.8077,-54.9189,0.69,0.51,4.21,3396.0,0.31000000000000005,0.5925925925925926,-0.11241666666666407,-0.33725,0.03645945945945949,0.2740156249999997,-0.03479789555180121
FELIZ NATAL,5103809.0,-12.3923,-54.9224,0.692,0.52,3.12,5185.0,0.30800000000000005,0.4296296296296296,-0.16862499999999764,0.0,-0.4603006756756756,-0.18970312500000028,-0.2046572001689184
FIGUEIROPOLIS D'OESTE,5103858.0,-15.4382,-58.7369,0.679,0.47,3.98,,0.32099999999999995,,0.1967291666666676,-1.6862500000000002,-0.06836148648648645,0.0,-0.3894705799549548
GAUCHA DO NORTE,5103908.0,-13.2429,-53.0782,0.615,0.52,4.87,2118.0,0.385,0.7407407407407407,1.9953958333333426,0.0,0.3372500000000001,0.6955781249999997,0.7570559895833355
GENERAL CARNEIRO,5103957.0,-15.7061,-52.7538,0.67,0.58,4.13,1916.0,0.32999999999999996,0.7777777777777778,0.44966666666666877,2.023499999999996,0.0,0.8009687499999998,0.818533854166666
GLORIA D'OESTE,5104104.0,-15.7539,-58.3073,0.71,0.47,3.12,,0.29000000000000004,,-0.6745,-1.6862500000000002,-0.4603006756756756,0.0,-0.705262668918919
GUARANTA DO NORTE,5104203.0,-97.8921,-54.8876,0.703,0.51,5.03,16303.0,0.29700000000000004,0.11111111111111116,-0.4777708333333324,-0.33725,0.41016891891891905,-1.0960624999999997,-0.3752286036036033
GUIRATINGA,5104500.0,-16.3456,-53.7592,0.705,0.58,3.15,6129.0,0.29500000000000004,0.37037037037037035,-0.533979166666666,2.023499999999996,-0.4466283783783784,-0.3583281250000002,0.1711410824887378
INDIAVAI,5104526.0,-15.3949,-5.8892,0.661,0.48,5.11,905.0,0.33899999999999997,0.9555555555555556,0.70260416666667,-1.349,0.4466283783783786,1.3068437499999999,0.27676907376126214
IPIRANGA DO NORTE,5104542.0,-12.1852,-56.0717,0.727,0.5,1.99,2743.0,0.273,0.6222222222222222,-1.1522708333333356,-0.6745,-0.9752905405405404,0.35832812499999983,-0.610933312218469
ITANHANGA,5104559.0,-12.2267,-56.6521,0.71,0.5,4.21,2451.0,0.29000000000000004,0.6814814814814815,-0.6745,-0.6745,0.03645945945945949,0.5269531249999998,-0.1963968538851352
ITAUBA,5104609.0,-11.1396,-55.2894,0.69,0.5,3.45,2062.0,0.31000000000000005,0.7555555555555555,-0.11241666666666407,-0.6745,-0.3099054054054053,0.7377343749999997,-0.08977192426801742
ITIQUIRA,5104807.0,-17.2069,-54.1444,0.693,0.56,1.88,4927.0,0.30700000000000005,0.4666666666666667,-0.19672916666666443,1.349,-1.0254222972972973,-0.08431250000000011,0.010634009009009546
JACIARA,5104906.0,-1.5965,-54.9682,0.735,0.54,2.78,12100.0,0.265,0.1703703703703704,-1.37710416666667,0.6745,-0.6152533783783783,-0.9274375,-0.561323761261262
JANGADA,5105002.0,-15.2393,-56.4891,0.63,0.49,6.43,2306.0,0.37,0.7185185185185186,1.5738333333333407,-1.01175,1.0482094594594593,0.6323437499999999,0.5606591356982
JAURU,5105101.0,-15.3216,-58.8789,0.673,0.5,4.31,3577.0,0.32699999999999996,0.5777777777777777,0.3653541666666683,-0.6745,0.08203378378378366,0.23185937499999967,0.0011868313626129182
JUARA,5105150.0,-11.2505,-5.7518,0.682,0.51,4.01,15643.0,0.31799999999999995,0.12592592592592589,0.11241666666666719,-0.33725,-0.05468918918918923,-1.0539062500000003,-0.33335719313063056
JUINA,5105200.0,-11.3813,-58.7394,0.716,0.53,4.67,18936.0,0.28400000000000003,0.0888888888888889,-0.8431250000000008,0.33725,0.24610135135135136,-1.1592968750000001,-0.35476763091216235
JURUENA,5105234.0,-10.3235,-58.3644,0.662,0.53,8.13,5569.0,0.33799999999999997,0.3925925925925926,0.6745000000000031,0.33725,1.8229729729729733,-0.2950937500000001,0.634907305743244
JUSCIMEIRA,5105259.0,-16.0503,-5.4887,0.714,0.53,2.99,5187.0,0.28600000000000003,0.4222222222222223,-0.7869166666666672,0.33725,-0.5195472972972972,-0.21078124999999998,-0.29499880349099106
LAMBARI D'OESTE,5105309.0,-1.5295,-58.0101,0.627,0.48,5.34,,0.373,,1.658145833333341,-1.349,0.5514493243243244,0.0,0.21514878941441634
LUCAS DO RIO VERDE,5105507.0,-13.0503,-55.9103,0.768,0.52,0.98,24551.0,0.23199999999999998,0.059259259259259234,-2.3045416666666743,0.0,-1.435591216216216,-1.2436093750000001,-1.2459355644707226
LUCIARA,5105580.0,-10.7516,-50.5694,0.676,0.51,12.1,803.0,0.32399999999999995,0.9703703703703703,0.28104166666666797,-0.33725,3.632273648648648,1.3489999999999998,1.231266328828829
MARCELANDIA,,,,0.701,0.55,,5834.0,0.29900000000000004,0.3851851851851852,-0.42156249999999884,1.01175,0.0,-0.31617187500000016,0.06850390625000023
MATUPA,5105622.0,-1.0057,-54.9357,0.716,0.52,4.12,7009.0,0.28400000000000003,0.3111111111111111,-0.8431250000000008,0.0,-0.004557432432432335,-0.5269531250000001,-0.3436588893581083
MIRASSOL D'OESTE,5105903.0,,,0.704,0.51,3.21,,0.29600000000000004,,-0.5058749999999992,-0.33725,-0.4192837837837838,0.0,-0.31560219594594574
NOBRES,5106000.0,-14.7208,-56.3283,0.699,0.54,6.13,6424.0,0.30100000000000005,0.36296296296296293,-0.3653541666666652,0.6745,0.9114864864864864,-0.3794062500000002,0.21030651745495527
NORTELANDIA,5106109.0,-14.4173,-56.8048,0.702,0.5,4.88,2825.0,0.29800000000000004,0.6148148148148148,-0.44966666666666566,-0.6745,0.3418074324324324,0.3372499999999998,-0.11127730855855836
NOSSA SENHORA DO LIVRAMENTO,5106158.0,-15.7674,-56.3458,0.638,0.53,9.87,,0.362,,1.3490000000000062,0.33725,2.615966216216216,0.0,1.0755540540540556
NOVA BANDEIRANTES,5106174.0,-98.4537,-57.8041,0.65,0.5,5.89,4871.0,0.35,0.4814814814814815,1.0117500000000048,-0.6745,0.802108108108108,-0.042156250000000055,0.27430046452702816
NOVA BRASILANDIA,5106208.0,-14.9575,-55.9731,0.651,0.48,7.12,1596.0,0.349,0.837037037037037,0.9836458333333379,-1.349,1.3626722972972976,0.9695937499999997,0.4917279701576588
NOVA CANAA DO NORTE,5106216.0,-10.6865,-55.9574,0.686,0.5,5.43,5885.0,0.31399999999999995,0.37777777777777777,0.0,-0.6745,0.5924662162162162,-0.33725000000000016,-0.10482094594594599
NOVA GUARITA,5106182.0,-10.3015,-55.4383,0.688,0.47,6.32,2377.0,0.31200000000000006,0.6962962962962963,-0.05620833333333047,-1.6862500000000002,0.9980777027027029,0.5691093749999998,-0.043817813907657016
NOVA LACERDA,5106190.0,-1.4481,-5.9593,0.636,0.5,4.12,2336.0,0.364,0.7111111111111111,1.40520833333334,-0.6745,-0.004557432432432335,0.6112656249999999,0.3343541314752269
NOVA MARILANDIA,5106224.0,-14.6738,-56.5753,0.704,0.45,3.99,1490.0,0.29600000000000004,0.8592592592592593,-0.5058749999999992,-2.360749999999998,-0.0638040540540539,1.0328281249999998,-0.47440023226351286
NOVA MARINGA,5106232.0,-13.0039,-57.0601,0.663,0.51,5.01,3234.0,0.33699999999999997,0.6074074074074074,0.6463958333333363,-0.33725,0.401054054054054,0.31617187499999977,0.2565929405968475
NOVA MONTE VERDE,5106240.0,-99.6781,-57.5258,0.691,0.5,6.21,4138.0,0.30900000000000005,0.5481481481481482,-0.14052083333333087,-0.6745,0.947945945945946,0.14754687499999988,0.07011799690315373
NOVA MUTUM,5106257.0,-13.8291,-56.0759,0.758,0.53,1.34,17961.0,0.242,0.09629629629629632,-2.023500000000006,0.33725,-1.2715236486486488,-1.1382187499999998,-1.0239980996621636
NOVA NAZARE,,,,0.595,0.55,,987.0,0.405,0.9407407407407408,2.5574791666666785,1.01175,0.0,1.2646874999999997,1.2084791666666697
NOVA OLIMPIA,5106265.0,-14.7967,-57.2882,0.682,0.52,2.98,7226.0,0.31799999999999995,0.2962962962962963,0.11241666666666719,0.0,-0.5241047297297297,-0.5691093750000001,-0.24519935951576566
NOVA SANTA HELENA,5106273.0,-10.8652,-55.3343,0.714,0.46,3.45,1643.0,0.28600000000000003,0.8148148148148149,-0.7869166666666672,-2.023499999999998,-0.3099054054054053,0.906359375,-0.5534906742680176
NOVA UBIRATA,5106281.0,-12.9868,-55.2536,0.669,0.54,3.12,4659.0,0.33099999999999996,0.49629629629629635,0.47777083333333553,0.6745,-0.4603006756756756,0.0,0.172992539414415
NOVA XAVANTINA,5106299.0,-14.6735,-52.3524,0.704,0.53,4.01,9530.0,0.29600000000000004,0.20740740740740737,-0.5058749999999992,0.33725,-0.05468918918918923,-0.8220468750000002,-0.26134026604729715
NOVO HORIZONTE DO NORTE,5106307.0,-11.4116,-57.3486,0.664,0.47,4.98,1974.0,0.33599999999999997,0.7703703703703704,0.6182916666666696,-1.6862500000000002,0.38738175675675696,0.7798906249999998,0.024828512105856543
NOVO MUNDO,5106315.0,-99.2348,-55.1979,0.674,0.49,6.13,3520.0,0.32599999999999996,0.5851851851851853,0.33725000000000155,-1.01175,0.9114864864864864,0.25293750000000004,0.12248099662162204
NOVO SANTO ANTONIO,5106372.0,-1.2597,-51.3411,0.653,0.55,15.1,836.0,0.347,0.962962962962963,0.9274375000000042,1.01175,4.999503378378377,1.327921875,2.066653188344595
NOVO SAO JOAQUIM,5106422.0,-14.9084,-53.0185,0.649,0.52,4.56,2710.0,0.351,0.6370370370370371,1.0398541666666714,0.0,0.19596959459459448,0.4004843749999999,0.4090770340653165
PARANAITA,5106455.0,-9.6644,-5.6478,0.672,0.49,4.12,5256.0,0.32799999999999996,0.41481481481481486,0.3934583333333352,-1.01175,-0.004557432432432335,-0.231859375,-0.21367711852477425
PARANATINGA,5106505.0,-14.4307,-54.0494,0.667,0.54,5.34,8353.0,0.33299999999999996,0.24444444444444446,0.5339791666666691,0.6745,0.5514493243243244,-0.7166562500000001,0.26081806024774834
PEDRA PRETA,5106653.0,-16.6212,-54.4754,0.679,0.53,2.11,6689.0,0.32099999999999995,0.3407407407407408,0.1967291666666676,0.33725,-0.9206013513513513,-0.442640625,-0.20731570242117095
PEIXOTO DE AZEVEDO,5106703.0,-10.2223,-54.9789,0.649,0.52,5.88,14232.0,0.351,0.14074074074074072,1.0398541666666714,0.0,0.7975506756756756,-1.0117500000000001,0.20641371058558672
PLANALTO DA SERRA,5106752.0,-14.6543,-55.2818,0.656,0.49,6.43,1016.0,0.344,0.9333333333333333,0.8431250000000039,-1.01175,1.0482094594594593,1.243609375,0.5307984586148657
POCONE,5106778.0,-16.2568,-56.6225,0.652,0.55,7.89,12156.0,0.348,0.16296296296296298,0.9555416666666711,1.01175,1.7135945945945945,-0.9485156250000001,0.6830926590653164
PONTAL DO ARAGUAIA,5106802.0,-15.8361,-52.0122,0.734,0.52,2.98,2631.0,0.266,0.6444444444444444,-1.349000000000003,0.0,-0.5241047297297297,0.4215624999999997,-0.3628855574324333
PONTE BRANCA,5106828.0,-16.7624,-52.8338,0.686,0.54,3.21,740.0,0.31399999999999995,0.9777777777777777,0.0,0.6745,-0.4192837837837838,1.3700781249999996,0.40632358530405394
PONTES E LACERDA,5106851.0,,,0.703,0.53,4.13,19370.0,0.29700000000000004,0.08148148148148149,-0.4777708333333324,0.33725,0.0,-1.180375,-0.33022395833333307
PORTO ALEGRE DO NORTE,5106877.0,-10.8711,-51.6315,0.673,0.53,10.2,4463.0,0.32699999999999996,0.5111111111111111,0.3653541666666683,0.33725,2.766361486486486,0.04215624999999974,0.8777804757882886
PORTO DOS GAUCHOS,5106893.0,-11.5238,-57.4143,0.685,0.5,4.65,2501.0,0.31499999999999995,0.6666666666666667,0.028104166666666798,-0.6745,0.2369864864864867,0.48479687500000007,0.018846882038288396
PORTO ESPERIDIAO,5106901.0,-15.8542,-58.4552,0.652,0.5,8.13,4372.0,0.348,0.5259259259259259,0.9555416666666711,-0.6745,1.8229729729729733,0.08431249999999979,0.5470817849099111
PORTO ESTRELA,5107008.0,-15.3283,-57.2185,0.599,0.48,7.89,1069.0,0.401,0.9259259259259259,2.4450625000000112,-1.349,1.7135945945945945,1.2225312499999998,1.0080470861486512
POXOREU,5107040.0,-15.8361,-54.3879,0.678,0.57,4.12,6533.0,0.32199999999999995,0.3481481481481481,0.22483333333333438,1.6862499999999963,-0.004557432432432335,-0.42156250000000023,0.3712408502252245
PRIMAVERA DO LESTE,5107065.0,-1.5559,-54.2954,0.752,0.56,1.54,27300.0,0.248,0.051851851851851816,-1.8548750000000056,1.349,-1.180375,-1.2646875000000002,-0.7377343750000014
QUERENCIA,5107107.0,-1.2597,-52.1226,0.692,0.55,2.87,6953.0,0.30800000000000005,0.31851851851851853,-0.16862499999999764,1.01175,-0.5742364864864864,-0.5058750000000001,-0.05924662162162103
RESERVA DO CABACAL,5107156.0,-1.5083,-58.4682,0.676,0.48,4.34,1231.0,0.32399999999999995,0.8962962962962963,0.28104166666666797,-1.349,0.09570608108108106,1.1382187499999996,0.04149162443693716
RIBEIRAO CASCALHEIRA,5107180.0,-12.9329,-51.8219,0.67,0.55,9.99,3915.0,0.32999999999999996,0.5629629629629629,0.44966666666666877,1.01175,2.6706554054054057,0.1897031249999996,1.0804437992680185
RIBEIRAOZINHO,5107198.0,-1.6518,-52.6865,0.692,0.53,2.15,1089.0,0.30800000000000005,0.9185185185185185,-0.16862499999999764,0.33725,-0.9023716216216217,1.2014531249999998,0.11692662584459512
RIO BRANCO,5107206.0,-15.2559,-58.1147,0.707,0.51,6.12,2349.0,0.29300000000000004,0.7037037037037037,-0.5901874999999996,-0.33725,0.9069290540540542,0.5901874999999999,0.1424197635135136
RONDOLANDIA,5107578.0,-96.9707,-61.2829,0.64,0.53,11.8,1637.0,0.36,0.825925925925926,1.2927916666666726,0.33725,3.495550675675676,0.9379765624999998,1.5158922262105872
RONDONOPOLIS,5107602.0,-16.4705,-54.6356,0.755,0.56,1.99,97036.0,0.245,0.014814814814814836,-1.9391875000000058,1.349,-0.9752905405405404,-1.3700781249999998,-0.7338890413851364
ROSARIO OESTE,5107701.0,-14.8361,-56.4277,0.65,0.53,8.21,7994.0,0.35,0.2518518518518519,1.0117500000000048,0.33725,1.8594324324324327,-0.695578125,0.6282135768581094
SALTO DO CEU,5107750.0,-15.1384,-58.1364,0.666,0.48,6.45,1637.0,0.33399999999999996,0.825925925925926,0.5620833333333359,-1.349,1.0573243243243244,0.9379765624999998,0.30209605503941506
SANTA CARMEM,5107248.0,-11.9169,-55.2471,0.715,0.51,1.98,1904.0,0.28500000000000003,0.7851851851851852,-0.815020833333334,-0.33725,-0.979847972972973,0.8220468749999998,-0.32751798282657685
SANTA CRUZ DO XINGU,5107743.0,-11.0827,-51.9868,0.684,0.53,13.1,975.0,0.31599999999999995,0.9481481481481482,0.056208333333333596,0.33725,4.0880168918918915,1.285765625,1.4418102125563061
SANTA RITA DO TRIVELATO,5107768.0,-13.8055,-5.5263,0.735,0.51,2.13,1239.0,0.265,0.8888888888888888,-1.37710416666667,-0.33725,-0.9114864864864864,1.1171406249999998,-0.3771750070382892
SANTA TEREZINHA,5107776.0,-10.4681,-50.5137,0.609,0.52,14.2,2739.0,0.391,0.6296296296296297,2.1640208333333435,0.0,4.589334459459459,0.3794062499999999,1.7831903856982005
SANTO AFONSO,5107263.0,-14.6293,-57.1724,0.689,0.47,5.32,1250.0,0.31100000000000005,0.8814814814814815,-0.08431249999999726,-1.6862500000000002,0.5423344594594596,1.0960624999999997,-0.033041385135134604
SANTO ANTONIO DO LESTE,5107792.0,-14.8193,-53.6166,0.655,0.5,2.31,1497.0,0.345,0.8518518518518519,0.8712291666666707,-0.6745,-0.8294527027027027,1.0117499999999997,0.09475661599099194
SANTO ANTONIO DO LEVERGER,5107800.0,-15.8656,-56.0772,0.656,0.54,8.99,7188.0,0.344,0.3037037037037037,0.8431250000000039,0.6745,2.2149121621621624,-0.5480312500000002,0.7961264780405415
SAO FELIX DO ARAGUAIA,5107859.0,-1.1615,-50.6698,0.668,0.55,14.8,4209.0,0.33199999999999996,0.5407407407407407,0.5058750000000024,1.01175,4.862780405405406,0.12646874999999985,1.626718538851352
SAO JOSE DO POVO,5107297.0,-16.4447,-54.2755,0.661,0.51,2.87,1300.0,0.33899999999999997,0.8740740740740741,0.70260416666667,-0.33725,-0.5742364864864864,1.0749843749999999,0.21652551379504587
SAO JOSE DO RIO CLARO,5107305.0,-13.9472,-5.6721,0.682,0.53,2.54,8528.0,0.31799999999999995,0.23703703703703705,0.11241666666666719,0.33725,-0.7246317567567567,-0.737734375,-0.2531748662725224
SAO JOSE DO XINGU,5107354.0,-1.0916,-52.3789,0.657,0.53,8.98,2205.0,0.34299999999999997,0.7259259259259259,0.815020833333337,0.33725,2.21035472972973,0.6534218749999996,1.0040118595157665
SAO JOSE DOS QUATRO MARCOS,5107404.0,-15.6267,-58.1754,0.719,0.5,3.65,8592.0,0.281,0.22962962962962963,-0.9274375000000011,-0.6745,-0.21875675675675677,-0.7588125000000001,-0.6448766891891895
SAO PEDRO DA CIPA,5107875.0,-15.9529,-54.9124,0.66,0.52,2.98,1706.0,0.33999999999999997,0.8,0.7307083333333366,0.0,-0.5241047297297297,0.864203125,0.26770168215090173
SAPEZAL,5107883.0,-13.5414,-58.8344,0.732,0.52,1.12,9207.0,0.268,0.2148148148148148,-1.2927916666666694,0.0,-1.371787162162162,-0.8009687500000002,-0.866386894707208
SERRA NOVA DOURADA,5107909.0,-12.1158,-51.4646,0.664,0.49,9.21,593.0,0.33599999999999997,0.9851851851851852,0.6182916666666696,-1.01175,2.315175675675676,1.3911562499999999,0.8282183980855864
SINOP,5107925.0,-11.8601,-5.5503,0.754,0.54,1.87,59596.0,0.246,0.022222222222222254,-1.911083333333339,0.6745,-1.0299797297297295,-1.349,-0.9038907657657671
SORRISO,5107941.0,-12.5447,-55.7135,0.744,0.54,1.23,34069.0,0.256,0.0444444444444444,-1.630041666666671,0.6745,-1.3216554054054053,-1.2857656250000002,-0.8907406742680192
TABAPORA,5107958.0,-11.2891,-5.6848,0.695,0.49,6.13,4923.0,0.30500000000000005,0.4740740740740741,-0.25293749999999804,-1.01175,0.9114864864864864,-0.06323437500000009,-0.1041088471283779
TANGARA DA SERRA,5108006.0,-14.6193,-57.4891,0.729,0.54,2.45,40974.0,0.271,0.029629629629629672,-1.208479166666669,0.6745,-0.7656486486486485,-1.327921875,-0.6568874225788294
TAPURAH,5108055.0,-12.7505,-56.5412,0.714,0.51,2.01,4982.0,0.28600000000000003,0.45925925925925926,-0.7869166666666672,-0.33725,-0.9661756756756756,-0.10539062500000015,-0.5489332418355857
TERRA NOVA DO NORTE,5108105.0,-10.5097,-5.5234,0.698,0.5,5.11,6481.0,0.30200000000000005,0.3555555555555555,-0.33724999999999844,-0.6745,0.4466283783783786,-0.4004843750000002,-0.24140149915540499
TESOURO,5108204.0,-16.0825,-53.5484,0.655,0.55,4.32,1223.0,0.345,0.9037037037037037,0.8712291666666707,1.01175,0.0865912162162164,1.159296875,0.7822168144707218
TORIXOREU,5108303.0,-16.2081,-52.5552,0.716,0.56,3.89,1572.0,0.28400000000000003,0.8444444444444444,-0.8431250000000008,1.349,-0.10937837837837827,0.9906718749999998,0.34679212415540517
UNIAO DO SUL,5108352.0,-11.4988,-54.3435,0.665,0.48,4.11,1785.0,0.33499999999999996,0.7925925925925926,0.5901875000000028,-1.349,-0.00911486486486467,0.8431249999999999,0.0187994087837845
VALE DE SAO DOMINGOS,5108402.0,-15.3093,-59.3517,0.656,0.48,6.99,1221.0,0.344,0.9111111111111111,0.8431250000000039,-1.349,1.303425675675676,1.1803749999999997,0.4944814189189199
VARZEA GRANDE,5108402.0,-15.6468,-56.1329,0.734,0.56,4.56,120623.0,0.266,0.007407407407407418,-1.349000000000003,1.349,0.19596959459459448,-1.39115625,-0.2987966638513522
VERA,5108501.0,-12.3039,-55.3129,0.68,0.51,2.54,4748.0,0.31999999999999995,0.48888888888888893,0.16862500000000077,-0.33725,-0.7246317567567567,-0.021078125000000027,-0.228583720439189
VILA BELA DA SANTISSIMA TRINDADE,5108550.0,-1.5008,-59.9515,0.645,0.54,10.21,4986.0,0.355,0.45185185185185184,1.1522708333333387,0.6745,2.770918918918919,-0.12646875000000019,1.1178052505630645
VILA RICA,5108600.0,-10.0125,-51.1158,0.688,0.54,8.76,10023.0,0.31200000000000006,0.19259259259259254,-0.05620833333333047,0.6745,2.110091216216216,-0.8642031250000003,0.46604493947072134
