municipio,ano,populacao
ACORIZAL,2019,5334
AGUA BOA,2019,26204
ALTA FLORESTA,2019,51959
ALTO ARAGUAIA,2019,19385
ALTO BOA VISTA,2019,6936
ALTO GARCAS,2019,12151
ALTO PARAGUAI,2019,11473
ALTO TAQUARI,2019,11133
APIACAS,2019,10283
ARAGUAIANA,2019,3109
ARAGUAINHA,2019,946
ARAPUTANGA,2019,16951
ARENAPOLIS,2019,9502
ARIPUANA,2019,22714
BARAO DE MELGACO,2019,8164
BARRA DO BUGRES,2019,35307
BARRA DO GARCAS,2019,61135
BOM JESUS DO ARAGUAIA,2019,6706
BRASNORTE,2019,20140
CACERES,2019,94861
CAMPINAPOLIS,2019,16919
CAMPO NOVO DO PARECIS,2019,36143
CAMPOS DE JULIO,2019,7070
CAMPO VERDE,2019,45740
CANABRAVA DO NORTE,2019,4728
CANARANA,2019,21842
CARLINDA,2019,10199
CASTANHEIRA,2019,8749
CHAPADA DOS GUIMARAES,2019,19453
CLAUDIA,2019,12245
COCALINHO,2019,5681
COLIDER,2019,33649
COLNIZA,2019,39861
COMODORO,2019,21008
CONFRESA,2019,31510
CONQUISTA D'OESTE,2019,4101
COTRIGUACU,2019,20238
CUIABA,2019,618124
CURVELANDIA,2019,5241
DENISE,2019,9544
DIAMANTINO,2019,22178
DOM AQUINO,2019,8159
FELIZ NATAL,2019,14522
FIGUEIROPOLIS D'OESTE,2019,3452
GAUCHA DO NORTE,2019,7782
GENERAL CARNEIRO,2019,5592
GLORIA D'OESTE,2019,3008
GUARANTA DO NORTE,2019,36130
GUIRATINGA,2019,15245
INDIAVAI,2019,2779
IPIRANGA DO NORTE,2019,7920
ITANHANGA,2019,6885
ITAUBA,2019,3704
ITIQUIRA,2019,13552
JACIARA,2019,27807
JANGADA,2019,8451
JAURU,2019,8582
JUARA,2019,35121
JUINA,2019,41101
JURUENA,2019,16335
JUSCIMEIRA,2019,11176
LAMBARI D'OESTE,2019,6186
LUCAS DO RIO VERDE,2019,67620
LUCIARA,2019,2058
MARCELANDIA,2019,10301
MATUPA,2019,16793
MIRASSOL D'OESTE,2019,27941
NOBRES,2019,15334
NORTELANDIA,2019,5923
NOSSA SENHORA DO LIVRAMENTO,2019,13104
NOVA BANDEIRANTES,2019,15685
NOVA BRASILANDIA,2019,3805
NOVA CANAA DO NORTE,2019,12831
NOVA GUARITA,2019,4464
NOVA LACERDA,2019,6751
NOVA MARILANDIA,2019,3304
NOVA MARINGA,2019,8850
NOVA MONTE VERDE,2019,9277
NOVA MUTUM,2019,46813
NOVA NAZARE,2019,3932
NOVA OLIMPIA,2019,20563
NOVA SANTA HELENA,2019,3737
NOVA UBIRATA,2019,12298
NOVA XAVANTINA,2019,20944
NOVO HORIZONTE DO NORTE,2019,4051
NOVO MUNDO,2019,9363
NOVO SANTO ANTONIO,2019,2705
NOVO SAO JOAQUIM,2019,4938
PARANAITA,2019,11244
PARANATINGA,2019,22861
PEDRA PRETA,2019,17446
PEIXOTO DE AZEVEDO,2019,35338
PLANALTO DA SERRA,2019,2649
POCONE,2019,33315
PONTAL DO ARAGUAIA,2019,6843
PONTE BRANCA,2019,1550
PONTES E LACERDA,2019,45774
PORTO ALEGRE DO NORTE,2019,12685
PORTO DOS GAUCHOS,2019,5363
PORTO ESPERIDIAO,2019,12097
PORTO ESTRELA,2019,2877
POXOREU,2019,15916
PRIMAVERA DO LESTE,2019,63092
QUERENCIA,2019,17937
RESERVA DO CABACAL,2019,2743
RIBEIRAO CASCALHEIRA,2019,10329
RIBEIRAOZINHO,2019,2422
RIO BRANCO,2019,5150
RONDOLANDIA,2019,4036
RONDONOPOLIS,2019,236042
ROSARIO OESTE,2019,17054
SALTO DO CEU,2019,3295
SANTA CARMEM,2019,4563
SANTA CRUZ DO XINGU,2019,2633
SANTA RITA DO TRIVELATO,2019,3506
SANTA TEREZINHA,2019,8460
SANTO AFONSO,2019,3155
SANTO ANTONIO DO LESTE,2019,5334
SANTO ANTONIO DO LEVERGER,2019,16999
SAO FELIX DO ARAGUAIA,2019,11843
SAO JOSE DO POVO,2019,4450
SAO JOSE DO RIO CLARO,2019,21011
SAO JOSE DOS QUATRO MARCOS,2019,18846
SAO JOSE DO XINGU,2019,5620
SAO PEDRO DA CIPA,2019,4771
SAPEZAL,2019,26688
SERRA NOVA DOURADA,2019,1678
SINOP,2019,146005
SORRISO,2019,92769
TABAPORA,2019,9429
TANGARA DA SERRA,2019,105711
TAPURAH,2019,14046
TERRA NOVA DO NORTE,2019,9473
TESOURO,2019,3824
TORIXOREU,2019,3547
UNIAO DO SUL,2019,3490
VALE DE SAO DOMINGOS,2019,3126
VARZEA GRANDE,2019,287526
VERA,2019,11402
VILA BELA DA SANTISSIMA TRINDADE,2019,16271
VILA RICA,2019,26496
ACORIZAL,2020,5334
AGUA BOA,2020,26204
ALTA FLORESTA,2020,51959
ALTO ARAGUAIA,2020,19385
ALTO BOA VISTA,2020,6936
ALTO GARCAS,2020,12151
ALTO PARAGUAI,2020,11473
ALTO TAQUARI,2020,11133
APIACAS,2020,10283
ARAGUAIANA,2020,3109
ARAGUAINHA,2020,946
ARAPUTANGA,2020,16951
ARENAPOLIS,2020,9502
ARIPUANA,2020,22714
BARAO DE MELGACO,2020,8164
BARRA DO BUGRES,2020,35307
BARRA DO GARCAS,2020,61135
BOM JESUS DO ARAGUAIA,2020,6706
BRASNORTE,2020,20140
CACERES,2020,94861
CAMPINAPOLIS,2020,16919
CAMPO NOVO DO PARECIS,2020,36143
CAMPOS DE JULIO,2020,7070
CAMPO VERDE,2020,45740
CANABRAVA DO NORTE,2020,4728
CANARANA,2020,21842
CARLINDA,2020,10199
CASTANHEIRA,2020,8749
CHAPADA DOS GUIMARAES,2020,19453
CLAUDIA,2020,12245
COCALINHO,2020,5681
COLIDER,2020,33649
COLNIZA,2020,39861
COMODORO,2020,21008
CONFRESA,2020,31510
CONQUISTA D'OESTE,2020,4101
COTRIGUACU,2020,20238
CUIABA,2020,618124
CURVELANDIA,2020,5241
DENISE,2020,9544
DIAMANTINO,2020,22178
DOM AQUINO,2020,8159
FELIZ NATAL,2020,14522
FIGUEIROPOLIS D'OESTE,2020,3452
GAUCHA DO NORTE,2020,7782
GENERAL CARNEIRO,2020,5592
GLORIA D'OESTE,2020,3008
GUARANTA DO NORTE,2020,36130
GUIRATINGA,2020,15245
INDIAVAI,2020,2779
IPIRANGA DO NORTE,2020,7920
ITANHANGA,2020,6885
ITAUBA,2020,3704
ITIQUIRA,2020,13552
JACIARA,2020,27807
JANGADA,2020,8451
JAURU,2020,8582
JUARA,2020,35121
JUINA,2020,41101
JURUENA,2020,16335
JUSCIMEIRA,2020,11176
LAMBARI D'OESTE,2020,6186
LUCAS DO RIO VERDE,2020,67620
LUCIARA,2020,2058
MARCELANDIA,2020,10301
MATUPA,2020,16793
MIRASSOL D'OESTE,2020,27941
NOBRES,2020,15334
NORTELANDIA,2020,5923
NOSSA SENHORA DO LIVRAMENTO,2020,13104
NOVA BANDEIRANTES,2020,15685
NOVA BRASILANDIA,2020,3805
NOVA CANAA DO NORTE,2020,12831
NOVA GUARITA,2020,4464
NOVA LACERDA,2020,6751
NOVA MARILANDIA,2020,3304
NOVA MARINGA,2020,8850
NOVA MONTE VERDE,2020,9277
NOVA MUTUM,2020,46813
NOVA NAZARE,2020,3932
NOVA OLIMPIA,2020,20563
NOVA SANTA HELENA,2020,3737
NOVA UBIRATA,2020,12298
NOVA XAVANTINA,2020,20944
NOVO HORIZONTE DO NORTE,2020,4051
NOVO MUNDO,2020,9363
NOVO SANTO ANTONIO,2020,2705
NOVO SAO JOAQUIM,2020,4938
PARANAITA,2020,11244
PARANATINGA,2020,22861
PEDRA PRETA,2020,17446
PEIXOTO DE AZEVEDO,2020,35338
PLANALTO DA SERRA,2020,2649
POCONE,2020,33315
PONTAL DO ARAGUAIA,2020,6843
PONTE BRANCA,2020,1550
PONTES E LACERDA,2020,45774
PORTO ALEGRE DO NORTE,2020,12685
PORTO DOS GAUCHOS,2020,5363
PORTO ESPERIDIAO,2020,12097
PORTO ESTRELA,2020,2877
POXOREU,2020,15916
PRIMAVERA DO LESTE,2020,63092
QUERENCIA,2020,17937
RESERVA DO CABACAL,2020,2743
RIBEIRAO CASCALHEIRA,2020,10329
RIBEIRAOZINHO,2020,2422
RIO BRANCO,2020,5150
RONDOLANDIA,2020,4036
RONDONOPOLIS,2020,236042
ROSARIO OESTE,2020,17054
SALTO DO CEU,2020,3295
SANTA CARMEM,2020,4563
SANTA CRUZ DO XINGU,2020,2633
SANTA RITA DO TRIVELATO,2020,3506
SANTA TEREZINHA,2020,8460
SANTO AFONSO,2020,3155
SANTO ANTONIO DO LESTE,2020,5334
SANTO ANTONIO DO LEVERGER,2020,16999
SAO FELIX DO ARAGUAIA,2020,11843
SAO JOSE DO POVO,2020,4450
SAO JOSE DO RIO CLARO,2020,21011
SAO JOSE DOS QUATRO MARCOS,2020,18846
SAO JOSE DO XINGU,2020,5620
SAO PEDRO DA CIPA,2020,4771
SAPEZAL,2020,26688
SERRA NOVA DOURADA,2020,1678
SINOP,2020,146005
SORRISO,2020,92769
TABAPORA,2020,9429
TANGARA DA SERRA,2020,105711
TAPURAH,2020,14046
TERRA NOVA DO NORTE,2020,9473
TESOURO,2020,3824
TORIXOREU,2020,3547
UNIAO DO SUL,2020,3490
VALE DE SAO DOMINGOS,2020,3126
VARZEA GRANDE,2020,287526
VERA,2020,11402
VILA BELA DA SANTISSIMA TRINDADE,2020,16271
VILA RICA,2020,26496
ACORIZAL,2021,5309
AGUA BOA,2021,26679
ALTA FLORESTA,2021,52105
ALTO ARAGUAIA,2021,19714
ALTO BOA VISTA,2021,7092
ALTO GARCAS,2021,12323
ALTO PARAGUAI,2021,11587
ALTO TAQUARI,2021,11413
APIACAS,2021,10431
ARAGUAIANA,2021,3064
ARAGUAINHA,2021,909
ARAPUTANGA,2021,17078
ARENAPOLIS,2021,9399
ARIPUANA,2021,23067
BARAO DE MELGACO,2021,8165
BARRA DO BUGRES,2021,35642
BARRA DO GARCAS,2021,61702
BOM JESUS DO ARAGUAIA,2021,6830
BRASNORTE,2021,20571
CACERES,2021,95339
CAMPINAPOLIS,2021,16223
CAMPO NOVO DO PARECIS,2021,36917
CAMPOS DE JULIO,2021,7245
CAMPO VERDE,2021,44033
CANABRAVA DO NORTE,2021,4711
CANARANA,2021,22101
CARLINDA,2021,10094
CASTANHEIRA,2021,8782
CHAPADA DOS GUIMARAES,2021,22521
CLAUDIA,2021,12338
COCALINHO,2021,5716
COLIDER,2021,33855
COLNIZA,2021,41117
COMODORO,2021,21249
CONFRESA,2021,32076
CONQUISTA D'OESTE,2021,4163
COTRIGUACU,2021,20717
CUIABA,2021,623614
CURVELANDIA,2021,5267
DENISE,2021,9626
DIAMANTINO,2021,22311
DOM AQUINO,2021,8087
FELIZ NATAL,2021,14847
FIGUEIROPOLIS D'OESTE,2021,3411
GAUCHA DO NORTE,2021,7913
GENERAL CARNEIRO,2021,5726
GLORIA D'OESTE,2021,2990
GUARANTA DO NORTE,2021,36439
GUIRATINGA,2021,15740
INDIAVAI,2021,2806
IPIRANGA DO NORTE,2021,8182
ITANHANGA,2021,7030
ITAUBA,2021,3609
ITIQUIRA,2021,13727
JACIARA,2021,27696
JANGADA,2021,8420
JAURU,2021,8377
JUARA,2021,35275
JUINA,2021,41190
JURUENA,2021,16811
JUSCIMEIRA,2021,11124
LAMBARI D'OESTE,2021,6246
LUCAS DO RIO VERDE,2021,69671
LUCIARA,2021,2036
MARCELANDIA,2021,10107
MATUPA,2021,17017
MIRASSOL D'OESTE,2021,28135
NOBRES,2021,15332
NORTELANDIA,2021,5858
NOSSA SENHORA DO LIVRAMENTO,2021,13093
NOVA BANDEIRANTES,2021,16052
NOVA BRASILANDIA,2021,3656
NOVA CANAA DO NORTE,2021,12876
NOVA GUARITA,2021,4407
NOVA LACERDA,2021,6861
NOVA MARILANDIA,2021,3332
NOVA MARINGA,2021,9056
NOVA MONTE VERDE,2021,9375
NOVA MUTUM,2021,48222
NOVA NAZARE,2021,4013
NOVA OLIMPIA,2021,20820
NOVA SANTA HELENA,2021,3755
NOVA UBIRATA,2021,12492
NOVA XAVANTINA,2021,21695
NOVO HORIZONTE DO NORTE,2021,4069
NOVO MUNDO,2021,9545
NOVO SANTO ANTONIO,2021,2769
NOVO SAO JOAQUIM,2021,4837
PARANAITA,2021,11291
PARANATINGA,2021,23250
PEDRA PRETA,2021,17547
PEIXOTO DE AZEVEDO,2021,35695
PLANALTO DA SERRA,2021,2637
POCONE,2021,33386
PONTAL DO ARAGUAIA,2021,6972
PONTE BRANCA,2021,1525
PONTES E LACERDA,2021,46105
PORTO ALEGRE DO NORTE,2021,12849
PORTO DOS GAUCHOS,2021,5344
PORTO ESPERIDIAO,2021,12176
PORTO ESTRELA,2021,2794
POXOREU,2021,15936
PRIMAVERA DO LESTE,2021,63876
QUERENCIA,2021,18386
RESERVA DO CABACAL,2021,2754
RIBEIRAO CASCALHEIRA,2021,10450
RIBEIRAOZINHO,2021,2439
RIO BRANCO,2021,5147
RONDOLANDIA,2021,4069
RONDONOPOLIS,2021,239613
ROSARIO OESTE,2021,16999
SALTO DO CEU,2021,3226
SANTA CARMEM,2021,4600
SANTA CRUZ DO XINGU,2021,2700
SANTA RITA DO TRIVELATO,2021,3602
SANTA TEREZINHA,2021,8547
SANTO AFONSO,2021,3164
SANTO ANTONIO DO LESTE,2021,5459
SANTO ANTONIO DO LEVERGER,2021,17188
SAO FELIX DO ARAGUAIA,2021,11934
SAO JOSE DO POVO,2021,4102
SAO JOSE DO RIO CLARO,2021,21351
SAO JOSE DOS QUATRO MARCOS,2021,18788
SAO JOSE DO XINGU,2021,5646
SAO PEDRO DA CIPA,2021,4823
SAPEZAL,2021,27485
SERRA NOVA DOURADA,2021,1705
SINOP,2021,148960
SORRISO,2021,94941
TABAPORA,2021,9357
TANGARA DA SERRA,2021,107631
TAPURAH,2021,14380
TERRA NOVA DO NORTE,2021,9284
TESOURO,2021,3761
TORIXOREU,2021,3487
UNIAO DO SUL,2021,3455
VALE DE SAO DOMINGOS,2021,3124
VARZEA GRANDE,2021,290383
VERA,2021,11731
VILA BELA DA SANTISSIMA TRINDADE,2021,16412
VILA RICA,2021,26946
ACORIZAL,2022,5014
AGUA BOA,2022,29219
ALTA FLORESTA,2022,58613
ALTO ARAGUAIA,2022,17193
ALTO BOA VISTA,2022,5715
ALTO GARCAS,2022,13052
ALTO PARAGUAI,2022,8009
ALTO TAQUARI,2022,10904
APIACAS,2022,8590
ARAGUAIANA,2022,3795
ARAGUAINHA,2022,1010
ARAPUTANGA,2022,14786
ARENAPOLIS,2022,10576
ARIPUANA,2022,24626
BARAO DE MELGACO,2022,7253
BARRA DO BUGRES,2022,29403
BARRA DO GARCAS,2022,69210
BOM JESUS DO ARAGUAIA,2022,7280
BRASNORTE,2022,17004
CACERES,2022,89681
CAMPINAPOLIS,2022,15347
CAMPO NOVO DO PARECIS,2022,45899
CAMPOS DE JULIO,2022,8822
CAMPO VERDE,2022,44585
CANABRAVA DO NORTE,2022,4485
CANARANA,2022,25858
CARLINDA,2022,10332
CASTANHEIRA,2022,7506
CHAPADA DOS GUIMARAES,2022,18990
CLAUDIA,2022,9593
COCALINHO,2022,6220
COLIDER,2022,31370
COLNIZA,2022,25766
COMODORO,2022,18238
CONFRESA,2022,35075
CONQUISTA D'OESTE,2022,3760
COTRIGUACU,2022,11011
CUIABA,2022,650877
CURVELANDIA,2022,4903
DENISE,2022,7014
DIAMANTINO,2022,21941
DOM AQUINO,2022,7872
FELIZ NATAL,2022,10521
FIGUEIROPOLIS D'OESTE,2022,3187
GAUCHA DO NORTE,2022,8642
GENERAL CARNEIRO,2022,6037
GLORIA D'OESTE,2022,2905
GUARANTA DO NORTE,2022,31024
GUIRATINGA,2022,10966
INDIAVAI,2022,2213
IPIRANGA DO NORTE,2022,7815
ITANHANGA,2022,7539
ITAUBA,2022,5020
ITIQUIRA,2022,12236
JACIARA,2022,28569
JANGADA,2022,7426
JAURU,2022,8367
JUARA,2022,34906
JUINA,2022,45869
JURUENA,2022,10213
JUSCIMEIRA,2022,11480
LAMBARI D'OESTE,2022,4790
LUCAS DO RIO VERDE,2022,83798
LUCIARA,2022,2509
MARCELANDIA,2022,11396
MATUPA,2022,20091
MIRASSOL D'OESTE,2022,26785
NOBRES,2022,15492
NORTELANDIA,2022,5956
NOSSA SENHORA DO LIVRAMENTO,2022,12940
NOVA BANDEIRANTES,2022,13635
NOVA BRASILANDIA,2022,3932
NOVA CANAA DO NORTE,2022,11707
NOVA GUARITA,2022,4590
NOVA LACERDA,2022,6670
NOVA MARILANDIA,2022,3529
NOVA MARINGA,2022,5846
NOVA MONTE VERDE,2022,8313
NOVA MUTUM,2022,55839
NOVA NAZARE,2022,4200
NOVA OLIMPIA,2022,16352
NOVA SANTA HELENA,2022,4239
NOVA UBIRATA,2022,11530
NOVA XAVANTINA,2022,24345
NOVO HORIZONTE DO NORTE,2022,3349
NOVO MUNDO,2022,6520
NOVO SANTO ANTONIO,2022,2015
NOVO SAO JOAQUIM,2022,6919
PARANAITA,2022,11671
PARANATINGA,2022,26423
PEDRA PRETA,2022,18066
PEIXOTO DE AZEVEDO,2022,32714
PLANALTO DA SERRA,2022,3166
POCONE,2022,31217
PONTAL DO ARAGUAIA,2022,6932
PONTE BRANCA,2022,2008
PONTES E LACERDA,2022,52018
PORTO ALEGRE DO NORTE,2022,12127
PORTO DOS GAUCHOS,2022,5593
PORTO ESPERIDIAO,2022,10204
PORTO ESTRELA,2022,3224
POXOREU,2022,23283
PRIMAVERA DO LESTE,2022,85146
QUERENCIA,2022,26769
RESERVA DO CABACAL,2022,2122
RIBEIRAO CASCALHEIRA,2022,10089
RIBEIRAOZINHO,2022,2593
RIO BRANCO,2022,4535
RONDOLANDIA,2022,3505
RONDONOPOLIS,2022,244911
ROSARIO OESTE,2022,15453
SALTO DO CEU,2022,3679
SANTA CARMEM,2022,5374
SANTA CRUZ DO XINGU,2022,2661
SANTA RITA DO TRIVELATO,2022,3276
SANTA TEREZINHA,2022,7596
SANTO AFONSO,2022,2519
SANTO ANTONIO DO LESTE,2022,4099
SANTO ANTONIO DO LEVERGER,2022,15246
SAO FELIX DO ARAGUAIA,2022,13621
SAO JOSE DO POVO,2022,2875
SAO JOSE DO RIO CLARO,2022,14911
SAO JOSE DOS QUATRO MARCOS,2022,17849
SAO JOSE DO XINGU,2022,5964
SAO PEDRO DA CIPA,2022,4191
SAPEZAL,2022,28944
SERRA NOVA DOURADA,2022,1800
SINOP,2022,196312
SORRISO,2022,110635
TABAPORA,2022,9818
TANGARA DA SERRA,2022,106434
TAPURAH,2022,14370
TERRA NOVA DO NORTE,2022,10616
TESOURO,2022,3025
TORIXOREU,2022,4164
UNIAO DO SUL,2022,3838
VALE DE SAO DOMINGOS,2022,2904
VARZEA GRANDE,2022,300078
VERA,2022,12800
VILA BELA DA SANTISSIMA TRINDADE,2022,16774
VILA RICA,2022,19888
ACORIZAL,2023,5022
AGUA BOA,2023,30461
ALTA FLORESTA,2023,60595
ALTO ARAGUAIA,2023,17567
ALTO BOA VISTA,2023,5827
ALTO GARCAS,2023,13443
ALTO PARAGUAI,2023,7854
ALTO TAQUARI,2023,11289
APIACAS,2023,8715
ARAGUAIANA,2023,3895
ARAGUAINHA,2023,988
ARAPUTANGA,2023,14932
ARENAPOLIS,2023,10739
ARIPUANA,2023,25493
BARAO DE MELGACO,2023,7272
BARRA DO BUGRES,2023,29765
BARRA DO GARCAS,2023,71550
BOM JESUS DO ARAGUAIA,2023,7543
BRASNORTE,2023,17357
CACERES,2023,91623
CAMPINAPOLIS,2023,15613
CAMPO NOVO DO PARECIS,2023,48027
CAMPOS DE JULIO,2023,9272
CAMPO VERDE,2023,46557
CANABRAVA DO NORTE,2023,4491
CANARANA,2023,26904
CARLINDA,2023,10415
CASTANHEIRA,2023,7544
CHAPADA DOS GUIMARAES,2023,19366
CLAUDIA,2023,9576
COCALINHO,2023,6377
COLIDER,2023,32086
COLNIZA,2023,26260
COMODORO,2023,18480
CONFRESA,2023,36490
CONQUISTA D'OESTE,2023,3831
COTRIGUACU,2023,10624
CUIABA,2023,676124
CURVELANDIA,2023,4970
DENISE,2023,6917
DIAMANTINO,2023,22368
DOM AQUINO,2023,7953
FELIZ NATAL,2023,10630
FIGUEIROPOLIS D'OESTE,2023,3131
GAUCHA DO NORTE,2023,8938
GENERAL CARNEIRO,2023,6190
GLORIA D'OESTE,2023,2887
GUARANTA DO NORTE,2023,31552
GUIRATINGA,2023,10732
INDIAVAI,2023,2174
IPIRANGA DO NORTE,2023,8136
ITANHANGA,2023,7833
ITAUBA,2023,5127
ITIQUIRA,2023,12472
JACIARA,2023,29369
JANGADA,2023,7491
JAURU,2023,8211
JUARA,2023,35862
JUINA,2023,47397
JURUENA,2023,10268
JUSCIMEIRA,2023,11656
LAMBARI D'OESTE,2023,4746
LUCAS DO RIO VERDE,2023,88126
LUCIARA,2023,2539
MARCELANDIA,2023,11497
MATUPA,2023,20853
MIRASSOL D'OESTE,2023,27434
NOBRES,2023,15730
NORTELANDIA,2023,5960
NOSSA SENHORA DO LIVRAMENTO,2023,11694
NOVA BANDEIRANTES,2023,14036
NOVA BRASILANDIA,2023,3891
NOVA CANAA DO NORTE,2023,11835
NOVA GUARITA,2023,4600
NOVA LACERDA,2023,6889
NOVA MARILANDIA,2023,3616
NOVA MARINGA,2023,5795
NOVA MONTE VERDE,2023,8456
NOVA MUTUM,2023,58541
NOVA NAZARE,2023,4338
NOVA OLIMPIA,2023,16434
NOVA SANTA HELENA,2023,4346
NOVA UBIRATA,2023,11882
NOVA XAVANTINA,2023,25084
NOVO HORIZONTE DO NORTE,2023,3317
NOVO MUNDO,2023,6511
NOVO SANTO ANTONIO,2023,2003
NOVO SAO JOAQUIM,2023,7082
PARANAITA,2023,11951
PARANATINGA,2023,27528
PEDRA PRETA,2023,18545
PEIXOTO DE AZEVEDO,2023,33559
PLANALTO DA SERRA,2023,3228
POCONE,2023,31394
PONTAL DO ARAGUAIA,2023,7169
PONTE BRANCA,2023,2024
PONTES E LACERDA,2023,53816
PORTO ALEGRE DO NORTE,2023,12420
PORTO DOS GAUCHOS,2023,5687
PORTO ESPERIDIAO,2023,10238
PORTO ESTRELA,2023,3202
POXOREU,2023,24102
PRIMAVERA DO LESTE,2023,89513
QUERENCIA,2023,28429
RESERVA DO CABACAL,2023,2056
RIBEIRAO CASCALHEIRA,2023,10340
RIBEIRAOZINHO,2023,2639
RIO BRANCO,2023,4509
RONDOLANDIA,2023,3512
RONDONOPOLIS,2023,254728
ROSARIO OESTE,2023,15421
SALTO DO CEU,2023,3683
SANTA CARMEM,2023,5563
SANTA CRUZ DO XINGU,2023,2721
SANTA RITA DO TRIVELATO,2023,3366
SANTA TEREZINHA,2023,7700
SANTO AFONSO,2023,2452
SANTO ANTONIO DO LESTE,2023,4150
SANTO ANTONIO DO LEVERGER,2023,16776
SAO FELIX DO ARAGUAIA,2023,14059
SAO JOSE DO POVO,2023,2807
SAO JOSE DO RIO CLARO,2023,14813
SAO JOSE DOS QUATRO MARCOS,2023,17954
SAO JOSE DO XINGU,2023,6092
SAO PEDRO DA CIPA,2023,4224
SAPEZAL,2023,30303
SERRA NOVA DOURADA,2023,1835
SINOP,2023,206931
SORRISO,2023,116105
TABAPORA,2023,9932
TANGARA DA SERRA,2023,110549
TAPURAH,2023,14872
TERRA NOVA DO NORTE,2023,10722
TESOURO,2023,2971
TORIXOREU,2023,4212
UNIAO DO SUL,2023,3879
VALE DE SAO DOMINGOS,2023,2897
VARZEA GRANDE,2023,310941
VERA,2023,13229
VILA BELA DA SANTISSIMA TRINDADE,2023,17227
VILA RICA,2023,19948
ACORIZAL,2024,4990
AGUA BOA,2024,31314
ALTA FLORESTA,2024,61291
ALTO ARAGUAIA,2024,17657
ALTO BOA VISTA,2024,5875
ALTO GARCAS,2024,13707
ALTO PARAGUAI,2024,7717
ALTO TAQUARI,2024,11571
APIACAS,2024,8692
ARAGUAIANA,2024,3950
ARAGUAINHA,2024,1006
ARAPUTANGA,2024,14854
ARENAPOLIS,2024,10747
ARIPUANA,2024,26010
BARAO DE MELGACO,2024,7204
BARRA DO BUGRES,2024,29576
BARRA DO GARCAS,2024,72694
BOM JESUS DO ARAGUAIA,2024,7731
BRASNORTE,2024,17496
CACERES,2024,91626
CAMPINAPOLIS,2024,15713
CAMPO NOVO DO PARECIS,2024,50033
CAMPOS DE JULIO,2024,9608
CAMPO VERDE,2024,47831
CANABRAVA DO NORTE,2024,4480
CANARANA,2024,27657
CARLINDA,2024,10324
CASTANHEIRA,2024,7459
CHAPADA DOS GUIMARAES,2024,19374
CLAUDIA,2024,9436
COCALINHO,2024,6428
COLIDER,2024,32010
COLNIZA,2024,26090
COMODORO,2024,18461
CONFRESA,2024,37541
CONQUISTA D'OESTE,2024,3874
COTRIGUACU,2024,10398
CUIABA,2024,682932
CURVELANDIA,2024,4967
DENISE,2024,6815
DIAMANTINO,2024,22479
DOM AQUINO,2024,7915
FELIZ NATAL,2024,10564
FIGUEIROPOLIS D'OESTE,2024,3112
GAUCHA DO NORTE,2024,9181
GENERAL CARNEIRO,2024,6250
GLORIA D'OESTE,2024,2899
GUARANTA DO NORTE,2024,31328
GUIRATINGA,2024,10532
INDIAVAI,2024,2194
IPIRANGA DO NORTE,2024,8409
ITANHANGA,2024,8049
ITAUBA,2024,5161
ITIQUIRA,2024,12519
JACIARA,2024,29560
JANGADA,2024,7447
JAURU,2024,8076
JUARA,2024,35899
JUINA,2024,47800
JURUENA,2024,10149
JUSCIMEIRA,2024,11620
LAMBARI D'OESTE,2024,4724
LUCAS DO RIO VERDE,2024,92256
LUCIARA,2024,2591
MARCELANDIA,2024,11414
MATUPA,2024,21415
MIRASSOL D'OESTE,2024,27511
NOBRES,2024,15753
NORTELANDIA,2024,5935
NOSSA SENHORA DO LIVRAMENTO,2024,11658
NOVA BANDEIRANTES,2024,14160
NOVA BRASILANDIA,2024,3853
NOVA CANAA DO NORTE,2024,11771
NOVA GUARITA,2024,4579
NOVA LACERDA,2024,6965
NOVA MARILANDIA,2024,3678
NOVA MARINGA,2024,5775
NOVA MONTE VERDE,2024,8451
NOVA MUTUM,2024,61223
NOVA NAZARE,2024,4467
NOVA OLIMPIA,2024,16314
NOVA SANTA HELENA,2024,4431
NOVA UBIRATA,2024,9589
NOVA XAVANTINA,2024,25486
NOVO HORIZONTE DO NORTE,2024,3307
NOVO MUNDO,2024,6444
NOVO SANTO ANTONIO,2024,2040
NOVO SAO JOAQUIM,2024,7160
PARANAITA,2024,11989
PARANATINGA,2024,28204
PEDRA PRETA,2024,18722
PEIXOTO DE AZEVEDO,2024,33599
PLANALTO DA SERRA,2024,3287
POCONE,2024,31269
PONTAL DO ARAGUAIA,2024,7299
PONTE BRANCA,2024,2076
PONTES E LACERDA,2024,54795
PORTO ALEGRE DO NORTE,2024,12524
PORTO DOS GAUCHOS,2024,5690
PORTO ESPERIDIAO,2024,10167
PORTO ESTRELA,2024,3181
POXOREU,2024,24587
PRIMAVERA DO LESTE,2024,92927
QUERENCIA,2024,29820
RESERVA DO CABACAL,2024,2062
RIBEIRAO CASCALHEIRA,2024,10431
RIBEIRAOZINHO,2024,2697
RIO BRANCO,2024,4489
RONDOLANDIA,2024,3527
RONDONOPOLIS,2024,259167
ROSARIO OESTE,2024,15236
SALTO DO CEU,2024,3679
SANTA CARMEM,2024,5677
SANTA CRUZ DO XINGU,2024,2834
SANTA RITA DO TRIVELATO,2024,3463
SANTA TEREZINHA,2024,7720
SANTO AFONSO,2024,2460
SANTO ANTONIO DO LESTE,2024,4212
SANTO ANTONIO DO LEVERGER,2024,16795
SAO FELIX DO ARAGUAIA,2024,14332
SAO JOSE DO POVO,2024,2780
SAO JOSE DO RIO CLARO,2024,14662
SAO JOSE DOS QUATRO MARCOS,2024,17830
SAO JOSE DO XINGU,2024,6168
SAO PEDRO DA CIPA,2024,4247
SAPEZAL,2024,31499
SERRA NOVA DOURADA,2024,1901
SINOP,2024,216029
SORRISO,2024,120561
TABAPORA,2024,9908
TANGARA DA SERRA,2024,112547
TAPURAH,2024,15272
TERRA NOVA DO NORTE,2024,10641
TESOURO,2024,2977
TORIXOREU,2024,4230
UNIAO DO SUL,2024,3897
VALE DE SAO DOMINGOS,2024,2907
VARZEA GRANDE,2024,314627
VERA,2024,10584
VILA BELA DA SANTISSIMA TRINDADE,2024,17384
VILA RICA,2024,19827
ACORIZAL,2025,4948
AGUA BOA,2025,32099
ALTA FLORESTA,2025,62158
ALTO ARAGUAIA,2025,17751
ALTO BOA VISTA,2025,5920
ALTO GARCAS,2025,13956
ALTO PARAGUAI,2025,7525
ALTO TAQUARI,2025,11877
APIACAS,2025,8693
ARAGUAIANA,2025,4005
ARAGUAINHA,2025,997
ARAPUTANGA,2025,14805
ARENAPOLIS,2025,10769
ARIPUANA,2025,26558
BARAO DE MELGACO,2025,7137
BARRA DO BUGRES,2025,29406
BARRA DO GARCAS,2025,73878
BOM JESUS DO ARAGUAIA,2025,7912
BRASNORTE,2025,17645
CACERES,2025,91767
CAMPINAPOLIS,2025,15808
CAMPO NOVO DO PARECIS,2025,51722
CAMPOS DE JULIO,2025,9946
CAMPO VERDE,2025,49053
CANABRAVA DO NORTE,2025,4451
CANARANA,2025,28324
CARLINDA,2025,10260
CASTANHEIRA,2025,7392
CHAPADA DOS GUIMARAES,2025,19458
CLAUDIA,2025,9301
COCALINHO,2025,6495
COLIDER,2025,32054
COLNIZA,2025,26026
COMODORO,2025,18469
CONFRESA,2025,38460
CONQUISTA D'OESTE,2025,3908
COTRIGUACU,2025,10030
CUIABA,2025,691875
CURVELANDIA,2025,4970
DENISE,2025,6675
DIAMANTINO,2025,22623
DOM AQUINO,2025,7890
FELIZ NATAL,2025,10523
FIGUEIROPOLIS D'OESTE,2025,3056
GAUCHA DO NORTE,2025,9397
GENERAL CARNEIRO,2025,6319
GLORIA D'OESTE,2025,2878
GUARANTA DO NORTE,2025,31209
GUIRATINGA,2025,10252
INDIAVAI,2025,2172
IPIRANGA DO NORTE,2025,8658
ITANHANGA,2025,8257
ITAUBA,2025,5201
ITIQUIRA,2025,12587
JACIARA,2025,29803
JANGADA,2025,7413
JAURU,2025,7881
JUARA,2025,36089
JUINA,2025,48396
JURUENA,2025,10057
JUSCIMEIRA,2025,11622
LAMBARI D'OESTE,2025,4662
LUCAS DO RIO VERDE,2025,95792
LUCIARA,2025,2616
MARCELANDIA,2025,11355
MATUPA,2025,21959
MIRASSOL D'OESTE,2025,27637
NOBRES,2025,15796
NORTELANDIA,2025,5890
NOSSA SENHORA DO LIVRAMENTO,2025,11658
NOVA BANDEIRANTES,2025,14340
NOVA BRASILANDIA,2025,3791
NOVA CANAA DO NORTE,2025,11734
NOVA GUARITA,2025,4546
NOVA LACERDA,2025,7072
NOVA MARILANDIA,2025,3731
NOVA MARINGA,2025,5705
NOVA MONTE VERDE,2025,8470
NOVA MUTUM,2025,63455
NOVA NAZARE,2025,4575
NOVA OLIMPIA,2025,16204
NOVA SANTA HELENA,2025,4502
NOVA UBIRATA,2025,9760
NOVA XAVANTINA,2025,25915
NOVO HORIZONTE DO NORTE,2025,3267
NOVO MUNDO,2025,6368
NOVO SANTO ANTONIO,2025,2041
NOVO SAO JOAQUIM,2025,7239
PARANAITA,2025,12079
PARANATINGA,2025,28870
PEDRA PRETA,2025,18946
PEIXOTO DE AZEVEDO,2025,33754
PLANALTO DA SERRA,2025,3328
POCONE,2025,31203
PONTAL DO ARAGUAIA,2025,7441
PONTE BRANCA,2025,2098
PONTES E LACERDA,2025,55762
PORTO ALEGRE DO NORTE,2025,12649
PORTO DOS GAUCHOS,2025,5705
PORTO ESPERIDIAO,2025,10088
PORTO ESTRELA,2025,3141
POXOREU,2025,25103
PRIMAVERA DO LESTE,2025,96006
QUERENCIA,2025,31100
RESERVA DO CABACAL,2025,2020
RIBEIRAO CASCALHEIRA,2025,10541
RIBEIRAOZINHO,2025,2733
RIO BRANCO,2025,4440
RONDOLANDIA,2025,3518
RONDONOPOLIS,2025,263708
ROSARIO OESTE,2025,15041
SALTO DO CEU,2025,3657
SANTA CARMEM,2025,5795
SANTA CRUZ DO XINGU,2025,2904
SANTA RITA DO TRIVELATO,2025,3536
SANTA TEREZINHA,2025,7737
SANTO AFONSO,2025,2416
SANTO ANTONIO DO LESTE,2025,4244
SANTO ANTONIO DO LEVERGER,2025,16839
SAO FELIX DO ARAGUAIA,2025,14604
SAO JOSE DO POVO,2025,2716
SAO JOSE DO RIO CLARO,2025,14455
SAO JOSE DOS QUATRO MARCOS,2025,17721
SAO JOSE DO XINGU,2025,6234
SAO PEDRO DA CIPA,2025,4250
SAPEZAL,2025,32514
SERRA NOVA DOURADA,2025,1941
SINOP,2025,223780
SORRISO,2025,124665
TABAPORA,2025,9895
TANGARA DA SERRA,2025,114603
TAPURAH,2025,15638
TERRA NOVA DO NORTE,2025,10591
TESOURO,2025,2935
TORIXOREU,2025,4238
UNIAO DO SUL,2025,3904
VALE DE SAO DOMINGOS,2025,2892
VARZEA GRANDE,2025,318922
VERA,2025,10758
VILA BELA DA SANTISSIMA TRINDADE,2025,17592
VILA RICA,2025,19686
