epi_year,epi_week,ano,target,municipio,obitos_sim
1,1,1,dengue,ALTA FLORESTA,1
1,1,1,dengue,ARENAPOLIS,1
1,1,1,dengue,BARRA DO BUGRES,1
1,1,1,dengue,CACERES,6
1,1,1,dengue,CAMPO NOVO DO PARECIS,2
1,1,1,dengue,CAMPO VERDE,2
1,1,1,dengue,CANARANA,1
1,1,1,dengue,CARLINDA,1
1,1,1,dengue,COLIDER,1
1,1,1,dengue,COLNIZA,2
1,1,1,dengue,CONFRESA,1
1,1,1,dengue,CUIABA,7
1,1,1,dengue,DIAMANTINO,2
1,1,1,dengue,JACIARA,1
1,1,1,dengue,JUARA,1
1,1,1,dengue,JUINA,1
1,1,1,dengue,MARCELANDIA,1
1,1,1,dengue,NOVA CANAA DO NORTE,1
1,1,1,dengue,NOVA MUTUM,1
1,1,1,dengue,NOVA SANTA HELENA,1
1,1,1,dengue,NOVO SAO JOAQUIM,1
1,1,1,dengue,PEDRA PRETA,1
1,1,1,dengue,POCONE,1
1,1,1,dengue,PONTES E LACERDA,2
1,1,1,dengue,PRIMAVERA DO LESTE,1
1,1,1,dengue,RONDONOPOLIS,8
1,1,1,dengue,ROSARIO OESTE,1
1,1,1,dengue,SANTA CARMEM,2
1,1,1,dengue,SAO JOSE DO RIO CLARO,1
1,1,1,dengue,SINOP,9
1,1,1,dengue,SORRISO,1
1,1,1,dengue,UNIAO DO SUL,1
1,1,1,dengue,VARZEA GRANDE,7
1,1,1,dengue,VILA RICA,1
1,1,1,febre_amarela,CAMPO GRANDE,1
1,1,1,hepatite_a,ALTA FLORESTA,1
1,1,1,hepatite_a,BARAO DE MELGACO,1
1,1,1,hepatite_a,CAMPO VERDE,1
1,1,1,hepatite_a,CHAPADA DOS GUIMARAES,1
1,1,1,hepatite_a,COLNIZA,1
1,1,1,hepatite_a,CUIABA,5
1,1,1,hepatite_a,JUINA,2
1,1,1,hepatite_a,NOVA BRASILANDIA,1
1,1,1,hepatite_a,NOVA OLIMPIA,1
1,1,1,hepatite_a,PEIXOTO DE AZEVEDO,1
1,1,1,hepatite_a,POCONE,2
1,1,1,hepatite_a,ROSARIO OESTE,1
1,1,1,hepatite_a,SINOP,1
1,1,1,hepatite_a,SORRISO,2
1,1,1,hepatite_a,VARZEA GRANDE,4
1,1,1,hepatite_c_hcv,CACERES,1
1,1,1,hepatite_c_hcv,CUIABA,1
1,1,1,hepatite_c_hcv,LUCAS DO RIO VERDE,1
1,1,1,hepatite_c_hcv,NITEROI,1
1,1,1,hepatite_c_hcv,PONTES E LACERDA,1
1,1,1,hepatite_c_hcv,VARZEA GRANDE,2
1,1,1,leptospirose,CACERES,1
1,1,1,leptospirose,PONTA PORA,1
1,1,1,leptospirose,RONDONOPOLIS,1
1,1,1,leptospirose,SANTO ANTONIO DO LEVERGER,1
1,1,1,meningite,*IGNORADO,1
1,1,1,meningite,ALTA FLORESTA,1
1,1,1,meningite,ALTAMIRA,1
1,1,1,meningite,ALTO ARAGUAIA,1
1,1,1,meningite,ARENAPOLIS,1
1,1,1,meningite,BARRA DO BUGRES,1
1,1,1,meningite,BARRA DO GARCAS,2
1,1,1,meningite,CACERES,4
1,1,1,meningite,CAMPO VERDE,1
1,1,1,meningite,CANARANA,1
1,1,1,meningite,CHAPADA DOS GUIMARAES,1
1,1,1,meningite,COLIDER,1
1,1,1,meningite,CUIABA,14
1,1,1,meningite,GENERAL CARNEIRO,2
1,1,1,meningite,GLORIA D OESTE,1
1,1,1,meningite,ITAUBA,2
1,1,1,meningite,JANGADA,1
1,1,1,meningite,JUARA,1
1,1,1,meningite,JUSCIMEIRA,1
1,1,1,meningite,LUCAS DO RIO VERDE,2
1,1,1,meningite,NOBRES,1
1,1,1,meningite,NOVA BRASILANDIA,1
1,1,1,meningite,NOVA OLIMPIA,1
1,1,1,meningite,NOVO SAO JOAQUIM,1
1,1,1,meningite,PARANATINGA,1
1,1,1,meningite,POCONE,1
1,1,1,meningite,PONTES E LACERDA,2
1,1,1,meningite,PORTO ALEGRE DO NORTE,1
1,1,1,meningite,PORTO DOS GAUCHOS,2
1,1,1,meningite,POXOREO,1
1,1,1,meningite,PRIMAVERA DO LESTE,1
1,1,1,meningite,RIBEIRAO CASCALHEIRA,1
1,1,1,meningite,RONDONOPOLIS,6
1,1,1,meningite,ROSARIO OESTE,1
1,1,1,meningite,SANTO ANTONIO DO LEVERGER,2
1,1,1,meningite,SAO JOSE DO RIO CLARO,1
1,1,1,meningite,SINOP,1
1,1,1,meningite,SORRISO,2
1,1,1,meningite,TAPURAH,1
1,1,1,meningite,VARZEA GRANDE,9
1,1,1,meningite,VERA,1
1,1,1,meningite,VILHENA,2
1,1,1,outros,,113
1,1,1,outros,*EM BRANCO,5
1,1,1,outros,*IGNORADO,45
1,1,1,outros,ABADIA DE GOIAS,1
1,1,1,outros,ACAILANDIA,1
1,1,1,outros,ACORIZAL,80
1,1,1,outros,ACREUNA,1
1,1,1,outros,ADAMANTINA,1
1,1,1,outros,AGUA BOA,235
1,1,1,outros,AGUAS LINDAS DE GOIAS,1
1,1,1,outros,AJURICABA,1
1,1,1,outros,ALTA FLORESTA,805
1,1,1,outros,ALTAMIRA,20
1,1,1,outros,ALTO ALEGRE DO MARANHAO,1
1,1,1,outros,ALTO ALEGRE DO PARECIS,1
1,1,1,outros,ALTO ALEGRE DOS PARECIS,1
1,1,1,outros,ALTO ARAGUAIA,212
1,1,1,outros,ALTO BOA VISTA,55
1,1,1,outros,ALTO GARCAS,133
1,1,1,outros,ALTO PARAGUAI,132
1,1,1,outros,ALTO PARAISO,3
1,1,1,outros,ALTO TAQUARI,84
1,1,1,outros,ALVORADA D OESTE,2
1,1,1,outros,ANAPOLIS,5
1,1,1,outros,APARECIDA DE GOIANIA,2
1,1,1,outros,APARECIDA DO TABOADO,1
1,1,1,outros,APIACAS,90
1,1,1,outros,AQUIDAUANA,1
1,1,1,outros,ARACATU,1
1,1,1,outros,ARACATUBA,2
1,1,1,outros,ARAGARCAS,59
1,1,1,outros,ARAGUAIANA,42
1,1,1,outros,ARAGUAINHA,12
1,1,1,outros,ARAME,1
1,1,1,outros,ARAPONGAS,2
1,1,1,outros,ARAPUTANGA,207
1,1,1,outros,ARAXA,1
1,1,1,outros,ARCOVERDE,1
1,1,1,outros,ARENAPOLIS,186
1,1,1,outros,ARENOPOLIS,1
1,1,1,outros,ARIPUANA,229
1,1,1,outros,ARIQUEMES,7
1,1,1,outros,ARUANA,1
1,1,1,outros,ASTORGA,2
1,1,1,outros,AURIFLAMA,2
1,1,1,outros,AVEIRO,1
1,1,1,outros,BABACULANDIA,1
1,1,1,outros,BALIZA,12
1,1,1,outros,BALNEARIO CAMBORIU,1
1,1,1,outros,BARAO DE MELGACO,79
1,1,1,outros,BARIRI,2
1,1,1,outros,BARRA BONITA,1
1,1,1,outros,BARRA DO BUGRES,406
1,1,1,outros,BARRA DO GARCAS,890
1,1,1,outros,BARRAS,1
1,1,1,outros,BARREIRAS,1
1,1,1,outros,BARRETOS,1
1,1,1,outros,BARUERI,2
1,1,1,outros,BASTOS,1
1,1,1,outros,BELA VISTA DO PARAISO,1
1,1,1,outros,BELEM,3
1,1,1,outros,BELEM DO BREJO DO CRUZ,1
1,1,1,outros,BELO HORIZONTE,4
1,1,1,outros,BOA VISTA,1
1,1,1,outros,BOM JARDIM DE GOIAS,17
1,1,1,outros,BOM JESUS DE GOIAS,1
1,1,1,outros,BOM JESUS DO ARAGUAIA,47
1,1,1,outros,BOM LUGAR,1
1,1,1,outros,BRAGANCA PAULISTA,1
1,1,1,outros,BRASILEIA,1
1,1,1,outros,BRASILIA,3
1,1,1,outros,BRASNORTE,168
1,1,1,outros,BROTAS,1
1,1,1,outros,BURITIS,1
1,1,1,outros,CABIXI,1
1,1,1,outros,CACERES,1531
1,1,1,outros,CACOAL,13
1,1,1,outros,CAFELANDIA,2
1,1,1,outros,CAJARI,1
1,1,1,outros,CAJATI,1
1,1,1,outros,CAMBE,1
1,1,1,outros,CAMPINA GRANDE DO SUL,1
1,1,1,outros,CAMPINA VERDE,1
1,1,1,outros,CAMPINAPOLIS,217
1,1,1,outros,CAMPINAS,2
1,1,1,outros,CAMPO ALEGRE,1
1,1,1,outros,CAMPO ERE,1
1,1,1,outros,CAMPO GRANDE,19
1,1,1,outros,CAMPO LIMPO DE GOIAS,1
1,1,1,outros,CAMPO MOURAO,2
1,1,1,outros,CAMPO NOVO DE RONDONIA,4
1,1,1,outros,CAMPO NOVO DO PARECIS,283
1,1,1,outros,CAMPO VERDE,331
1,1,1,outros,CAMPOS DE JULIO,49
1,1,1,outros,CAMPOS LINDOS,1
1,1,1,outros,CANABRAVA DO NORTE,43
1,1,1,outros,CANARANA,229
1,1,1,outros,CAPANEMA,1
1,1,1,outros,CAPITAO LEONIDAS MARQUES,1
1,1,1,outros,CARAZINHO,1
1,1,1,outros,CARIACICA,1
1,1,1,outros,CARINHANHA,1
1,1,1,outros,CARLINDA,148
1,1,1,outros,CARNEIRINHO,1
1,1,1,outros,CASCAVEL,8
1,1,1,outros,CASSILANDIA,1
1,1,1,outros,CASTANHAL,2
1,1,1,outros,CASTANHEIRA,99
1,1,1,outros,CASTRO,1
1,1,1,outros,CATANDUVA,2
1,1,1,outros,CATURAI,1
1,1,1,outros,CEREJEIRAS,7
1,1,1,outros,CHAPADA DOS GUIMARAES,256
1,1,1,outros,CHAPECO,5
1,1,1,outros,CHUPINGUAIA,1
1,1,1,outros,CLAUDIA,117
1,1,1,outros,COCAL DE TELHA,1
1,1,1,outros,COCALINHO,68
1,1,1,outros,COLIDER,475
1,1,1,outros,COLNIZA,230
1,1,1,outros,COLORADO DO OESTE,4
1,1,1,outros,COMODORO,236
1,1,1,outros,CONCEICAO DO ARAGUAIA,1
1,1,1,outros,CONFRESA,254
1,1,1,outros,CONQUISTA D OESTE,29
1,1,1,outros,CONSTANTINA,1
1,1,1,outros,CONTAGEM,1
1,1,1,outros,CORUMBA,1
1,1,1,outros,COSTA RICA,1
1,1,1,outros,COTRIGUACU,94
1,1,1,outros,COXIM,7
1,1,1,outros,CRATEUS,1
1,1,1,outros,CRUZEIRO DO OESTE,1
1,1,1,outros,CUIABA,8727
1,1,1,outros,CUITE,1
1,1,1,outros,CURITIBA,8
1,1,1,outros,CURITIBANOS,1
1,1,1,outros,CURRAL NOVO DO PIAUI,1
1,1,1,outros,CURVELANDIA,44
1,1,1,outros,DENISE,112
1,1,1,outros,DIAMANTINO,264
1,1,1,outros,DOIS VIZINHOS,2
1,1,1,outros,DOM AQUINO,170
1,1,1,outros,DOURADOS,4
1,1,1,outros,ECHAPORA,1
1,1,1,outros,ELDORADO,1
1,1,1,outros,ESPERANTINOPOLIS,1
1,1,1,outros,ESPIGAO D OESTE,3
1,1,1,outros,ESPIGAO DOESTE,1
1,1,1,outros,EXTREMA,1
1,1,1,outros,FELIZ NATAL,89
1,1,1,outros,FERNANDOPOLIS,1
1,1,1,outros,FIGUEIROPOLIS D OESTE,53
1,1,1,outros,FLEXEIRAS,1
1,1,1,outros,FLOR DO SERTAO,1
1,1,1,outros,FLOREAL,1
1,1,1,outros,FORMIGA,1
1,1,1,outros,FORMOSO,1
1,1,1,outros,FORMOSO DO ARAGUAIA,2
1,1,1,outros,FORTUNA,1
1,1,1,outros,FOZ DO IGUACU,3
1,1,1,outros,GARUVA,1
1,1,1,outros,GAUCHA DO NORTE,45
1,1,1,outros,GENERAL CARNEIRO,101
1,1,1,outros,GLORIA D OESTE,51
1,1,1,outros,GOIANESIA,1
1,1,1,outros,GOIANIA,12
1,1,1,outros,GOIANIRA,1
1,1,1,outros,GOIAS,1
1,1,1,outros,GOIOERE,2
1,1,1,outros,GUAIRA,2
1,1,1,outros,GUAJARAMIRIM,1
1,1,1,outros,GUARANIACU,1
1,1,1,outros,GUARANTA DO NORTE,372
1,1,1,outros,GUARATUBA,1
1,1,1,outros,GUARULHOS,2
1,1,1,outros,GUIRATINGA,239
1,1,1,outros,GURUPI,1
1,1,1,outros,HERCULANDIA,1
1,1,1,outros,HORIZONTINA,1
1,1,1,outros,IGARAPAVA,1
1,1,1,outros,ILHA SOLTEIRA,2
1,1,1,outros,IMPERATRIZ,2
1,1,1,outros,INDIARA,1
1,1,1,outros,INDIAVAI,30
1,1,1,outros,IPIACU,1
1,1,1,outros,IPIRA,1
1,1,1,outros,IPIRANGA DO NORTE,39
1,1,1,outros,IPORA,1
1,1,1,outros,IPUMIRIM,1
1,1,1,outros,ITAITUBA,5
1,1,1,outros,ITAJA,1
1,1,1,outros,ITANHANGA,43
1,1,1,outros,ITAPECURU MIRIM,1
1,1,1,outros,ITAPIRA,1
1,1,1,outros,ITAUBA,69
1,1,1,outros,ITIQUIRA,122
1,1,1,outros,ITUIUTABA,2
1,1,1,outros,ITUPEVA,2
1,1,1,outros,IVAIPORA,1
1,1,1,outros,IVATE,2
1,1,1,outros,IVINHEMA,2
1,1,1,outros,IVOLANDIA,2
1,1,1,outros,JACIARA,374
1,1,1,outros,JACOBINA,1
1,1,1,outros,JALES,1
1,1,1,outros,JANGADA,140
1,1,1,outros,JAPURA,1
1,1,1,outros,JARDIM,1
1,1,1,outros,JARDIM DE ANGICOS,1
1,1,1,outros,JARU,6
1,1,1,outros,JATAI,7
1,1,1,outros,JATAIZINHO,1
1,1,1,outros,JAU,2
1,1,1,outros,JAURU,144
1,1,1,outros,JENIPAPO DOS VIEIRAS,1
1,1,1,outros,JI-PARANA,19
1,1,1,outros,JOAO LISBOA,1
1,1,1,outros,JUARA,485
1,1,1,outros,JUINA,578
1,1,1,outros,JURUENA,102
1,1,1,outros,JUSCIMEIRA,195
1,1,1,outros,LAGAMAR,1
1,1,1,outros,LAGO DO JUNCO,1
1,1,1,outros,LAGOA DA CONFUSAO,22
1,1,1,outros,LAJEADO NOVO,1
1,1,1,outros,LAMBARI D OESTE,69
1,1,1,outros,LARANJEIRAS DO SUL,1
1,1,1,outros,LIMA CAMPOS,1
1,1,1,outros,LOANDA,1
1,1,1,outros,LONDRINA,3
1,1,1,outros,LUCAS DO RIO VERDE,472
1,1,1,outros,LUCIARA,36
1,1,1,outros,LUIS EDUARDO MAGALHAES,2
1,1,1,outros,LUZIANIA,1
1,1,1,outros,MACEIO,1
1,1,1,outros,MACHADINHO D OESTE,3
1,1,1,outros,MACHADINHO DOESTE,1
1,1,1,outros,MANARI,1
1,1,1,outros,MANAUS,4
1,1,1,outros,MARABA,1
1,1,1,outros,MARAGOGI,1
1,1,1,outros,MARAVILHA,2
1,1,1,outros,MARCELANDIA,150
1,1,1,outros,MAREMA,1
1,1,1,outros,MARIALVA,1
1,1,1,outros,MARILIA,6
1,1,1,outros,MARINGA,2
1,1,1,outros,MATIAS OLIMPIO,1
1,1,1,outros,MATUPA,192
1,1,1,outros,MINEIROS,5
1,1,1,outros,MIRANDOPOLIS,1
1,1,1,outros,MIRASSOL,2
1,1,1,outros,MIRASSOL D OESTE,392
1,1,1,outros,MISSAL,3
1,1,1,outros,MOEMA,1
1,1,1,outros,MOGI DAS CRUZES,1
1,1,1,outros,MONTE NEGRO,1
1,1,1,outros,MONTES CLAROS,2
1,1,1,outros,MONTES CLAROS DE GOIAS,2
1,1,1,outros,MONTIVIDIU,1
1,1,1,outros,MOREIRA SALES,1
1,1,1,outros,MUNICIPIO IGNORADO-MS,1
1,1,1,outros,MUNICIPIO IGNORADO-MT,60
1,1,1,outros,MUNICIPIO IGNORADO-PA,1
1,1,1,outros,MUNICIPIO IGNORADO-RO,5
1,1,1,outros,NATAL,2
1,1,1,outros,NAVIRAI,2
1,1,1,outros,NAZARIO,1
1,1,1,outros,NOBRES,281
1,1,1,outros,NORTELANDIA,103
1,1,1,outros,NOSSA SENHORA DAS DORES,1
1,1,1,outros,NOSSA SENHORA DO LIVRAMENTO,143
1,1,1,outros,NOVA ANDRADINA,1
1,1,1,outros,NOVA AURORA,1
1,1,1,outros,NOVA BANDEIRANTES,123
1,1,1,outros,NOVA BRASILANDIA,70
1,1,1,outros,NOVA CANAA DO NORTE,153
1,1,1,outros,NOVA ESPERANCA,1
1,1,1,outros,NOVA ESPERANCA DO PIRIA,1
1,1,1,outros,NOVA GUARITA,65
1,1,1,outros,NOVA LACERDA,53
1,1,1,outros,NOVA MARILANDIA,37
1,1,1,outros,NOVA MARINGA,60
1,1,1,outros,NOVA MONTE VERDE,67
1,1,1,outros,NOVA MUTUM,255
1,1,1,outros,NOVA NAZARE,42
1,1,1,outros,NOVA ODESSA,1
1,1,1,outros,NOVA OLIMPIA,207
1,1,1,outros,NOVA PRATA DO IGUACU,2
1,1,1,outros,NOVA SANTA HELENA,31
1,1,1,outros,NOVA UBIRATA,91
1,1,1,outros,NOVA UNIAO,1
1,1,1,outros,NOVA XAVANTINA,248
1,1,1,outros,NOVO HORIZONTE DO NORTE,63
1,1,1,outros,NOVO HORIZONTE DO OESTE,2
1,1,1,outros,NOVO MUNDO,68
1,1,1,outros,NOVO ORIENTE,1
1,1,1,outros,NOVO PROGRESSO,10
1,1,1,outros,NOVO SANTO ANTONIO,16
1,1,1,outros,NOVO SAO JOAQUIM,93
1,1,1,outros,OLHO D AGUA GRANDE,1
1,1,1,outros,OLIVENCA,1
1,1,1,outros,OURO PRETO DO OESTE,4
1,1,1,outros,PAICANDU,1
1,1,1,outros,PARAISO DO TOCANTINS,1
1,1,1,outros,PARANAGUA,1
1,1,1,outros,PARANAIBA,2
1,1,1,outros,PARANAIGUARA,1
1,1,1,outros,PARANAITA,143
1,1,1,outros,PARANATINGA,253
1,1,1,outros,PARECIS,1
1,1,1,outros,PARNAMIRIM,1
1,1,1,outros,PASSAGEM FRANCA,2
1,1,1,outros,PASSO FUNDO,1
1,1,1,outros,PATO BRANCO,2
1,1,1,outros,PATROCINIO,1
1,1,1,outros,PAULISTANA,1
1,1,1,outros,PAULO AFONSO,1
1,1,1,outros,PAULO RAMOS,1
1,1,1,outros,PEDRA PRETA,275
1,1,1,outros,PEDRO GOMES,4
1,1,1,outros,PEIXOTO DE AZEVEDO,434
1,1,1,outros,PIMENTA BUENO,6
1,1,1,outros,PINHAIS,1
1,1,1,outros,PINHEIRO,1
1,1,1,outros,PINHEIROS,1
1,1,1,outros,PIRANHAS,3
1,1,1,outros,PLANALTO DA SERRA,35
1,1,1,outros,POCO REDONDO,1
1,1,1,outros,POCONE,538
1,1,1,outros,PONTA GROSSA,1
1,1,1,outros,PONTAL DO ARAGUAIA,63
1,1,1,outros,PONTE BRANCA,32
1,1,1,outros,PONTES E LACERDA,628
1,1,1,outros,PORTEIRAO,1
1,1,1,outros,PORTO ALEGRE DO NORTE,130
1,1,1,outros,PORTO DOS GAUCHOS,72
1,1,1,outros,PORTO ESPERIDIAO,141
1,1,1,outros,PORTO ESTRELA,45
1,1,1,outros,PORTO FELIZ,1
1,1,1,outros,PORTO FERREIRA,1
1,1,1,outros,PORTO NACIONAL,1
1,1,1,outros,PORTO VELHO,19
1,1,1,outros,PORTO XAVIER,2
1,1,1,outros,POXOREO,306
1,1,1,outros,PRAIA GRANDE,1
1,1,1,outros,PRESIDENTE MEDICI,2
1,1,1,outros,PRESIDENTE PRUDENTE,4
1,1,1,outros,PRESIDENTE VENCESLAU,3
1,1,1,outros,PRIMAVERA DO LESTE,626
1,1,1,outros,QUARTO CENTENARIO,1
1,1,1,outros,QUEIROZ,1
1,1,1,outros,QUERENCIA,132
1,1,1,outros,QUIRINOPOLIS,2
1,1,1,outros,QUITERIANOPOLIS,2
1,1,1,outros,REDENCAO,1
1,1,1,outros,RESERVA DO CABACAL,35
1,1,1,outros,RESTINGA,1
1,1,1,outros,RIBEIRAO CASCALHEIRA,116
1,1,1,outros,RIBEIRAO PRETO,1
1,1,1,outros,RIBEIRAOZINHO,29
1,1,1,outros,RIO BRANCO,88
1,1,1,outros,RIO BRANCO DO IVAI,1
1,1,1,outros,RIO CLARO,1
1,1,1,outros,RIO DE JANEIRO,2
1,1,1,outros,RIO VERDE,6
1,1,1,outros,ROLIM DE MOURA,7
1,1,1,outros,RONDOLANDIA,19
1,1,1,outros,RONDON DO PARA,1
1,1,1,outros,RONDONOPOLIS,3079
1,1,1,outros,ROSARIO OESTE,284
1,1,1,outros,RUBIATABA,3
1,1,1,outros,SALESOPOLIS,1
1,1,1,outros,SALTO DO CEU,68
1,1,1,outros,SALVATERRA,1
1,1,1,outros,SANDOLANDIA,1
1,1,1,outros,SANTA BARBARA D OESTE,1
1,1,1,outros,SANTA CARMEM,59
1,1,1,outros,SANTA CLARA D OESTE,1
1,1,1,outros,SANTA CRUZ DO XINGU,16
1,1,1,outros,SANTA FE DO SUL,3
1,1,1,outros,SANTA HELENA,2
1,1,1,outros,SANTA HELENA DE GOIAS,1
1,1,1,outros,SANTA LUZIA,1
1,1,1,outros,SANTA MARIA,1
1,1,1,outros,SANTA RITA DO ARAGUAIA,38
1,1,1,outros,SANTA RITA DO NOVO DESTINO,1
1,1,1,outros,SANTA RITA DO TRIVELATO,21
1,1,1,outros,SANTA ROSA,2
1,1,1,outros,SANTA TEREZINHA,76
1,1,1,outros,SANTANA DO ARAGUAIA,2
1,1,1,outros,SANTO AFONSO,36
1,1,1,outros,SANTO ANDRE,2
1,1,1,outros,SANTO ANTONIO DO LESTE,29
1,1,1,outros,SANTO ANTONIO DO LEVERGER,272
1,1,1,outros,SANTO ANTONIO DOS LOPES,1
1,1,1,outros,SAO BENTO,1
1,1,1,outros,SAO BERNARDO DO CAMPO,1
1,1,1,outros,SAO CARLOS,1
1,1,1,outros,SAO DOMINGOS,1
1,1,1,outros,SAO DOMINGOS DO MARANHAO,1
1,1,1,outros,SAO FELIX DO ARAGUAIA,120
1,1,1,outros,SAO FELIX DO XINGU,1
1,1,1,outros,SAO GABRIEL DO OESTE,1
1,1,1,outros,SAO JORGE,1
1,1,1,outros,SAO JOSE DO POVO,43
1,1,1,outros,SAO JOSE DO RIO CLARO,224
1,1,1,outros,SAO JOSE DO XINGU,58
1,1,1,outros,SAO JOSE DOS CAMPOS,2
1,1,1,outros,SAO JOSE DOS QUATRO MARCOS,289
1,1,1,outros,SAO LUIS,1
1,1,1,outros,SAO LUIS GONZAGA DO MARANHAO,1
1,1,1,outros,SAO MIGUEL DO ARAGUAIA,1
1,1,1,outros,SAO MIGUEL DOESTE,1
1,1,1,outros,SAO PAULO,10
1,1,1,outros,SAO PEDRO DA CIPA,58
1,1,1,outros,SAO SEBASTIAO DO PARAISO,1
1,1,1,outros,SAPEZAL,134
1,1,1,outros,SELVIRIA,1
1,1,1,outros,SENADOR CANEDO,1
1,1,1,outros,SERRA DO RAMALHO,1
1,1,1,outros,SERRA NOVA DOURADA,8
1,1,1,outros,SERRANOPOLIS,1
1,1,1,outros,SETE BARRAS,1
1,1,1,outros,SIDROLANDIA,1
1,1,1,outros,SINOP,1517
1,1,1,outros,SIQUEIRA CAMPOS,1
1,1,1,outros,SONORA,14
1,1,1,outros,SOROCABA,2
1,1,1,outros,SORRISO,721
1,1,1,outros,SUMARE,1
1,1,1,outros,SUZANO,1
1,1,1,outros,TABAPORA,97
1,1,1,outros,TAMBOARA,1
1,1,1,outros,TANGARA DA SERRA,1184
1,1,1,outros,TAPIRAMUTA,1
1,1,1,outros,TAPURAH,112
1,1,1,outros,TAQUARUCU DO SUL,1
1,1,1,outros,TARABAI,1
1,1,1,outros,TEOTONIO VILELA,1
1,1,1,outros,TERENOS,1
1,1,1,outros,TERESINA,1
1,1,1,outros,TERRA BOA,1
1,1,1,outros,TERRA NOVA DO NORTE,148
1,1,1,outros,TESOURO,55
1,1,1,outros,TOLEDO,2
1,1,1,outros,TORIXOREU,87
1,1,1,outros,TRAIRAO,1
1,1,1,outros,TRES DE MAIO,1
1,1,1,outros,TRES LAGOAS,2
1,1,1,outros,TUBARAO,1
1,1,1,outros,TUCURUI,1
1,1,1,outros,TUPA,2
1,1,1,outros,UBERABA,4
1,1,1,outros,UBERLANDIA,1
1,1,1,outros,UMUARAMA,1
1,1,1,outros,UNIAO DA VITORIA,1
1,1,1,outros,UNIAO DO SUL,40
1,1,1,outros,URANIA,2
1,1,1,outros,URUARA,1
1,1,1,outros,VALE DE SAO DOMINGOS,31
1,1,1,outros,VALE DO ANARI,1
1,1,1,outros,VALENTIM GENTIL,1
1,1,1,outros,VARZEA GRANDE,3857
1,1,1,outros,VERA,126
1,1,1,outros,VILA BELA DA S TRINDADE,145
1,1,1,outros,VILA RICA,205
1,1,1,outros,VILHENA,58
1,1,1,outros,VISTA ALEGRE,1
1,1,1,outros,VITORIA,1
1,1,1,outros,XAMBIOA,1
1,1,1,outros,XAXIM,1
1,1,1,outros,XINGUARA,1
1,1,1,tuberculose,,1
1,1,1,tuberculose,*IGNORADO,1
1,1,1,tuberculose,AGUA BOA,3
1,1,1,tuberculose,ALTA FLORESTA,2
1,1,1,tuberculose,ALTO BOA VISTA,1
1,1,1,tuberculose,APIACAS,1
1,1,1,tuberculose,ARAPUTANGA,1
1,1,1,tuberculose,ARIPUANA,3
1,1,1,tuberculose,BARAO DE MELGACO,1
1,1,1,tuberculose,BARRA DO BUGRES,1
1,1,1,tuberculose,BARRA DO GARCAS,6
1,1,1,tuberculose,BRASNORTE,2
1,1,1,tuberculose,CACERES,15
1,1,1,tuberculose,CAMPINAPOLIS,5
1,1,1,tuberculose,CAMPO VERDE,1
1,1,1,tuberculose,CANARANA,2
1,1,1,tuberculose,CASTANHEIRA,1
1,1,1,tuberculose,CHAPADA DOS GUIMARAES,1
1,1,1,tuberculose,CLAUDIA,2
1,1,1,tuberculose,COLIDER,2
1,1,1,tuberculose,CONFRESA,1
1,1,1,tuberculose,CONQUISTA D OESTE,1
1,1,1,tuberculose,CUIABA,65
1,1,1,tuberculose,DIAMANTINO,1
1,1,1,tuberculose,DOM AQUINO,1
1,1,1,tuberculose,GENERAL CARNEIRO,1
1,1,1,tuberculose,ITAUBA,1
1,1,1,tuberculose,JACIARA,1
1,1,1,tuberculose,JANGADA,1
1,1,1,tuberculose,JUARA,1
1,1,1,tuberculose,JUINA,4
1,1,1,tuberculose,JURUENA,1
1,1,1,tuberculose,LUCAS DO RIO VERDE,1
1,1,1,tuberculose,LUCIARA,1
1,1,1,tuberculose,MIRASSOL D OESTE,1
1,1,1,tuberculose,NOBRES,6
1,1,1,tuberculose,NOSSA SENHORA DO LIVRAMENTO,1
1,1,1,tuberculose,NOVA GUARITA,1
1,1,1,tuberculose,NOVA MUTUM,3
1,1,1,tuberculose,NOVA NAZARE,1
1,1,1,tuberculose,PARANATINGA,2
1,1,1,tuberculose,PEDRA PRETA,3
1,1,1,tuberculose,PEIXOTO DE AZEVEDO,5
1,1,1,tuberculose,POCONE,2
1,1,1,tuberculose,PONTE BRANCA,1
1,1,1,tuberculose,PONTES E LACERDA,5
1,1,1,tuberculose,PORTO ALEGRE DO NORTE,2
1,1,1,tuberculose,PORTO ESPERIDIAO,1
1,1,1,tuberculose,PORTO ESTRELA,1
1,1,1,tuberculose,QUERENCIA,1
1,1,1,tuberculose,RIBEIRAO CASCALHEIRA,2
1,1,1,tuberculose,RONDONOPOLIS,16
1,1,1,tuberculose,ROSARIO OESTE,2
1,1,1,tuberculose,SANTA CARMEM,1
1,1,1,tuberculose,SANTA IZABEL DO PARA,1
1,1,1,tuberculose,SANTA TEREZINHA,2
1,1,1,tuberculose,SANTO ANTONIO DO LEVERGER,2
1,1,1,tuberculose,SAO FELIX DO ARAGUAIA,1
1,1,1,tuberculose,SAO JOSE DO POVO,2
1,1,1,tuberculose,SAO JOSE DO XINGU,1
1,1,1,tuberculose,SAO JOSE DOS QUATRO MARCOS,2
1,1,1,tuberculose,SINOP,4
1,1,1,tuberculose,SORRISO,1
1,1,1,tuberculose,TABAPORA,1
1,1,1,tuberculose,TANGARA DA SERRA,2
1,1,1,tuberculose,TAPURAH,1
1,1,1,tuberculose,TESOURO,1
1,1,1,tuberculose,VARZEA GRANDE,26
1,1,1,tuberculose,VILA BELA DA S TRINDADE,1
1,1,1,tuberculose,VILA RICA,2
1,1,1,tuberculose,VILHENA,1
1,9,1,dengue,ALTA FLORESTA,2
1,9,1,dengue,APARECIDA DE GOIANIA,1
1,9,1,dengue,ARAPUTANGA,1
1,9,1,dengue,ARIPUANA,3
1,9,1,dengue,BARRA DO BUGRES,1
1,9,1,dengue,BARRA DO GARCAS,1
1,9,1,dengue,BOM JESUS DO ARAGUAIA,1
1,9,1,dengue,BRASNORTE,1
1,9,1,dengue,CAMPO NOVO DO PARECIS,5
1,9,1,dengue,COLIDER,4
1,9,1,dengue,COLNIZA,1
1,9,1,dengue,CUIABA,5
1,9,1,dengue,CURVELANDIA,2
1,9,1,dengue,GENERAL CARNEIRO,1
1,9,1,dengue,ITAUBA,2
1,9,1,dengue,JAURU,2
1,9,1,dengue,JUINA,2
1,9,1,dengue,LUCAS DO RIO VERDE,2
1,9,1,dengue,LUIS ANTONIO,1
1,9,1,dengue,MARCELANDIA,1
1,9,1,dengue,MIRASSOL D OESTE,2
1,9,1,dengue,NOVA MUTUM,1
1,9,1,dengue,NOVO MUNDO,1
1,9,1,dengue,PARANATINGA,1
1,9,1,dengue,PEIXOTO DE AZEVEDO,1
1,9,1,dengue,PONTES E LACERDA,1
1,9,1,dengue,PRIMAVERA DO LESTE,5
1,9,1,dengue,RONDONOPOLIS,3
1,9,1,dengue,SAO JOSE DO RIO CLARO,2
1,9,1,dengue,SINOP,6
1,9,1,dengue,TANGARA DA SERRA,8
1,9,1,dengue,TAPURAH,1
1,9,1,dengue,TESOURO,1
1,9,1,dengue,VALE DE SAO DOMINGOS,1
1,9,1,dengue,VARZEA GRANDE,2
1,9,1,dengue,VERA,1
1,9,1,febre_amarela,DIAMANTINO,1
1,9,1,febre_amarela,MARCELANDIA,1
1,9,1,hepatite_a,CUIABA,3
1,9,1,hepatite_a,GUARANTA DO NORTE,1
1,9,1,hepatite_a,JUSCIMEIRA,1
1,9,1,hepatite_a,NOVA UBIRATA,1
1,9,1,hepatite_a,PRIMAVERA DO LESTE,1
1,9,1,hepatite_a,VARZEA GRANDE,3
1,9,1,hepatite_c_hcv,ALTA FLORESTA,1
1,9,1,hepatite_c_hcv,BARRA DO GARCAS,1
1,9,1,hepatite_c_hcv,CACERES,1
1,9,1,hepatite_c_hcv,RONDONOPOLIS,1
1,9,1,hepatite_c_hcv,SINOP,1
1,9,1,meningite,*IGNORADO,1
1,9,1,meningite,ALTA FLORESTA,3
1,9,1,meningite,ALTO PARAGUAI,1
1,9,1,meningite,ANDRADINA,1
1,9,1,meningite,ARAPUTANGA,1
1,9,1,meningite,BARRA DO GARCAS,2
1,9,1,meningite,CACERES,1
1,9,1,meningite,CAMPINAPOLIS,1
1,9,1,meningite,CARLINDA,1
1,9,1,meningite,COLNIZA,1
1,9,1,meningite,CONFRESA,1
1,9,1,meningite,CUIABA,13
1,9,1,meningite,FIGUEIROPOLIS D OESTE,1
1,9,1,meningite,GUARANTA DO NORTE,1
1,9,1,meningite,INDIANA,1
1,9,1,meningite,JACIARA,1
1,9,1,meningite,JANGADA,1
1,9,1,meningite,JUARA,1
1,9,1,meningite,JUINA,1
1,9,1,meningite,LAMBARI D OESTE,1
1,9,1,meningite,LUCAS DO RIO VERDE,2
1,9,1,meningite,NOVA CANAA DO NORTE,1
1,9,1,meningite,NOVA LACERDA,1
1,9,1,meningite,NOVA MUTUM,1
1,9,1,meningite,NOVA OLIMPIA,1
1,9,1,meningite,PARANATINGA,1
1,9,1,meningite,PEDRA PRETA,1
1,9,1,meningite,PEIXOTO DE AZEVEDO,2
1,9,1,meningite,POCONE,1
1,9,1,meningite,PONTES E LACERDA,2
1,9,1,meningite,PORTO ESPERIDIAO,1
1,9,1,meningite,POXOREO,2
1,9,1,meningite,PRIMAVERA DO LESTE,1
1,9,1,meningite,RONDONOPOLIS,9
1,9,1,meningite,ROSARIO OESTE,1
1,9,1,meningite,SANTA BARBARA D OESTE,1
1,9,1,meningite,SANTO ANTONIO DO LEVERGER,2
1,9,1,meningite,SAO JOSE DO RIO CLARO,2
1,9,1,meningite,SAO JOSE DOS QUATRO MARCOS,1
1,9,1,meningite,SAPEZAL,1
1,9,1,meningite,SINOP,6
1,9,1,meningite,SORRISO,3
1,9,1,meningite,VARZEA GRANDE,5
1,9,1,meningite,VILA RICA,1
1,9,1,outros,,64
1,9,1,outros,*EM BRANCO,3
1,9,1,outros,*IGNORADO,48
1,9,1,outros,ABAETETUBA,1
1,9,1,outros,ACORIZAL,70
1,9,1,outros,ACRELANDIA,1
1,9,1,outros,AGUA BOA,279
1,9,1,outros,AGUA PRETA,1
1,9,1,outros,ALDEIAS ALTAS,1
1,9,1,outros,ALMIRANTE TAMANDARE,1
1,9,1,outros,ALTA FLORESTA,748
1,9,1,outros,ALTA FLORESTA D OESTE,1
1,9,1,outros,ALTAMIRA,28
1,9,1,outros,ALTINOPOLIS,1
1,9,1,outros,ALTO ARAGUAIA,204
1,9,1,outros,ALTO BOA VISTA,45
1,9,1,outros,ALTO GARCAS,164
1,9,1,outros,ALTO PARAGUAI,138
1,9,1,outros,ALTO TAQUARI,64
1,9,1,outros,ALVORADA D OESTE,3
1,9,1,outros,ALVORADA DOESTE,1
1,9,1,outros,AMERICANA,1
1,9,1,outros,ANANAS,1
1,9,1,outros,ANAPOLIS,1
1,9,1,outros,APARECIDA DE GOIANIA,4
1,9,1,outros,APARECIDA DO TABOADO,1
1,9,1,outros,APIACAS,98
1,9,1,outros,APUCARANA,1
1,9,1,outros,ARACATUBA,3
1,9,1,outros,ARAGARCAS,50
1,9,1,outros,ARAGUAIANA,32
1,9,1,outros,ARAGUAINA,2
1,9,1,outros,ARAGUAINHA,15
1,9,1,outros,ARAPONGAS,2
1,9,1,outros,ARAPUTANGA,176
1,9,1,outros,ARARAQUARA,1
1,9,1,outros,ARAUCARIA,1
1,9,1,outros,ARENAPOLIS,188
1,9,1,outros,ARIPUANA,242
1,9,1,outros,ARIQUEMES,6
1,9,1,outros,ASSIS,1
1,9,1,outros,AURORA DO PARA,1
1,9,1,outros,BALIZA,8
1,9,1,outros,BALNEARIO CAMBORIU,2
1,9,1,outros,BARAO DE MELGACO,94
1,9,1,outros,BARBOSA FERRAZ,1
1,9,1,outros,BARRA DA ESTIVA,1
1,9,1,outros,BARRA DO BUGRES,443
1,9,1,outros,BARRA DO CORDA,1
1,9,1,outros,BARRA DO GARCAS,942
1,9,1,outros,BARRETOS,1
1,9,1,outros,BEBEDOURO,1
1,9,1,outros,BELEM,1
1,9,1,outros,BELO HORIZONTE,2
1,9,1,outros,BOM JARDIM DE GOIAS,14
1,9,1,outros,BOM JESUS DE GOIAS,1
1,9,1,outros,BOM JESUS DO AMPARO,1
1,9,1,outros,BOM JESUS DO ARAGUAIA,56
1,9,1,outros,BOM SUCESSO DO SUL,1
1,9,1,outros,BRAGANCA,1
1,9,1,outros,BRAGANEY,1
1,9,1,outros,BRASILIA,4
1,9,1,outros,BRASNORTE,173
1,9,1,outros,BREJO DE AREIA,1
1,9,1,outros,BREJO DO CRUZ,1
1,9,1,outros,BRUSQUE,1
1,9,1,outros,BURITICUPU,1
1,9,1,outros,BURITIS,1
1,9,1,outros,CACERES,1534
1,9,1,outros,CACHOEIRA DO ARARI,1
1,9,1,outros,CACHOEIRA DO SUL,1
1,9,1,outros,CACHOEIRO DE ITAPEMIRIM,1
1,9,1,outros,CACOAL,24
1,9,1,outros,CAIBI,1
1,9,1,outros,CALDAS NOVAS,1
1,9,1,outros,CAMACARI,1
1,9,1,outros,CAMPINAPOLIS,191
1,9,1,outros,CAMPINAS,2
1,9,1,outros,CAMPO GRANDE,19
1,9,1,outros,CAMPO MOURAO,2
1,9,1,outros,CAMPO NOVO DE RONDONIA,1
1,9,1,outros,CAMPO NOVO DO PARECIS,292
1,9,1,outros,CAMPO VERDE,352
1,9,1,outros,CAMPOS DE JULIO,24
1,9,1,outros,CANAA DOS CARAJAS,1
1,9,1,outros,CANABRAVA DO NORTE,35
1,9,1,outros,CANARANA,208
1,9,1,outros,CANDEIAS DO JAMARI,1
1,9,1,outros,CANDIDO MOTA,1
1,9,1,outros,CAPINZAL,1
1,9,1,outros,CAPITAO LEONIDAS MARQUES,1
1,9,1,outros,CARAZINHO,1
1,9,1,outros,CARLINDA,169
1,9,1,outros,CARMO DO PARANAIBA,1
1,9,1,outros,CASCAVEL,2
1,9,1,outros,CASTANHEIRA,94
1,9,1,outros,CASTANHEIRAS,1
1,9,1,outros,CASTELANDIA,1
1,9,1,outros,CATANDUVA,1
1,9,1,outros,CAXIAS,3
1,9,1,outros,CAXIAS DO SUL,1
1,9,1,outros,CEREJEIRAS,7
1,9,1,outros,CHAPADA DOS GUIMARAES,279
1,9,1,outros,CHUPINGUAIA,2
1,9,1,outros,CLAUDIA,137
1,9,1,outros,COCALINHO,61
1,9,1,outros,CODO,1
1,9,1,outros,COLIDER,455
1,9,1,outros,COLINAS,2
1,9,1,outros,COLINAS DO TOCANTINS,1
1,9,1,outros,COLNIZA,250
1,9,1,outros,COLORADO,1
1,9,1,outros,COLORADO DO OESTE,8
1,9,1,outros,COMODORO,238
1,9,1,outros,CONCEICAO DO ARAGUAIA,1
1,9,1,outros,CONFRESA,290
1,9,1,outros,CONQUISTA D OESTE,40
1,9,1,outros,CORONEL FABRICIANO,1
1,9,1,outros,CORUMBA,6
1,9,1,outros,CORUMBIARA,3
1,9,1,outros,COTRIGUACU,101
1,9,1,outros,COXIM,6
1,9,1,outros,CRUZALIA,1
1,9,1,outros,CRUZEIRO DO SUL,1
1,9,1,outros,CUIABA,9261
1,9,1,outros,CUJUBIM,1
1,9,1,outros,CURITIBA,6
1,9,1,outros,CURVELANDIA,62
1,9,1,outros,DENISE,82
1,9,1,outros,DIAMANTINO,296
1,9,1,outros,DOIS RIACHOS,1
1,9,1,outros,DOIS VIZINHOS,1
1,9,1,outros,DOM AQUINO,167
1,9,1,outros,DOURADOS,2
1,9,1,outros,DOUTOR CAMARGO,1
1,9,1,outros,DOVERLANDIA,2
1,9,1,outros,ENTRE RIOS DO OESTE,1
1,9,1,outros,ERECHIM,2
1,9,1,outros,ESPERANTINOPOLIS,1
1,9,1,outros,ESPIGAO D OESTE,2
1,9,1,outros,ESPIGAO DOESTE,2
1,9,1,outros,EUCLIDES DA CUNHA PAULISTA,1
1,9,1,outros,EXTREMOZ,1
1,9,1,outros,FAZENDA NOVA,2
1,9,1,outros,FELIZ NATAL,96
1,9,1,outros,FERNANDOPOLIS,3
1,9,1,outros,FIGUEIROPOLIS,1
1,9,1,outros,FIGUEIROPOLIS D OESTE,46
1,9,1,outros,FIRMINOPOLIS,1
1,9,1,outros,FLORA RICA,1
1,9,1,outros,FLORESTOPOLIS,1
1,9,1,outros,FORMOSA,1
1,9,1,outros,FORMOSA DO RIO PRETO,1
1,9,1,outros,FORMOSO DO ARAGUAIA,1
1,9,1,outros,FORTALEZA DOS VALOS,1
1,9,1,outros,FOZ DO IGUACU,1
1,9,1,outros,FRANCA,1
1,9,1,outros,FRANCISCO BELTRAO,1
1,9,1,outros,FREDERICO WESTPHALEN,1
1,9,1,outros,FREI PAULO,2
1,9,1,outros,FRUTAL,1
1,9,1,outros,GAUCHA DO NORTE,45
1,9,1,outros,GENERAL CARNEIRO,88
1,9,1,outros,GETULIO VARGAS,1
1,9,1,outros,GLORIA D OESTE,70
1,9,1,outros,GOIANIA,16
1,9,1,outros,GOIAS,1
1,9,1,outros,GONCALVES DIAS,1
1,9,1,outros,GUAIRA,1
1,9,1,outros,GUAPO,1
1,9,1,outros,GUARABIRA,1
1,9,1,outros,GUARANI DAS MISSOES,1
1,9,1,outros,GUARANTA DO NORTE,364
1,9,1,outros,GUIRATINGA,222
1,9,1,outros,IBEMA,2
1,9,1,outros,IBIRA,1
1,9,1,outros,IGARAPE GRANDE,2
1,9,1,outros,ILHA SOLTEIRA,1
1,9,1,outros,IMPERATRIZ,1
1,9,1,outros,INACIOLANDIA,1
1,9,1,outros,INDIAVAI,36
1,9,1,outros,INHAPI,1
1,9,1,outros,INHUMAS,1
1,9,1,outros,IPIRA,1
1,9,1,outros,IPIRANGA DO NORTE,32
1,9,1,outros,IPORA,2
1,9,1,outros,IRAPUA,1
1,9,1,outros,ITABERAI,1
1,9,1,outros,ITABORAI,2
1,9,1,outros,ITAJAI,1
1,9,1,outros,ITANHANGA,48
1,9,1,outros,ITAPECERICA DA SERRA,1
1,9,1,outros,ITAPECURU MIRIM,2
1,9,1,outros,ITAQUIRAI,1
1,9,1,outros,ITAUBA,91
1,9,1,outros,ITIQUIRA,133
1,9,1,outros,IVAIPORA,1
1,9,1,outros,JACAREZINHO,1
1,9,1,outros,JACIARA,434
1,9,1,outros,JANGADA,100
1,9,1,outros,JARU,6
1,9,1,outros,JATAI,2
1,9,1,outros,JATEI,1
1,9,1,outros,JAURU,158
1,9,1,outros,JI-PARANA,17
1,9,1,outros,JOACABA,1
1,9,1,outros,JOAQUIM GOMES,1
1,9,1,outros,JOIA,1
1,9,1,outros,JOINVILLE,1
1,9,1,outros,JOSELANDIA,1
1,9,1,outros,JUARA,451
1,9,1,outros,JUINA,547
1,9,1,outros,JUNCO DO MARANHAO,1
1,9,1,outros,JURUENA,104
1,9,1,outros,JUSCIMEIRA,167
1,9,1,outros,JUSSARA,2
1,9,1,outros,LADARIO,1
1,9,1,outros,LAGOA DA CONFUSAO,20
1,9,1,outros,LAGOA GRANDE DO MARANHAO,1
1,9,1,outros,LAGOA SANTA,2
1,9,1,outros,LAMBARI D OESTE,67
1,9,1,outros,LAVRAS,1
1,9,1,outros,LEOPOLDO DE BULHOES,1
1,9,1,outros,LINHARES,1
1,9,1,outros,LINS,1
1,9,1,outros,LONDRINA,3
1,9,1,outros,LUCAS DO RIO VERDE,484
1,9,1,outros,LUCIARA,31
1,9,1,outros,LUZ,1
1,9,1,outros,MACEDONIA,2
1,9,1,outros,MACHADINHO D OESTE,2
1,9,1,outros,MACIEIRA,1
1,9,1,outros,MAIRI,1
1,9,1,outros,MANAUS,3
1,9,1,outros,MANDAGUACU,1
1,9,1,outros,MANGUEIRINHA,1
1,9,1,outros,MANTENOPOLIS,2
1,9,1,outros,MARABA,1
1,9,1,outros,MARACAJU,1
1,9,1,outros,MARACANAU,1
1,9,1,outros,MARAGOGIPE,1
1,9,1,outros,MARAVILHA,1
1,9,1,outros,MARCELANDIA,129
1,9,1,outros,MARECHAL CANDIDO RONDON,2
1,9,1,outros,MARIALVA,2
1,9,1,outros,MARINGA,8
1,9,1,outros,MARIPA,1
1,9,1,outros,MATIAS OLIMPIO,1
1,9,1,outros,MATO GROSSO,1
1,9,1,outros,MATUPA,204
1,9,1,outros,MEDIANEIRA,5
1,9,1,outros,MIGUEL ALVES,1
1,9,1,outros,MINEIROS,6
1,9,1,outros,MIRANDOPOLIS,1
1,9,1,outros,MIRASSOL D OESTE,407
1,9,1,outros,MISSAL,1
1,9,1,outros,MOEMA,1
1,9,1,outros,MONCAO,1
1,9,1,outros,MONTE APRAZIVEL,1
1,9,1,outros,MONTES CLAROS,1
1,9,1,outros,MONTES CLAROS DE GOIAS,3
1,9,1,outros,MORRO AGUDO,2
1,9,1,outros,MUNICIPIO IGNORADO-MS,2
1,9,1,outros,MUNICIPIO IGNORADO-MT,53
1,9,1,outros,MUNICIPIO IGNORADO-PA,1
1,9,1,outros,MUNICIPIO IGNORADO-RO,2
1,9,1,outros,MUNICIPIO IGNORADO-TO,3
1,9,1,outros,NAVIRAI,3
1,9,1,outros,NHANDEARA,1
1,9,1,outros,NOBRES,285
1,9,1,outros,NORTELANDIA,143
1,9,1,outros,NOSSA SENHORA DO LIVRAMENTO,201
1,9,1,outros,NOVA AURORA,1
1,9,1,outros,NOVA BANDEIRANTES,115
1,9,1,outros,NOVA BRASILANDIA,72
1,9,1,outros,NOVA CANAA DO NORTE,149
1,9,1,outros,NOVA GUARITA,60
1,9,1,outros,NOVA LACERDA,46
1,9,1,outros,NOVA MARILANDIA,28
1,9,1,outros,NOVA MARINGA,66
1,9,1,outros,NOVA MONTE VERDE,81
1,9,1,outros,NOVA MUTUM,312
1,9,1,outros,NOVA NAZARE,45
1,9,1,outros,NOVA OLIMPIA,192
1,9,1,outros,NOVA SANTA HELENA,47
1,9,1,outros,NOVA UBIRATA,84
1,9,1,outros,NOVA XAVANTINA,262
1,9,1,outros,NOVO HORIZONTE DO NORTE,69
1,9,1,outros,NOVO HORIZONTE DO OESTE,1
1,9,1,outros,NOVO MUNDO,78
1,9,1,outros,NOVO PROGRESSO,26
1,9,1,outros,NOVO SANTO ANTONIO,15
1,9,1,outros,NOVO SAO JOAQUIM,88
1,9,1,outros,OCAUCU,1
1,9,1,outros,OLIMPIA,1
1,9,1,outros,OSVALDO CRUZ,2
1,9,1,outros,OURINHOS,1
1,9,1,outros,OURO PRETO DO OESTE,4
1,9,1,outros,PALESTINA,1
1,9,1,outros,PALMA SOLA,1
1,9,1,outros,PALMAS,3
1,9,1,outros,PALMEIRA D OESTE,1
1,9,1,outros,PALOTINA,1
1,9,1,outros,PARAISO DO TOCANTINS,1
1,9,1,outros,PARANAITA,119
1,9,1,outros,PARANATINGA,273
1,9,1,outros,PARANHOS,1
1,9,1,outros,PARAPUA,1
1,9,1,outros,PARNAIBA,1
1,9,1,outros,PASSO FUNDO,1
1,9,1,outros,PEDRA PRETA,245
1,9,1,outros,PEDRO GOMES,4
1,9,1,outros,PEIXOTO DE AZEVEDO,465
1,9,1,outros,PELOTAS,2
1,9,1,outros,PILAR,1
1,9,1,outros,PIMENTA BUENO,5
1,9,1,outros,PIRACICABA,1
1,9,1,outros,PIRANHAS,1
1,9,1,outros,PIRAPO,1
1,9,1,outros,PIUM,3
1,9,1,outros,PLACIDO DE CASTRO,1
1,9,1,outros,PLANALTO DA SERRA,28
1,9,1,outros,POCONE,525
1,9,1,outros,PONTAL DO ARAGUAIA,58
1,9,1,outros,PONTALINA,1
1,9,1,outros,PONTE BRANCA,26
1,9,1,outros,PONTES E LACERDA,696
1,9,1,outros,PONTES GESTAL,1
1,9,1,outros,PORANGATU,1
1,9,1,outros,PORECATU,1
1,9,1,outros,PORTO ALEGRE DO NORTE,131
1,9,1,outros,PORTO DOS GAUCHOS,77
1,9,1,outros,PORTO ESPERIDIAO,129
1,9,1,outros,PORTO ESTRELA,57
1,9,1,outros,PORTO NACIONAL,2
1,9,1,outros,PORTO RICO,1
1,9,1,outros,PORTO VELHO,19
1,9,1,outros,POXOREO,324
1,9,1,outros,PRESIDENTE MEDICI,4
1,9,1,outros,PRESIDENTE PRUDENTE,1
1,9,1,outros,PRESIDENTE VENCESLAU,2
1,9,1,outros,PRIMAVERA DE RONDONIA,1
1,9,1,outros,PRIMAVERA DO LESTE,764
1,9,1,outros,PROMISSAO,3
1,9,1,outros,QUERENCIA,139
1,9,1,outros,QUINTA DO SOL,1
1,9,1,outros,RANCHARIA,1
1,9,1,outros,REALEZA,1
1,9,1,outros,REDENCAO,1
1,9,1,outros,RESERVA DO CABACAL,35
1,9,1,outros,RIALMA,1
1,9,1,outros,RIBEIRAO CASCALHEIRA,111
1,9,1,outros,RIBEIRAO DAS NEVES,1
1,9,1,outros,RIBEIRAO DO PINHAL,1
1,9,1,outros,RIBEIRAO PRETO,1
1,9,1,outros,RIBEIRAOZINHO,29
1,9,1,outros,RIO BRANCO,79
1,9,1,outros,RIO CLARO,2
1,9,1,outros,RIO DE JANEIRO,3
1,9,1,outros,RIO NEGRO,1
1,9,1,outros,RIO VERDE,1
1,9,1,outros,RIO VERDE DE MATO GROSSO,1
1,9,1,outros,ROLIM DE MOURA,4
1,9,1,outros,RONDOLANDIA,25
1,9,1,outros,RONDON,1
1,9,1,outros,RONDONOPOLIS,3080
1,9,1,outros,ROSARIO OESTE,272
1,9,1,outros,RUBIATABA,1
1,9,1,outros,RUROPOLIS,1
1,9,1,outros,SALTO DO CEU,61
1,9,1,outros,SANTA BARBARA D OESTE,1
1,9,1,outros,SANTA BARBARA DOESTE,1
1,9,1,outros,SANTA CARMEM,50
1,9,1,outros,SANTA CRUZ DO RIO PARDO,1
1,9,1,outros,SANTA CRUZ DO XINGU,18
1,9,1,outros,SANTA RITA DO ARAGUAIA,21
1,9,1,outros,SANTA RITA DO TRIVELATO,23
1,9,1,outros,SANTA TEREZINHA,57
1,9,1,outros,SANTANA DO ARAGUAIA,5
1,9,1,outros,SANTAREM,1
1,9,1,outros,SANTO AFONSO,37
1,9,1,outros,SANTO ANDRE,1
1,9,1,outros,SANTO ANTONIO DO AMPARO,1
1,9,1,outros,SANTO ANTONIO DO LESTE,19
1,9,1,outros,SANTO ANTONIO DO LEVERGER,275
1,9,1,outros,SANTO ANTONIO DO MONTE,1
1,9,1,outros,SAO BERNARDO DO CAMPO,1
1,9,1,outros,SAO CARLOS,1
1,9,1,outros,SAO DOMINGOS DO CAPIM,1
1,9,1,outros,SAO FELIPE DOESTE,1
1,9,1,outros,SAO FELIX DO ARAGUAIA,118
1,9,1,outros,SAO FRANCISCO DO GUAPORE,1
1,9,1,outros,SAO GONCALO,1
1,9,1,outros,SAO JOSE,1
1,9,1,outros,SAO JOSE DO CEDRO,1
1,9,1,outros,SAO JOSE DO POVO,50
1,9,1,outros,SAO JOSE DO RIO CLARO,219
1,9,1,outros,SAO JOSE DO RIO PRETO,3
1,9,1,outros,SAO JOSE DO XINGU,70
1,9,1,outros,SAO JOSE DOS CAMPOS,1
1,9,1,outros,SAO JOSE DOS QUATRO MARCOS,279
1,9,1,outros,SAO LUIS,2
1,9,1,outros,SAO MARCOS,1
1,9,1,outros,SAO MIGUEL DO GUAMA,1
1,9,1,outros,SAO MIGUEL DO GUAPORE,2
1,9,1,outros,SAO PAULO,8
1,9,1,outros,SAO PEDRO DA AGUA BRANCA,1
1,9,1,outros,SAO PEDRO DA CIPA,57
1,9,1,outros,SAO SEBASTIAO,1
1,9,1,outros,SAPEZAL,155
1,9,1,outros,SARANDI,1
1,9,1,outros,SENADOR CANEDO,1
1,9,1,outros,SENGES,1
1,9,1,outros,SERRA NOVA DOURADA,6
1,9,1,outros,SERTANOPOLIS,2
1,9,1,outros,SINOP,1539
1,9,1,outros,SOBRADINHO,1
1,9,1,outros,SONORA,9
1,9,1,outros,SORRISO,751
1,9,1,outros,TABAPORA,91
1,9,1,outros,TANGARA DA SERRA,1155
1,9,1,outros,TAPURAH,101
1,9,1,outros,TAQUARITINGA,1
1,9,1,outros,TEIXEIRA DE FREITAS,1
1,9,1,outros,TEODORO SAMPAIO,1
1,9,1,outros,TERRA NOVA DO NORTE,176
1,9,1,outros,TESOURO,66
1,9,1,outros,TIMOTEO,1
1,9,1,outros,TOLEDO,1
1,9,1,outros,TORIXOREU,80
1,9,1,outros,TUCURUI,1
1,9,1,outros,TUPACIGUARA,1
1,9,1,outros,TUPI PAULISTA,1
1,9,1,outros,TURIACU,1
1,9,1,outros,UBERABA,1
1,9,1,outros,UBERLANDIA,4
1,9,1,outros,ULIANOPOLIS,1
1,9,1,outros,UMUARAMA,1
1,9,1,outros,UNIAO DO SUL,35
1,9,1,outros,URUANA DE MINAS,1
1,9,1,outros,URUPA,4
1,9,1,outros,VALE DE SAO DOMINGOS,47
1,9,1,outros,VALE DO ANARI,1
1,9,1,outros,VALENTIM GENTIL,1
1,9,1,outros,VARGINHA,1
1,9,1,outros,VARZEA GRANDE,4030
1,9,1,outros,VERA,106
1,9,1,outros,VERA CRUZ DO OESTE,1
1,9,1,outros,VILA BELA DA S TRINDADE,137
1,9,1,outros,VILA NOVA DO SUL,1
1,9,1,outros,VILA RICA,212
1,9,1,outros,VILHENA,38
1,9,1,outros,VITORIA,1
1,9,1,outros,VITORIA DA CONQUISTA,1
1,9,1,outros,VITORINO FREIRE,1
1,9,1,outros,XANXERE,1
1,9,1,tuberculose,AGUA BOA,1
1,9,1,tuberculose,ALTA FLORESTA,7
1,9,1,tuberculose,ALTO BOA VISTA,1
1,9,1,tuberculose,ALTO PARAGUAI,2
1,9,1,tuberculose,ALTO TAQUARI,1
1,9,1,tuberculose,APIACAS,1
1,9,1,tuberculose,ARAGARCAS,1
1,9,1,tuberculose,ARAPUTANGA,1
1,9,1,tuberculose,ARENAPOLIS,2
1,9,1,tuberculose,BARAO DE MELGACO,1
1,9,1,tuberculose,BARRA DO BUGRES,3
1,9,1,tuberculose,BARRA DO GARCAS,5
1,9,1,tuberculose,BRASNORTE,7
1,9,1,tuberculose,CACERES,12
1,9,1,tuberculose,CAMPINAPOLIS,2
1,9,1,tuberculose,CAMPO NOVO DO PARECIS,3
1,9,1,tuberculose,CANARANA,4
1,9,1,tuberculose,CEREJEIRAS,1
1,9,1,tuberculose,CHAPADA DOS GUIMARAES,1
1,9,1,tuberculose,CLAUDIA,2
1,9,1,tuberculose,COLIDER,1
1,9,1,tuberculose,COMODORO,2
1,9,1,tuberculose,CONFRESA,1
1,9,1,tuberculose,CUIABA,70
1,9,1,tuberculose,CURVELANDIA,3
1,9,1,tuberculose,DIAMANTINO,3
1,9,1,tuberculose,GLORIA D OESTE,1
1,9,1,tuberculose,GUARANTA DO NORTE,1
1,9,1,tuberculose,IMPERATRIZ,1
1,9,1,tuberculose,JACIARA,1
1,9,1,tuberculose,JAURU,1
1,9,1,tuberculose,JUARA,2
1,9,1,tuberculose,JUINA,11
1,9,1,tuberculose,JURUENA,1
1,9,1,tuberculose,JUSCIMEIRA,1
1,9,1,tuberculose,LUCAS DO RIO VERDE,2
1,9,1,tuberculose,MARCELANDIA,1
1,9,1,tuberculose,MATUPA,1
1,9,1,tuberculose,MIRASSOL D OESTE,3
1,9,1,tuberculose,NOBRES,4
1,9,1,tuberculose,NORTELANDIA,2
1,9,1,tuberculose,NOVA BANDEIRANTES,1
1,9,1,tuberculose,NOVA CANAA DO NORTE,2
1,9,1,tuberculose,NOVA LACERDA,1
1,9,1,tuberculose,NOVA MARILANDIA,1
1,9,1,tuberculose,NOVA MARINGA,1
1,9,1,tuberculose,NOVA MONTE VERDE,1
1,9,1,tuberculose,NOVA UBIRATA,1
1,9,1,tuberculose,NOVA XAVANTINA,3
1,9,1,tuberculose,NOVO MUNDO,1
1,9,1,tuberculose,NOVO SAO JOAQUIM,1
1,9,1,tuberculose,PARANAITA,1
1,9,1,tuberculose,PARANATINGA,2
1,9,1,tuberculose,PEDRA PRETA,1
1,9,1,tuberculose,PEIXOTO DE AZEVEDO,2
1,9,1,tuberculose,PLANALTO DA SERRA,1
1,9,1,tuberculose,POCONE,5
1,9,1,tuberculose,PONTES E LACERDA,4
1,9,1,tuberculose,PORTO ALEGRE DO NORTE,1
1,9,1,tuberculose,PORTO ESPERIDIAO,1
1,9,1,tuberculose,PORTO ESTRELA,1
1,9,1,tuberculose,POXOREO,2
1,9,1,tuberculose,PRIMAVERA DO LESTE,5
1,9,1,tuberculose,QUERENCIA,1
1,9,1,tuberculose,RIBEIRAO CASCALHEIRA,1
1,9,1,tuberculose,RIO BRANCO,1
1,9,1,tuberculose,RONDONOPOLIS,17
1,9,1,tuberculose,SANTO ANTONIO DO LEVERGER,3
1,9,1,tuberculose,SAO FELIX DO ARAGUAIA,1
1,9,1,tuberculose,SAO JOSE DO XINGU,1
1,9,1,tuberculose,SAO PEDRO DA CIPA,1
1,9,1,tuberculose,SAPEZAL,1
1,9,1,tuberculose,SINOP,4
1,9,1,tuberculose,SORRISO,3
1,9,1,tuberculose,TANGARA DA SERRA,2
1,9,1,tuberculose,TAPURAH,1
1,9,1,tuberculose,TORIXOREU,1
1,9,1,tuberculose,VARZEA GRANDE,27
1,9,1,tuberculose,VILA BELA DA S TRINDADE,2
1,23,1,dengue,APIACAS,1
1,23,1,dengue,BARRA DO GARCAS,2
1,23,1,dengue,CAMPINAPOLIS,2
1,23,1,dengue,CAMPO NOVO DO PARECIS,1
1,23,1,dengue,CAMPOS DE JULIO,1
1,23,1,dengue,CHAPADA DOS GUIMARAES,1
1,23,1,dengue,COMODORO,1
1,23,1,dengue,CUIABA,2
1,23,1,dengue,CURVELANDIA,1
1,23,1,dengue,JACIARA,2
1,23,1,dengue,LUCAS DO RIO VERDE,1
1,23,1,dengue,MARCELANDIA,1
1,23,1,dengue,MATUPA,2
1,23,1,dengue,MUNICIPIO IGNORADO-MT,1
1,23,1,dengue,NOVA MONTE VERDE,1
1,23,1,dengue,NOVA MUTUM,1
1,23,1,dengue,PEIXOTO DE AZEVEDO,2
1,23,1,dengue,RONDONOPOLIS,1
1,23,1,dengue,SINOP,2
1,23,1,dengue,TANGARA DA SERRA,1
1,23,1,dengue,TAPURAH,1
1,23,1,dengue,VARZEA GRANDE,3
1,23,1,dengue,VERA,1
1,23,1,hepatite_a,ALTA FLORESTA,1
1,23,1,hepatite_a,CASTANHEIRA,1
1,23,1,hepatite_a,CUIABA,5
1,23,1,hepatite_a,JUARA,2
1,23,1,hepatite_a,PARANATINGA,1
1,23,1,hepatite_a,PEDRA PRETA,2
1,23,1,hepatite_a,PORTO ESTRELA,1
1,23,1,hepatite_a,POXOREO,1
1,23,1,hepatite_a,QUERENCIA,1
1,23,1,hepatite_a,RONDONOPOLIS,2
1,23,1,hepatite_a,SANTO ANTONIO DO LEVERGER,1
1,23,1,hepatite_a,SAO PEDRO DA CIPA,1
1,23,1,hepatite_a,SINOP,1
1,23,1,hepatite_a,TANGARA DA SERRA,1
1,23,1,hepatite_a,VARZEA GRANDE,1
1,23,1,hepatite_c_hcv,ARENAPOLIS,1
1,23,1,hepatite_c_hcv,CAMPO NOVO DO PARECIS,1
1,23,1,hepatite_c_hcv,GUARANTA DO NORTE,1
1,23,1,leptospirose,ALTO ARAGUAIA,1
1,23,1,leptospirose,PRIMAVERA DO LESTE,1
1,23,1,leptospirose,SANTA CARMEM,1
1,23,1,meningite,ALTA FLORESTA,2
1,23,1,meningite,BARRA DO GARCAS,1
1,23,1,meningite,BRASNORTE,1
1,23,1,meningite,CACERES,6
1,23,1,meningite,CANARANA,1
1,23,1,meningite,CHAPADA DOS GUIMARAES,1
1,23,1,meningite,CUIABA,11
1,23,1,meningite,DENISE,1
1,23,1,meningite,DIAMANTINO,1
1,23,1,meningite,ITIQUIRA,1
1,23,1,meningite,JACIARA,1
1,23,1,meningite,JUARA,1
1,23,1,meningite,JUINA,2
1,23,1,meningite,MATUPA,1
1,23,1,meningite,NOBRES,1
1,23,1,meningite,NOVA LACERDA,2
1,23,1,meningite,NOVA XAVANTINA,1
1,23,1,meningite,NOVO PROGRESSO,1
1,23,1,meningite,PEDRA PRETA,1
1,23,1,meningite,PEIXOTO DE AZEVEDO,1
1,23,1,meningite,PONTES E LACERDA,2
1,23,1,meningite,PORTO ESPERIDIAO,1
1,23,1,meningite,PRIMAVERA DO LESTE,5
1,23,1,meningite,RONDONOPOLIS,5
1,23,1,meningite,SAPEZAL,2
1,23,1,meningite,SINOP,4
1,23,1,meningite,TANGARA DA SERRA,3
1,23,1,meningite,VALE DE SAO DOMINGOS,1
1,23,1,meningite,VARZEA GRANDE,5
1,23,1,meningite,VERA,1
1,23,1,outros,,56
1,23,1,outros,*EM BRANCO,1
1,23,1,outros,*IGNORADO,32
1,23,1,outros,ACAILANDIA,1
1,23,1,outros,ACORIZAL,88
1,23,1,outros,ACREUNA,1
1,23,1,outros,AGUA BOA,254
1,23,1,outros,AGUA CLARA,1
1,23,1,outros,ALCANTARAS,1
1,23,1,outros,ALDEIAS ALTAS,2
1,23,1,outros,ALEGRETE DO PIAUI,1
1,23,1,outros,ALTA FLORESTA,686
1,23,1,outros,ALTA FLORESTA DOESTE,1
1,23,1,outros,ALTAMIRA,27
1,23,1,outros,ALTO ALEGRE DO PARECIS,1
1,23,1,outros,ALTO ARAGUAIA,214
1,23,1,outros,ALTO BOA VISTA,57
1,23,1,outros,ALTO GARCAS,152
1,23,1,outros,ALTO PARAGUAI,137
1,23,1,outros,ALTO TAQUARI,71
1,23,1,outros,ALVORADA DO SUL,1
1,23,1,outros,AMERICO DE CAMPOS,1
1,23,1,outros,AMPERE,1
1,23,1,outros,ANAGE,1
1,23,1,outros,ANAPOLIS,3
1,23,1,outros,ANAURILANDIA,2
1,23,1,outros,APARECIDA DO TABOADO,1
1,23,1,outros,APIACAS,91
1,23,1,outros,APORE,1
1,23,1,outros,APUCARANA,1
1,23,1,outros,AQUIDAUANA,1
1,23,1,outros,ARACATUBA,1
1,23,1,outros,ARACRUZ,1
1,23,1,outros,ARAGARCAS,59
1,23,1,outros,ARAGUAIANA,38
1,23,1,outros,ARAGUAINA,2
1,23,1,outros,ARAGUAINHA,10
1,23,1,outros,ARAGUARI,1
1,23,1,outros,ARAPONGAS,2
1,23,1,outros,ARAPUTANGA,207
1,23,1,outros,ARARANGUA,1
1,23,1,outros,ARARUNA,1
1,23,1,outros,ARAXA,1
1,23,1,outros,ARENAPOLIS,196
1,23,1,outros,ARENOPOLIS,1
1,23,1,outros,ARIPUANA,206
1,23,1,outros,ARIQUEMES,4
1,23,1,outros,ARTUR NOGUEIRA,1
1,23,1,outros,ARUJA,1
1,23,1,outros,ASSIS CHATEAUBRIAND,2
1,23,1,outros,AVEIRO,1
1,23,1,outros,AVELINOPOLIS,1
1,23,1,outros,BALIZA,7
1,23,1,outros,BALNEARIO CAMBORIU,1
1,23,1,outros,BARAO DE MELGACO,83
1,23,1,outros,BARIRI,2
1,23,1,outros,BARRA DO BUGRES,412
1,23,1,outros,BARRA DO CORDA,1
1,23,1,outros,BARRA DO GARCAS,938
1,23,1,outros,BARRINHA,1
1,23,1,outros,BARUERI,1
1,23,1,outros,BEBEDOURO,1
1,23,1,outros,BELA VISTA,1
1,23,1,outros,BELEM,3
1,23,1,outros,BELO HORIZONTE,4
1,23,1,outros,BETIM,2
1,23,1,outros,BOA VISTA,1
1,23,1,outros,BOCA DO ACRE,1
1,23,1,outros,BOM DESPACHO,1
1,23,1,outros,BOM JARDIM DE GOIAS,14
1,23,1,outros,BOM JESUS DAS SELVAS,1
1,23,1,outros,BOM JESUS DE GOIAS,2
1,23,1,outros,BOM JESUS DO ARAGUAIA,55
1,23,1,outros,BOM SUCESSO DO SUL,1
1,23,1,outros,BORACEIA,1
1,23,1,outros,BOTUCATU,1
1,23,1,outros,BRAGA,1
1,23,1,outros,BRASILIA,4
1,23,1,outros,BRASNORTE,183
1,23,1,outros,BREJO SANTO,1
1,23,1,outros,BREJOLANDIA,1
1,23,1,outros,BRODOWSKI,1
1,23,1,outros,BRUSQUE,1
1,23,1,outros,BURITIS,1
1,23,1,outros,CAARAPO,1
1,23,1,outros,CABIXI,2
1,23,1,outros,CACERES,1541
1,23,1,outros,CACHOEIRA DO PIRIA,1
1,23,1,outros,CACOAL,15
1,23,1,outros,CACU,2
1,23,1,outros,CAIAPONIA,1
1,23,1,outros,CAIUA,1
1,23,1,outros,CAMPINAPOLIS,190
1,23,1,outros,CAMPINAS,2
1,23,1,outros,CAMPO GRANDE,21
1,23,1,outros,CAMPO LARGO,2
1,23,1,outros,CAMPO MOURAO,2
1,23,1,outros,CAMPO NOVO DO PARECIS,262
1,23,1,outros,CAMPO VERDE,361
1,23,1,outros,CAMPOS DE JULIO,41
1,23,1,outros,CAMPOS NOVOS,1
1,23,1,outros,CANABRAVA DO NORTE,43
1,23,1,outros,CANARANA,216
1,23,1,outros,CANGUCU,1
1,23,1,outros,CANOAS,3
1,23,1,outros,CANUDOS DO VALE,1
1,23,1,outros,CAPETINGA,1
1,23,1,outros,CAPITAO LEONIDAS MARQUES,2
1,23,1,outros,CARIACICA,2
1,23,1,outros,CARLINDA,159
1,23,1,outros,CASA NOVA,1
1,23,1,outros,CASCA,1
1,23,1,outros,CASCAVEL,5
1,23,1,outros,CASSILANDIA,2
1,23,1,outros,CASTANHAL,1
1,23,1,outros,CASTANHEIRA,97
1,23,1,outros,CASTELO,1
1,23,1,outros,CENTENARIO DO SUL,1
1,23,1,outros,CEREJEIRAS,6
1,23,1,outros,CHAPADA DOS GUIMARAES,239
1,23,1,outros,CHAPECO,2
1,23,1,outros,CLAUDIA,108
1,23,1,outros,COCALINHO,63
1,23,1,outros,COLATINA,2
1,23,1,outros,COLIDER,472
1,23,1,outros,COLINAS,1
1,23,1,outros,COLNIZA,205
1,23,1,outros,COLORADO DO OESTE,12
1,23,1,outros,COMODORO,190
1,23,1,outros,CONCEICAO DO ARAGUAIA,1
1,23,1,outros,CONCEICAO DO TOCANTINS,1
1,23,1,outros,CONFRESA,284
1,23,1,outros,CONQUISTA D OESTE,29
1,23,1,outros,CORONEL VIVIDA,1
1,23,1,outros,CORUMBIARA,4
1,23,1,outros,COTRIGUACU,112
1,23,1,outros,COXIM,3
1,23,1,outros,CRICIUMA,1
1,23,1,outros,CRISTALANDIA,2
1,23,1,outros,CRISTALINA,1
1,23,1,outros,CRUZ ALTA,1
1,23,1,outros,CUBATAO,1
1,23,1,outros,CUIABA,8439
1,23,1,outros,CUITE,1
1,23,1,outros,CURITIBA,5
1,23,1,outros,CURVELANDIA,68
1,23,1,outros,DENISE,105
1,23,1,outros,DIAMANTE D OESTE,1
1,23,1,outros,DIAMANTINO,286
1,23,1,outros,DOM AQUINO,131
1,23,1,outros,DOURADINA,1
1,23,1,outros,DOURADOS,5
1,23,1,outros,DOVERLANDIA,4
1,23,1,outros,ENTRE RIOS DO OESTE,1
1,23,1,outros,ERMO,1
1,23,1,outros,ESPIGAO D OESTE,3
1,23,1,outros,ESPUMOSO,1
1,23,1,outros,ESTANCIA,1
1,23,1,outros,FAZENDA NOVA,1
1,23,1,outros,FAZENDA RIO GRANDE,2
1,23,1,outros,FELIZ NATAL,99
1,23,1,outros,FIGUEIROPOLIS D OESTE,51
1,23,1,outros,FLORESTA,1
1,23,1,outros,FORMOSO DO ARAGUAIA,2
1,23,1,outros,FORTALEZA,1
1,23,1,outros,FOZ DO IGUACU,1
1,23,1,outros,FRAIBURGO,1
1,23,1,outros,FRANCISCO BELTRAO,2
1,23,1,outros,GASPAR,1
1,23,1,outros,GAUCHA DO NORTE,58
1,23,1,outros,GENERAL CARNEIRO,90
1,23,1,outros,GENERAL SALGADO,1
1,23,1,outros,GLORIA D OESTE,51
1,23,1,outros,GOIANIA,16
1,23,1,outros,GOIANORTE,1
1,23,1,outros,GOIAS,1
1,23,1,outros,GOIATUBA,2
1,23,1,outros,GRAJAU,1
1,23,1,outros,GUAIRA,1
1,23,1,outros,GUARANTA DO NORTE,347
1,23,1,outros,GUARAPUAVA,2
1,23,1,outros,GUARULHOS,1
1,23,1,outros,GUIRATINGA,232
1,23,1,outros,GURUPI,1
1,23,1,outros,HORTOLANDIA,1
1,23,1,outros,HUMAITA,2
1,23,1,outros,IBATIBA,1
1,23,1,outros,IJUI,1
1,23,1,outros,INDAIATUBA,1
1,23,1,outros,INDIAVAI,25
1,23,1,outros,IPATINGA,1
1,23,1,outros,IPIRANGA DO NORTE,37
1,23,1,outros,IPOJUCA,1
1,23,1,outros,IPORA,6
1,23,1,outros,ITAITUBA,6
1,23,1,outros,ITAJAI,1
1,23,1,outros,ITAJOBI,1
1,23,1,outros,ITAJU,1
1,23,1,outros,ITANHANGA,42
1,23,1,outros,ITAPECURU MIRIM,1
1,23,1,outros,ITAUBA,74
1,23,1,outros,ITAUNA,1
1,23,1,outros,ITIQUIRA,112
1,23,1,outros,ITUIUTABA,4
1,23,1,outros,ITUMBIARA,2
1,23,1,outros,ITURAMA,3
1,23,1,outros,ITUVERAVA,1
1,23,1,outros,JACAREZINHO,1
1,23,1,outros,JACIARA,325
1,23,1,outros,JAGUARARI,1
1,23,1,outros,JAGUARIAIVA,2
1,23,1,outros,JALES,1
1,23,1,outros,JANGADA,111
1,23,1,outros,JARAGUARI,1
1,23,1,outros,JARU,5
1,23,1,outros,JATAI,4
1,23,1,outros,JAURU,141
1,23,1,outros,JI-PARANA,19
1,23,1,outros,JOAO RAMALHO,1
1,23,1,outros,JOAQUIM GOMES,1
1,23,1,outros,JOINVILLE,1
1,23,1,outros,JUARA,469
1,23,1,outros,JUAZEIRO,1
1,23,1,outros,JUINA,539
1,23,1,outros,JURUENA,91
1,23,1,outros,JUSCIMEIRA,159
1,23,1,outros,JUSSARA,1
1,23,1,outros,LAGOA DA CONFUSAO,11
1,23,1,outros,LAJEADO,1
1,23,1,outros,LAMBARI D OESTE,76
1,23,1,outros,LENCOIS PAULISTA,1
1,23,1,outros,LIMEIRA,2
1,23,1,outros,LINS,1
1,23,1,outros,LOBATO,1
1,23,1,outros,LONDRINA,1
1,23,1,outros,LUCAS DO RIO VERDE,461
1,23,1,outros,LUCIARA,29
1,23,1,outros,MACAPA,2
1,23,1,outros,MACHADINHO D OESTE,3
1,23,1,outros,MANDAGUACU,1
1,23,1,outros,MARABA,1
1,23,1,outros,MARACAI,1
1,23,1,outros,MARAVILHA,2
1,23,1,outros,MARCELANDIA,157
1,23,1,outros,MARECHAL CANDIDO RONDON,1
1,23,1,outros,MARINGA,3
1,23,1,outros,MATUPA,181
1,23,1,outros,MEDIANEIRA,1
1,23,1,outros,MERCEDES,1
1,23,1,outros,MINISTRO ANDREAZZA,1
1,23,1,outros,MIRASSOL,1
1,23,1,outros,MIRASSOL D OESTE,368
1,23,1,outros,MOCOCA,1
1,23,1,outros,MOGI DAS CRUZES,2
1,23,1,outros,MONTE ALEGRE DE MINAS,1
1,23,1,outros,MONTES CLAROS,1
1,23,1,outros,MONTES CLAROS DE GOIAS,1
1,23,1,outros,MOZARLANDIA,2
1,23,1,outros,MUNDO NOVO,1
1,23,1,outros,MUNICIPIO IGNORADO-MS,3
1,23,1,outros,MUNICIPIO IGNORADO-MT,37
1,23,1,outros,MUNICIPIO IGNORADO-PA,4
1,23,1,outros,MUNICIPIO IGNORADO-RJ,1
1,23,1,outros,MUQUEM DE SAO FRANCISCO,1
1,23,1,outros,NAVIRAI,1
1,23,1,outros,NEOPOLIS,1
1,23,1,outros,NIPOA,1
1,23,1,outros,NOBRES,277
1,23,1,outros,NORTELANDIA,108
1,23,1,outros,NOSSA SENHORA DO LIVRAMENTO,179
1,23,1,outros,NOVA ALVORADA DO SUL,3
1,23,1,outros,NOVA ANDRADINA,1
1,23,1,outros,NOVA BANDEIRANTES,120
1,23,1,outros,NOVA BRASILANDIA,78
1,23,1,outros,NOVA BRASILANDIA DOESTE,1
1,23,1,outros,NOVA CANAA DO NORTE,140
1,23,1,outros,NOVA CRIXAS,1
1,23,1,outros,NOVA GUARITA,51
1,23,1,outros,NOVA LACERDA,52
1,23,1,outros,NOVA MARILANDIA,43
1,23,1,outros,NOVA MARINGA,64
1,23,1,outros,NOVA MONTE VERDE,84
1,23,1,outros,NOVA MUTUM,299
1,23,1,outros,NOVA NAZARE,35
1,23,1,outros,NOVA OLIMPIA,193
1,23,1,outros,NOVA SANTA HELENA,45
1,23,1,outros,NOVA UBIRATA,88
1,23,1,outros,NOVA XAVANTINA,277
1,23,1,outros,NOVO HORIZONTE DO NORTE,45
1,23,1,outros,NOVO HORIZONTE DO OESTE,1
1,23,1,outros,NOVO MUNDO,84
1,23,1,outros,NOVO PLANALTO,1
1,23,1,outros,NOVO PROGRESSO,24
1,23,1,outros,NOVO REPARTIMENTO,1
1,23,1,outros,NOVO SANTO ANTONIO,15
1,23,1,outros,NOVO SAO JOAQUIM,91
1,23,1,outros,ORINDIUVA,1
1,23,1,outros,OURILANDIA DO NORTE,1
1,23,1,outros,OURO BRANCO,1
1,23,1,outros,OURO PRETO DO OESTE,3
1,23,1,outros,PACAEMBU,1
1,23,1,outros,PALESTINA DE GOIAS,1
1,23,1,outros,PALMA SOLA,1
1,23,1,outros,PALMAS,1
1,23,1,outros,PALMEIRA DOESTE,1
1,23,1,outros,PALMEIRA DOS INDIOS,1
1,23,1,outros,PALMEIRAS DE GOIAS,1
1,23,1,outros,PALMEIRAS DO TOCANTINS,1
1,23,1,outros,PALMEIROPOLIS,1
1,23,1,outros,PALMITOS,1
1,23,1,outros,PALOTINA,1
1,23,1,outros,PARANAGUA,2
1,23,1,outros,PARANAIBA,1
1,23,1,outros,PARANAITA,123
1,23,1,outros,PARANATINGA,251
1,23,1,outros,PARANAVAI,2
1,23,1,outros,PATO BRAGADO,1
1,23,1,outros,PATROCINIO,1
1,23,1,outros,PAULINIA,2
1,23,1,outros,PAULO DE FARIA,1
1,23,1,outros,PAULO RAMOS,1
1,23,1,outros,PEDRA BRANCA,1
1,23,1,outros,PEDRA PRETA,244
1,23,1,outros,PEDRO GOMES,2
1,23,1,outros,PEIXOTO DE AZEVEDO,394
1,23,1,outros,PENHA,1
1,23,1,outros,PETROLINA,1
1,23,1,outros,PILAO ARCADO,1
1,23,1,outros,PIMENTA BUENO,10
1,23,1,outros,PINDAMONHANGABA,1
1,23,1,outros,PINHALZINHO,1
1,23,1,outros,PIRANHAS,3
1,23,1,outros,PLANALTO DA SERRA,37
1,23,1,outros,POCAO DE PEDRAS,1
1,23,1,outros,POCO REDONDO,1
1,23,1,outros,POCONE,520
1,23,1,outros,POCOS DE CALDAS,1
1,23,1,outros,POMPEU,1
1,23,1,outros,PONTA GROSSA,4
1,23,1,outros,PONTAL DO ARAGUAIA,82
1,23,1,outros,PONTALINA,1
1,23,1,outros,PONTAO,2
1,23,1,outros,PONTE BRANCA,36
1,23,1,outros,PONTES E LACERDA,557
1,23,1,outros,PORANGATU,1
1,23,1,outros,PORTO ALEGRE,1
1,23,1,outros,PORTO ALEGRE DO NORTE,110
1,23,1,outros,PORTO DOS GAUCHOS,88
1,23,1,outros,PORTO ESPERIDIAO,130
1,23,1,outros,PORTO ESTRELA,51
1,23,1,outros,PORTO FERREIRA,1
1,23,1,outros,PORTO VELHO,14
1,23,1,outros,POXOREO,289
1,23,1,outros,PRADOPOLIS,1
1,23,1,outros,PRESIDENTE EPITACIO,1
1,23,1,outros,PRESIDENTE MEDICI,2
1,23,1,outros,PRESIDENTE PRUDENTE,6
1,23,1,outros,PRIMAVERA DE RONDONIA,3
1,23,1,outros,PRIMAVERA DO LESTE,643
1,23,1,outros,PROMISSAO,1
1,23,1,outros,QUATA,1
1,23,1,outros,QUERENCIA,147
1,23,1,outros,QUIRINOPOLIS,3
1,23,1,outros,REDENCAO,3
1,23,1,outros,RESERVA DO CABACAL,32
1,23,1,outros,RIBEIRAO CASCALHEIRA,113
1,23,1,outros,RIBEIRAO PIRES,1
1,23,1,outros,RIBEIRAOZINHO,32
1,23,1,outros,RINOPOLIS,1
1,23,1,outros,RIO BRANCO,84
1,23,1,outros,RIO CLARO,1
1,23,1,outros,RIO DE JANEIRO,3
1,23,1,outros,RIO VERDE,5
1,23,1,outros,RIO VERDE DE MATO GROSSO,2
1,23,1,outros,ROLANDIA,1
1,23,1,outros,ROLIM DE MOURA,1
1,23,1,outros,RONCADOR,1
1,23,1,outros,RONDOLANDIA,19
1,23,1,outros,RONDONOPOLIS,2996
1,23,1,outros,ROSANA,1
1,23,1,outros,ROSARIO OESTE,287
1,23,1,outros,SALTO DO CEU,64
1,23,1,outros,SANTA BARBARA DE GOIAS,1
1,23,1,outros,SANTA CARMEM,44
1,23,1,outros,SANTA CECILIA,1
1,23,1,outros,SANTA CRUZ DO PIAUI,1
1,23,1,outros,SANTA CRUZ DO XINGU,18
1,23,1,outros,SANTA FE DE GOIAS,2
1,23,1,outros,SANTA FE DO SUL,1
1,23,1,outros,SANTA INES,1
1,23,1,outros,SANTA LUZIA,1
1,23,1,outros,SANTA RITA DO ARAGUAIA,32
1,23,1,outros,SANTA RITA DO PASSA QUATRO,1
1,23,1,outros,SANTA RITA DO TRIVELATO,18
1,23,1,outros,SANTA TEREZINHA,88
1,23,1,outros,SANTA TEREZINHA DE ITAIPU,1
1,23,1,outros,SANTANA DO ARAGUAIA,3
1,23,1,outros,SANTANA DO PARAISO,1
1,23,1,outros,SANTAREM,1
1,23,1,outros,SANTO AFONSO,32
1,23,1,outros,SANTO ANDRE,2
1,23,1,outros,SANTO ANGELO,2
1,23,1,outros,SANTO ANTONIO DE GOIAS,1
1,23,1,outros,SANTO ANTONIO DE POSSE,1
1,23,1,outros,SANTO ANTONIO DO LESTE,24
1,23,1,outros,SANTO ANTONIO DO LEVERGER,280
1,23,1,outros,SANTO ANTONIO DO SUDOESTE,1
1,23,1,outros,SAO BENTO DO SUL,1
1,23,1,outros,SAO DOMINGOS DO MARANHAO,1
1,23,1,outros,SAO FELIX DO ARAGUAIA,111
1,23,1,outros,SAO FRANCISCO DO GUAPORE,2
1,23,1,outros,SAO GABRIEL DO OESTE,4
1,23,1,outros,SAO JOAO DO PARAISO,1
1,23,1,outros,SAO JOAO DO SOTER,1
1,23,1,outros,SAO JOAQUIM DA BARRA,1
1,23,1,outros,SAO JOSE,1
1,23,1,outros,SAO JOSE DE RIBAMAR,1
1,23,1,outros,SAO JOSE DO POVO,52
1,23,1,outros,SAO JOSE DO RIO CLARO,192
1,23,1,outros,SAO JOSE DO RIO PRETO,3
1,23,1,outros,SAO JOSE DO XINGU,57
1,23,1,outros,SAO JOSE DOS QUATRO MARCOS,313
1,23,1,outros,SAO JULIAO,2
1,23,1,outros,SAO LEOPOLDO,1
1,23,1,outros,SAO LOURENCO DO OESTE,1
1,23,1,outros,SAO MARCOS,1
1,23,1,outros,SAO MIGUEL DO GUAPORE,2
1,23,1,outros,SAO PAULO,13
1,23,1,outros,SAO PEDRO DA CIPA,58
1,23,1,outros,SAO PEDRO DO IGUACU,1
1,23,1,outros,SAO SEBASTIAO,1
1,23,1,outros,SAPEZAL,164
1,23,1,outros,SAPUCAIA DO SUL,1
1,23,1,outros,SENADOR CANEDO,1
1,23,1,outros,SERRA,1
1,23,1,outros,SERRA NOVA DOURADA,12
1,23,1,outros,SERRANOPOLIS DO IGUACU,1
1,23,1,outros,SERTAO,1
1,23,1,outros,SIDROLANDIA,2
1,23,1,outros,SILVANIA,1
1,23,1,outros,SIMOES FILHO,2
1,23,1,outros,SINOP,1279
1,23,1,outros,SOBRADINHO,1
1,23,1,outros,SONORA,19
1,23,1,outros,SORRISO,710
1,23,1,outros,TABAPORA,87
1,23,1,outros,TAGUATINGA,2
1,23,1,outros,TAIO,1
1,23,1,outros,TAMARANA,1
1,23,1,outros,TANGARA DA SERRA,1042
1,23,1,outros,TAPURAH,101
1,23,1,outros,TAQUARITUBA,1
1,23,1,outros,TERESINA,1
1,23,1,outros,TERRA NOVA DO NORTE,162
1,23,1,outros,TESOURO,66
1,23,1,outros,THEOBROMA,1
1,23,1,outros,TIGRINHOS,1
1,23,1,outros,TIMON,1
1,23,1,outros,TOLEDO,3
1,23,1,outros,TORIXOREU,83
1,23,1,outros,TRES DE MAIO,1
1,23,1,outros,TRES LAGOAS,1
1,23,1,outros,TRINDADE,4
1,23,1,outros,TUCUNDUVA,1
1,23,1,outros,TUPIRATINS,1
1,23,1,outros,UBERABA,2
1,23,1,outros,UBERLANDIA,9
1,23,1,outros,ULIANOPOLIS,1
1,23,1,outros,UMUARAMA,2
1,23,1,outros,UNIAO DO SUL,47
1,23,1,outros,VALE DE SAO DOMINGOS,28
1,23,1,outros,VARZEA GRANDE,3820
1,23,1,outros,VERA,106
1,23,1,outros,VILA BELA DA S TRINDADE,115
1,23,1,outros,VILA RICA,208
1,23,1,outros,VILHENA,49
1,23,1,outros,VOTUPORANGA,5
1,23,1,outros,WANDERLANDIA,1
1,23,1,rubeola,RONDONOPOLIS,1
1,23,1,rubeola,VARZEA GRANDE,1
1,23,1,tuberculose,ALTA FLORESTA,1
1,23,1,tuberculose,ALTO PARAGUAI,2
1,23,1,tuberculose,APIACAS,1
1,23,1,tuberculose,ARENAPOLIS,1
1,23,1,tuberculose,BARRA DO BUGRES,1
1,23,1,tuberculose,BARRA DO GARCAS,2
1,23,1,tuberculose,CACERES,14
1,23,1,tuberculose,CAMPINAPOLIS,3
1,23,1,tuberculose,CAMPO NOVO DO PARECIS,1
1,23,1,tuberculose,CAMPO VERDE,1
1,23,1,tuberculose,CANARANA,1
1,23,1,tuberculose,CARAZINHO,1
1,23,1,tuberculose,CARLINDA,1
1,23,1,tuberculose,CASTANHEIRA,1
1,23,1,tuberculose,CHAPADA DOS GUIMARAES,2
1,23,1,tuberculose,COLIDER,2
1,23,1,tuberculose,COLNIZA,3
1,23,1,tuberculose,CONFRESA,2
1,23,1,tuberculose,CUIABA,49
1,23,1,tuberculose,CURVELANDIA,1
1,23,1,tuberculose,DIAMANTINO,1
1,23,1,tuberculose,GENERAL CARNEIRO,1
1,23,1,tuberculose,GUARANTA DO NORTE,3
1,23,1,tuberculose,ITIQUIRA,2
1,23,1,tuberculose,JACIARA,3
1,23,1,tuberculose,JANGADA,1
1,23,1,tuberculose,JAURU,2
1,23,1,tuberculose,JI-PARANA,1
1,23,1,tuberculose,JUARA,1
1,23,1,tuberculose,JUINA,2
1,23,1,tuberculose,LAGOA DA CONFUSAO,1
1,23,1,tuberculose,LUCAS DO RIO VERDE,3
1,23,1,tuberculose,MARCELANDIA,3
1,23,1,tuberculose,MATUPA,1
1,23,1,tuberculose,MIRASSOL D OESTE,1
1,23,1,tuberculose,MUNICIPIO IGNORADO-MT,1
1,23,1,tuberculose,NOBRES,1
1,23,1,tuberculose,NORTELANDIA,1
1,23,1,tuberculose,NOVA MARILANDIA,1
1,23,1,tuberculose,NOVA MARINGA,1
1,23,1,tuberculose,NOVA MUTUM,2
1,23,1,tuberculose,NOVA NAZARE,1
1,23,1,tuberculose,NOVA XAVANTINA,1
1,23,1,tuberculose,PARANAITA,1
1,23,1,tuberculose,PARANATINGA,2
1,23,1,tuberculose,PEIXOTO DE AZEVEDO,2
1,23,1,tuberculose,POCONE,1
1,23,1,tuberculose,PONTES E LACERDA,3
1,23,1,tuberculose,PORTO ALEGRE DO NORTE,1
1,23,1,tuberculose,PORTO DOS GAUCHOS,1
1,23,1,tuberculose,PORTO ESPERIDIAO,1
1,23,1,tuberculose,PORTO ESTRELA,1
1,23,1,tuberculose,POXOREO,3
1,23,1,tuberculose,PRIMAVERA DO LESTE,5
1,23,1,tuberculose,RIBEIRAO CASCALHEIRA,1
1,23,1,tuberculose,RONDONOPOLIS,14
1,23,1,tuberculose,ROSARIO OESTE,2
1,23,1,tuberculose,SANTA CARMEM,1
1,23,1,tuberculose,SANTA RITA DO ARAGUAIA,1
1,23,1,tuberculose,SANTO ANTONIO DO LEVERGER,1
1,23,1,tuberculose,SAO PAULO,1
1,23,1,tuberculose,SAPEZAL,2
1,23,1,tuberculose,SINOP,1
1,23,1,tuberculose,SORRISO,3
1,23,1,tuberculose,TANGARA DA SERRA,2
1,23,1,tuberculose,TAPURAH,1
1,23,1,tuberculose,VALE DE SAO DOMINGOS,1
1,23,1,tuberculose,VARZEA GRANDE,21
1,23,1,tuberculose,VILA BELA DA S TRINDADE,3
1,27,1,dengue,ALTA FLORESTA,2
1,27,1,dengue,AMORINOPOLIS,1
1,27,1,dengue,ARENAPOLIS,1
1,27,1,dengue,CAMPO VERDE,2
1,27,1,dengue,CANABRAVA DO NORTE,1
1,27,1,dengue,CHAPADA DOS GUIMARAES,2
1,27,1,dengue,CLAUDIA,1
1,27,1,dengue,COLNIZA,1
1,27,1,dengue,JACIARA,1
1,27,1,dengue,NORTELANDIA,1
1,27,1,dengue,NOVA BANDEIRANTES,1
1,27,1,dengue,NOVA LACERDA,1
1,27,1,dengue,NOVA MARILANDIA,1
1,27,1,dengue,NOVO MUNDO,1
1,27,1,dengue,PONTES E LACERDA,2
1,27,1,dengue,SANTA RITA DO TRIVELATO,1
1,27,1,dengue,SINOP,4
1,27,1,dengue,VARZEA GRANDE,4
1,27,1,dengue,VILA BELA DA S TRINDADE,1
1,27,1,hepatite_a,ALTA FLORESTA,1
1,27,1,hepatite_a,ARIPUANA,1
1,27,1,hepatite_a,CACERES,2
1,27,1,hepatite_a,CUIABA,4
1,27,1,hepatite_a,GLORIA D OESTE,1
1,27,1,hepatite_a,JUINA,3
1,27,1,hepatite_a,NORTELANDIA,1
1,27,1,hepatite_a,PONTAL DO ARAGUAIA,1
1,27,1,hepatite_a,RONDONOPOLIS,2
1,27,1,hepatite_a,SINOP,3
1,27,1,hepatite_c_hcv,ALTA FLORESTA,1
1,27,1,hepatite_c_hcv,CUIABA,1
1,27,1,hepatite_c_hcv,NOSSA SENHORA DO LIVRAMENTO,1
1,27,1,hepatite_c_hcv,SALTO DO CEU,1
1,27,1,hepatite_c_hcv,VALE DE SAO DOMINGOS,1
1,27,1,meningite,*IGNORADO,1
1,27,1,meningite,ALTA FLORESTA,3
1,27,1,meningite,ALTO GARCAS,1
1,27,1,meningite,ARIPUANA,1
1,27,1,meningite,BARRA DO GARCAS,2
1,27,1,meningite,CACERES,7
1,27,1,meningite,CACOAL,1
1,27,1,meningite,CAMPO NOVO DO PARECIS,2
1,27,1,meningite,CAMPO VERDE,1
1,27,1,meningite,CANARANA,1
1,27,1,meningite,CARLINDA,1
1,27,1,meningite,CHAPADA DOS GUIMARAES,1
1,27,1,meningite,COCALINHO,1
1,27,1,meningite,COLORADO DO OESTE,1
1,27,1,meningite,CUIABA,16
1,27,1,meningite,DENISE,1
1,27,1,meningite,DIAMANTINO,1
1,27,1,meningite,DOM AQUINO,1
1,27,1,meningite,GOIANIA,1
1,27,1,meningite,GUARANTA DO NORTE,2
1,27,1,meningite,GUIRATINGA,2
1,27,1,meningite,JACAREACANGA,1
1,27,1,meningite,JAURU,1
1,27,1,meningite,JUARA,2
1,27,1,meningite,JUINA,1
1,27,1,meningite,NOSSA SENHORA DO LIVRAMENTO,2
1,27,1,meningite,NOVA BANDEIRANTES,2
1,27,1,meningite,NOVA OLIMPIA,1
1,27,1,meningite,NOVA XAVANTINA,1
1,27,1,meningite,NOVO PROGRESSO,1
1,27,1,meningite,PARANAITA,1
1,27,1,meningite,PARANATINGA,1
1,27,1,meningite,PEDRA PRETA,1
1,27,1,meningite,POCONE,1
1,27,1,meningite,PONTES E LACERDA,3
1,27,1,meningite,PRIMAVERA DO LESTE,2
1,27,1,meningite,RIBEIRAO CASCALHEIRA,1
1,27,1,meningite,RONDONOPOLIS,3
1,27,1,meningite,ROSARIO OESTE,1
1,27,1,meningite,SANTA TEREZINHA,1
1,27,1,meningite,SAPEZAL,1
1,27,1,meningite,SINOP,4
1,27,1,meningite,TABAPORA,2
1,27,1,meningite,TANGARA DA SERRA,3
1,27,1,meningite,VARZEA GRANDE,10
1,27,1,meningite,VILA BELA DA S TRINDADE,1
1,27,1,outros,,61
1,27,1,outros,*EM BRANCO,1
1,27,1,outros,*IGNORADO,28
1,27,1,outros,ABADIA DE GOIAS,2
1,27,1,outros,ABEL FIGUEIREDO,1
1,27,1,outros,ABREU E LIMA,1
1,27,1,outros,ACAILANDIA,2
1,27,1,outros,ACORIZAL,93
1,27,1,outros,AGUA BOA,262
1,27,1,outros,AGUAS LINDAS DE GOIAS,1
1,27,1,outros,ALTA FLORESTA,762
1,27,1,outros,ALTA FLORESTA D OESTE,4
1,27,1,outros,ALTA FLORESTA DOESTE,1
1,27,1,outros,ALTAMIRA,28
1,27,1,outros,ALTAMIRA DO PARANA,1
1,27,1,outros,ALTO ALEGRE,1
1,27,1,outros,ALTO ALEGRE DOS PARECIS,3
1,27,1,outros,ALTO ARAGUAIA,252
1,27,1,outros,ALTO BOA VISTA,26
1,27,1,outros,ALTO GARCAS,146
1,27,1,outros,ALTO PARAGUAI,151
1,27,1,outros,ALTO TAQUARI,87
1,27,1,outros,ALTONIA,1
1,27,1,outros,ALVARES MACHADO,1
1,27,1,outros,AMERICO DE CAMPOS,1
1,27,1,outros,ANAPOLIS,12
1,27,1,outros,ANCHIETA,1
1,27,1,outros,APARECIDA DE GOIANIA,9
1,27,1,outros,APARECIDA DO TABOADO,2
1,27,1,outros,APIACAS,97
1,27,1,outros,AQUIDAUANA,1
1,27,1,outros,ARACATUBA,1
1,27,1,outros,ARAGARCAS,72
1,27,1,outros,ARAGUACEMA,1
1,27,1,outros,ARAGUAIANA,50
1,27,1,outros,ARAGUAINA,1
1,27,1,outros,ARAGUAINHA,14
1,27,1,outros,ARAPIRACA,1
1,27,1,outros,ARAPONGAS,2
1,27,1,outros,ARAPUTANGA,216
1,27,1,outros,ARARAS,1
1,27,1,outros,ARAUCARIA,3
1,27,1,outros,ARENAPOLIS,171
1,27,1,outros,ARIPUANA,211
1,27,1,outros,ARIQUEMES,4
1,27,1,outros,ASSIS,1
1,27,1,outros,BACABAL,1
1,27,1,outros,BADY BASSITT,1
1,27,1,outros,BALIZA,4
1,27,1,outros,BALNEARIO CAMBORIU,1
1,27,1,outros,BALSAMO,1
1,27,1,outros,BARAO DE GRAJAU,1
1,27,1,outros,BARAO DE MELGACO,95
1,27,1,outros,BARCARENA,1
1,27,1,outros,BARRA BONITA,1
1,27,1,outros,BARRA DO BUGRES,440
1,27,1,outros,BARRA DO GARCAS,974
1,27,1,outros,BARRA DO RIBEIRO,1
1,27,1,outros,BARRO DURO,1
1,27,1,outros,BAURU,5
1,27,1,outros,BELA VISTA DO PARAISO,1
1,27,1,outros,BELEM,1
1,27,1,outros,BELO HORIZONTE,2
1,27,1,outros,BOA VISTA DO BURICA,1
1,27,1,outros,BOCA DA MATA,1
1,27,1,outros,BOM DESPACHO,1
1,27,1,outros,BOM JARDIM,1
1,27,1,outros,BOM JARDIM DE GOIAS,14
1,27,1,outros,BOM JESUS DO ARAGUAIA,44
1,27,1,outros,BRAGANCA,1
1,27,1,outros,BRASILANDIA DE MINAS,1
1,27,1,outros,BRASILIA,4
1,27,1,outros,BRASNORTE,173
1,27,1,outros,BRITANIA,1
1,27,1,outros,BRUMADO,1
1,27,1,outros,BURITAMA,1
1,27,1,outros,BURITICUPU,1
1,27,1,outros,BURITIS,1
1,27,1,outros,CABIXI,1
1,27,1,outros,CACERES,1527
1,27,1,outros,CACOAL,18
1,27,1,outros,CACU,1
1,27,1,outros,CAIAPONIA,1
1,27,1,outros,CAMARAGIBE,1
1,27,1,outros,CAMPINAPOLIS,194
1,27,1,outros,CAMPINAS,2
1,27,1,outros,CAMPO ERE,1
1,27,1,outros,CAMPO GRANDE,29
1,27,1,outros,CAMPO MOURAO,2
1,27,1,outros,CAMPO NOVO DO PARECIS,299
1,27,1,outros,CAMPO VERDE,369
1,27,1,outros,CAMPOS DE JULIO,62
1,27,1,outros,CAMPOS NOVOS,1
1,27,1,outros,CANABRAVA DO NORTE,55
1,27,1,outros,CANARANA,230
1,27,1,outros,CANDELARIA,1
1,27,1,outros,CANOAS,1
1,27,1,outros,CANOINHAS,1
1,27,1,outros,CANTO DO BURITI,1
1,27,1,outros,CAPAO BONITO,1
1,27,1,outros,CAPITAO LEONIDAS MARQUES,1
1,27,1,outros,CARAMBEI,2
1,27,1,outros,CARAPICUIBA,2
1,27,1,outros,CARIACICA,1
1,27,1,outros,CARLINDA,160
1,27,1,outros,CARUARU,1
1,27,1,outros,CASCAVEL,5
1,27,1,outros,CASEARA,1
1,27,1,outros,CASTANHAL,1
1,27,1,outros,CASTANHEIRA,93
1,27,1,outros,CASTANHEIRAS,1
1,27,1,outros,CAVALCANTE,1
1,27,1,outros,CAXIAS,1
1,27,1,outros,CEDRAL,1
1,27,1,outros,CEREJEIRAS,8
1,27,1,outros,CHAPADA DOS GUIMARAES,296
1,27,1,outros,CHAPADINHA,1
1,27,1,outros,CHORROCHO,1
1,27,1,outros,CLAUDIA,122
1,27,1,outros,CLEVELANDIA,1
1,27,1,outros,COCALINHO,63
1,27,1,outros,COLATINA,1
1,27,1,outros,COLIDER,500
1,27,1,outros,COLINAS,1
1,27,1,outros,COLINAS DO TOCANTINS,1
1,27,1,outros,COLNIZA,245
1,27,1,outros,COLOMBO,1
1,27,1,outros,COLORADO DO OESTE,13
1,27,1,outros,COMODORO,228
1,27,1,outros,CONDOR,2
1,27,1,outros,CONFRESA,285
1,27,1,outros,CONQUISTA D OESTE,25
1,27,1,outros,CORONEL FREITAS,1
1,27,1,outros,CORUMBA,1
1,27,1,outros,CORUMBIARA,1
1,27,1,outros,COSMOPOLIS,1
1,27,1,outros,COSMORAMA,1
1,27,1,outros,COSTA MARQUES,1
1,27,1,outros,COTRIGUACU,108
1,27,1,outros,COXIM,2
1,27,1,outros,CRUZ MACHADO,1
1,27,1,outros,CRUZALTENSE,1
1,27,1,outros,CRUZEIRO DO OESTE,1
1,27,1,outros,CUIABA,9256
1,27,1,outros,CUNHA,1
1,27,1,outros,CURITIBA,10
1,27,1,outros,CURVELANDIA,81
1,27,1,outros,DENISE,86
1,27,1,outros,DIAMANTINO,236
1,27,1,outros,DOIS VIZINHOS,1
1,27,1,outros,DOM AQUINO,163
1,27,1,outros,DOURADOS,7
1,27,1,outros,DOUTOR MAURICIO CARDOSO,1
1,27,1,outros,DOVERLANDIA,3
1,27,1,outros,DRACENA,4
1,27,1,outros,ELDORADO DOS CARAJAS,1
1,27,1,outros,EPITACIOLANDIA,1
1,27,1,outros,ESPIGAO D OESTE,4
1,27,1,outros,ESPIGAO DOESTE,4
1,27,1,outros,ESTEIO,1
1,27,1,outros,FATIMA DO SUL,1
1,27,1,outros,FELIZ NATAL,92
1,27,1,outros,FERNANDOPOLIS,3
1,27,1,outros,FIGUEIROPOLIS D OESTE,47
1,27,1,outros,FLORIANO,1
1,27,1,outros,FLORIANOPOLIS,1
1,27,1,outros,FORMOSA DA SERRA NEGRA,1
1,27,1,outros,FOZ DO IGUACU,2
1,27,1,outros,FRANCA,1
1,27,1,outros,FRANCISCO BELTRAO,2
1,27,1,outros,FREDERICO WESTPHALEN,1
1,27,1,outros,GAUCHA DO NORTE,60
1,27,1,outros,GENERAL CARNEIRO,99
1,27,1,outros,GLORIA D OESTE,44
1,27,1,outros,GOIANIA,33
1,27,1,outros,GOIANIRA,1
1,27,1,outros,GOIATUBA,1
1,27,1,outros,GOVERNADOR JORGE TEIXEIRA,1
1,27,1,outros,GUAIRA,1
1,27,1,outros,GUAIRACA,1
1,27,1,outros,GUAPIARA,1
1,27,1,outros,GUARAITA,1
1,27,1,outros,GUARANTA DO NORTE,381
1,27,1,outros,GUARAPUAVA,1
1,27,1,outros,GUARAREMA,1
1,27,1,outros,GUARULHOS,2
1,27,1,outros,GUIRATINGA,269
1,27,1,outros,HIDROLANDIA,1
1,27,1,outros,HORTOLANDIA,1
1,27,1,outros,IACRI,1
1,27,1,outros,IBATE,1
1,27,1,outros,IGARAPE GRANDE,1
1,27,1,outros,IGUATEMI,1
1,27,1,outros,IMBAU,1
1,27,1,outros,INDIARA,1
1,27,1,outros,INDIAVAI,37
1,27,1,outros,INHUMAS,3
1,27,1,outros,IPIRANGA DO NORTE,29
1,27,1,outros,IPORA,4
1,27,1,outros,ITABERABA,1
1,27,1,outros,ITABERAI,2
1,27,1,outros,ITAITUBA,6
1,27,1,outros,ITAJA,1
1,27,1,outros,ITANHANGA,43
1,27,1,outros,ITAPEMA,1
1,27,1,outros,ITAUBA,81
1,27,1,outros,ITIQUIRA,106
1,27,1,outros,ITU,1
1,27,1,outros,ITUBERA,1
1,27,1,outros,ITUIUTABA,3
1,27,1,outros,ITUMBIARA,2
1,27,1,outros,ITURAMA,1
1,27,1,outros,ITUVERAVA,1
1,27,1,outros,IVATUBA,1
1,27,1,outros,IVINHEMA,1
1,27,1,outros,JACAREACANGA,1
1,27,1,outros,JACAREI,1
1,27,1,outros,JACIARA,393
1,27,1,outros,JANDAIA DO SUL,1
1,27,1,outros,JANGADA,103
1,27,1,outros,JARDIM DE PIRANHAS,1
1,27,1,outros,JARU,3
1,27,1,outros,JATAI,4
1,27,1,outros,JAU,1
1,27,1,outros,JAUPACI,1
1,27,1,outros,JAURU,165
1,27,1,outros,JI-PARANA,18
1,27,1,outros,JOAO PESSOA,1
1,27,1,outros,JOINVILLE,1
1,27,1,outros,JUARA,498
1,27,1,outros,JUINA,601
1,27,1,outros,JUNDIAI,1
1,27,1,outros,JURUENA,101
1,27,1,outros,JUSCIMEIRA,185
1,27,1,outros,LAGOA DA CONFUSAO,9
1,27,1,outros,LAGOA GRANDE DO MARANHAO,1
1,27,1,outros,LAGOA NOVA,1
1,27,1,outros,LAMBARI D OESTE,86
1,27,1,outros,LIDIANOPOLIS,1
1,27,1,outros,LIMA CAMPOS,1
1,27,1,outros,LIMEIRA,1
1,27,1,outros,LOBATO,1
1,27,1,outros,LONDRINA,4
1,27,1,outros,LUCAS DO RIO VERDE,490
1,27,1,outros,LUCIARA,30
1,27,1,outros,LUIS EDUARDO MAGALHAES,1
1,27,1,outros,MACAPA,1
1,27,1,outros,MACEIO,2
1,27,1,outros,MACHADINHO D OESTE,2
1,27,1,outros,MANAUS,1
1,27,1,outros,MANDAGUARI,1
1,27,1,outros,MARACAJU,1
1,27,1,outros,MARAVILHA,1
1,27,1,outros,MARCELANDIA,159
1,27,1,outros,MARECHAL CANDIDO RONDON,1
1,27,1,outros,MARIALVA,2
1,27,1,outros,MARILIA,1
1,27,1,outros,MARINGA,4
1,27,1,outros,MARTINOPOLIS,1
1,27,1,outros,MATRINCHA,1
1,27,1,outros,MATUPA,190
1,27,1,outros,MAURILANDIA,2
1,27,1,outros,MENDES PIMENTEL,1
1,27,1,outros,MESSIAS,1
1,27,1,outros,MINEIROS,4
1,27,1,outros,MIRA ESTRELA,1
1,27,1,outros,MIRANTE DA SERRA,1
1,27,1,outros,MIRASSOL D OESTE,406
1,27,1,outros,MISSAL,1
1,27,1,outros,MOEMA,1
1,27,1,outros,MONTE CASTELO,1
1,27,1,outros,MONTE NEGRO,1
1,27,1,outros,MONTES CLAROS DE GOIAS,2
1,27,1,outros,MOZARLANDIA,1
1,27,1,outros,MUNICIPIO IGNORADO-MS,1
1,27,1,outros,MUNICIPIO IGNORADO-MT,67
1,27,1,outros,MUNICIPIO IGNORADO-PA,2
1,27,1,outros,MUNICIPIO IGNORADO-PR,1
1,27,1,outros,MUNICIPIO IGNORADO-RO,3
1,27,1,outros,MUNICIPIO IGNORADO-TO,1
1,27,1,outros,NAVIRAI,2
1,27,1,outros,NOBRES,272
1,27,1,outros,NORTELANDIA,102
1,27,1,outros,NOSSA SENHORA DO LIVRAMENTO,155
1,27,1,outros,NOSSA SENHORA DOS REMEDIOS,1
1,27,1,outros,NOVA ANDRADINA,1
1,27,1,outros,NOVA BANDEIRANTES,148
1,27,1,outros,NOVA BRASILANDIA,85
1,27,1,outros,NOVA BRASILANDIA D OESTE,1
1,27,1,outros,NOVA CANAA DO NORTE,149
1,27,1,outros,NOVA GUARITA,49
1,27,1,outros,NOVA IGUACU,1
1,27,1,outros,NOVA LACERDA,62
1,27,1,outros,NOVA LONDRINA,1
1,27,1,outros,NOVA MARILANDIA,30
1,27,1,outros,NOVA MARINGA,58
1,27,1,outros,NOVA MONTE VERDE,85
1,27,1,outros,NOVA MUTUM,310
1,27,1,outros,NOVA NAZARE,33
1,27,1,outros,NOVA OLIMPIA,232
1,27,1,outros,NOVA OLINDA DO MARANHAO,1
1,27,1,outros,NOVA SANTA HELENA,41
1,27,1,outros,NOVA SANTA RITA,1
1,27,1,outros,NOVA UBIRATA,75
1,27,1,outros,NOVA VENEZA,2
1,27,1,outros,NOVA VICOSA,1
1,27,1,outros,NOVA XAVANTINA,272
1,27,1,outros,NOVO HORIZONTE DO NORTE,48
1,27,1,outros,NOVO MUNDO,72
1,27,1,outros,NOVO PROGRESSO,19
1,27,1,outros,NOVO SANTO ANTONIO,30
1,27,1,outros,NOVO SAO JOAQUIM,95
1,27,1,outros,OSASCO,1
1,27,1,outros,OURINHOS,1
1,27,1,outros,OURO PRETO DO OESTE,3
1,27,1,outros,PAICANDU,1
1,27,1,outros,PALMARES DO SUL,1
1,27,1,outros,PALOTINA,1
1,27,1,outros,PARAISO DO TOCANTINS,1
1,27,1,outros,PARANA,1
1,27,1,outros,PARANAIBA,1
1,27,1,outros,PARANAITA,134
1,27,1,outros,PARANAPANEMA,1
1,27,1,outros,PARANAPUA,1
1,27,1,outros,PARANATINGA,285
1,27,1,outros,PARANAVAI,5
1,27,1,outros,PARAPUA,1
1,27,1,outros,PATO BRANCO,1
1,27,1,outros,PATOS DE MINAS,2
1,27,1,outros,PEDRA PRETA,252
1,27,1,outros,PEDREIRA,1
1,27,1,outros,PEDRO GOMES,4
1,27,1,outros,PEIXOTO DE AZEVEDO,418
1,27,1,outros,PEREIRA BARRETO,1
1,27,1,outros,PIMENTA BUENO,5
1,27,1,outros,PINHEIRAL,1
1,27,1,outros,PIRACICABA,1
1,27,1,outros,PIRANGI,1
1,27,1,outros,PIRANHAS,6
1,27,1,outros,PIUM,1
1,27,1,outros,PLANALTO,1
1,27,1,outros,PLANALTO DA SERRA,37
1,27,1,outros,POCONE,605
1,27,1,outros,POMPEIA,2
1,27,1,outros,PONTA GROSSA,3
1,27,1,outros,PONTA PORA,3
1,27,1,outros,PONTAL DO ARAGUAIA,78
1,27,1,outros,PONTE BRANCA,31
1,27,1,outros,PONTES E LACERDA,616
1,27,1,outros,PORANGATU,1
1,27,1,outros,PORTELANDIA,1
1,27,1,outros,PORTO ALEGRE,2
1,27,1,outros,PORTO ALEGRE DO NORTE,123
1,27,1,outros,PORTO DOS GAUCHOS,75
1,27,1,outros,PORTO ESPERIDIAO,147
1,27,1,outros,PORTO ESTRELA,52
1,27,1,outros,PORTO VELHO,16
1,27,1,outros,POXOREO,346
1,27,1,outros,PRAINHA,1
1,27,1,outros,PRATA,1
1,27,1,outros,PRESIDENTE MEDICI,1
1,27,1,outros,PRESIDENTE PRUDENTE,7
1,27,1,outros,PRESIDENTE SARNEY,1
1,27,1,outros,PRESIDENTE VENCESLAU,1
1,27,1,outros,PRIMAVERA DE RONDONIA,1
1,27,1,outros,PRIMAVERA DO LESTE,640
1,27,1,outros,PROMISSAO,1
1,27,1,outros,QUERENCIA,141
1,27,1,outros,QUIRINOPOLIS,1
1,27,1,outros,QUIXELO,1
1,27,1,outros,REDENCAO,1
1,27,1,outros,RESERVA DO CABACAL,33
1,27,1,outros,RIANAPOLIS,1
1,27,1,outros,RIBEIRAO CASCALHEIRA,131
1,27,1,outros,RIBEIRAO PRETO,2
1,27,1,outros,RIBEIRAOZINHO,24
1,27,1,outros,RIO BRANCO,93
1,27,1,outros,RIO DE JANEIRO,1
1,27,1,outros,RIO NEGRINHO,1
1,27,1,outros,RIO VERDE,9
1,27,1,outros,ROLANDIA,1
1,27,1,outros,ROLIM DE MOURA,13
1,27,1,outros,RONDOLANDIA,19
1,27,1,outros,RONDONOPOLIS,3185
1,27,1,outros,ROSARIO OESTE,288
1,27,1,outros,SALTO DO CEU,67
1,27,1,outros,SANTA ALBERTINA,1
1,27,1,outros,SANTA CARMEM,40
1,27,1,outros,SANTA CRUZ DE MONTE CASTELO,1
1,27,1,outros,SANTA CRUZ DO XINGU,27
1,27,1,outros,SANTA FE DE GOIAS,1
1,27,1,outros,SANTA HELENA,1
1,27,1,outros,SANTA HELENA DE GOIAS,1
1,27,1,outros,SANTA RITA,1
1,27,1,outros,SANTA RITA DO ARAGUAIA,41
1,27,1,outros,SANTA RITA DO TRIVELATO,18
1,27,1,outros,SANTA TEREZINHA,85
1,27,1,outros,SANTA TEREZINHA DE GOIAS,1
1,27,1,outros,SANTA TEREZINHA DE ITAIPU,1
1,27,1,outros,SANTANA DO ARAGUAIA,5
1,27,1,outros,SANTAREM,5
1,27,1,outros,SANTO AFONSO,41
1,27,1,outros,SANTO ANDRE,1
1,27,1,outros,SANTO ANTONIO DE POSSE,1
1,27,1,outros,SANTO ANTONIO DO LESTE,33
1,27,1,outros,SANTO ANTONIO DO LEVERGER,265
1,27,1,outros,SANTO INACIO,1
1,27,1,outros,SAO BERNARDO DO CAMPO,1
1,27,1,outros,SAO CARLOS,1
1,27,1,outros,SAO FELIX DO ARAGUAIA,122
1,27,1,outros,SAO FRANCISCO DO GUAPORE,1
1,27,1,outros,SAO GABRIEL DO OESTE,2
1,27,1,outros,SAO GERALDO DO ARAGUAIA,1
1,27,1,outros,SAO JOAO DO SOTER,1
1,27,1,outros,SAO JOAO DOS PATOS,1
1,27,1,outros,SAO JOAQUIM DA BARRA,1
1,27,1,outros,SAO JOSE DO POVO,52
1,27,1,outros,SAO JOSE DO RIO CLARO,198
1,27,1,outros,SAO JOSE DO RIO PARDO,1
1,27,1,outros,SAO JOSE DO RIO PRETO,4
1,27,1,outros,SAO JOSE DO XINGU,58
1,27,1,outros,SAO JOSE DOS QUATRO MARCOS,317
1,27,1,outros,SAO LOURENCO,1
1,27,1,outros,SAO LOURENCO DO OESTE,1
1,27,1,outros,SAO LUIS DE MONTES BELOS,3
1,27,1,outros,SAO LUIS GONZAGA DO MARANHAO,1
1,27,1,outros,SAO MIGUEL DO ARAGUAIA,1
1,27,1,outros,SAO MIGUEL DO GUAPORE,1
1,27,1,outros,SAO PAULO,16
1,27,1,outros,SAO PEDRO DA CIPA,63
1,27,1,outros,SAO SEBASTIAO,1
1,27,1,outros,SAO SIMAO,1
1,27,1,outros,SAPEZAL,150
1,27,1,outros,SERINGUEIRAS,1
1,27,1,outros,SERRA,3
1,27,1,outros,SERRA NOVA DOURADA,7
1,27,1,outros,SERTAOZINHO,1
1,27,1,outros,SEVERIANO DE ALMEIDA,1
1,27,1,outros,SIDROLANDIA,1
1,27,1,outros,SILVANOPOLIS,1
1,27,1,outros,SINOP,1425
1,27,1,outros,SOBRADINHO,1
1,27,1,outros,SONORA,23
1,27,1,outros,SOROCABA,3
1,27,1,outros,SORRISO,784
1,27,1,outros,SUMARE,2
1,27,1,outros,TABAPORA,105
1,27,1,outros,TANGARA DA SERRA,1169
1,27,1,outros,TAPURAH,142
1,27,1,outros,TAUBATE,2
1,27,1,outros,TERENOS,1
1,27,1,outros,TERESINA,1
1,27,1,outros,TEREZOPOLIS DE GOIAS,1
1,27,1,outros,TERRA NOVA DO NORTE,177
1,27,1,outros,TERRA ROXA,1
1,27,1,outros,TESOURO,48
1,27,1,outros,THEOBROMA,2
1,27,1,outros,TIO HUGO,1
1,27,1,outros,TOLEDO,4
1,27,1,outros,TORIXOREU,78
1,27,1,outros,TRES LAGOAS,1
1,27,1,outros,TRES MARIAS,2
1,27,1,outros,TREZE TILIAS,1
1,27,1,outros,TRINDADE,1
1,27,1,outros,TUBARAO,1
1,27,1,outros,TUNTUM,1
1,27,1,outros,TUPA,1
1,27,1,outros,UBARANA,1
1,27,1,outros,UBERABA,5
1,27,1,outros,UBERLANDIA,5
1,27,1,outros,UMUARAMA,2
1,27,1,outros,UNIAO DO SUL,34
1,27,1,outros,URUGUAIANA,1
1,27,1,outros,URUPA,1
1,27,1,outros,VALE DE SAO DOMINGOS,32
1,27,1,outros,VALE DO ANARI,1
1,27,1,outros,VARZEA GRANDE,4176
1,27,1,outros,VARZEA NOVA,1
1,27,1,outros,VERA,125
1,27,1,outros,VICENTE DUTRA,1
1,27,1,outros,VILA BELA DA S TRINDADE,175
1,27,1,outros,VILA RICA,216
1,27,1,outros,VILHENA,51
1,27,1,outros,VITORIA DO MEARIM,1
1,27,1,outros,VOTORANTIM,1
1,27,1,outros,VOTUPORANGA,1
1,27,1,outros,XANXERE,2
1,27,1,outros,XINGUARA,1
1,27,1,tuberculose,ALTA FLORESTA,7
1,27,1,tuberculose,ALTO ALEGRE DOS PARECIS,1
1,27,1,tuberculose,ALTO ARAGUAIA,2
1,27,1,tuberculose,ALTO PARAGUAI,1
1,27,1,tuberculose,APIACAS,1
1,27,1,tuberculose,ARAGARCAS,1
1,27,1,tuberculose,ARAPUTANGA,3
1,27,1,tuberculose,ARENAPOLIS,1
1,27,1,tuberculose,ARIPUANA,2
1,27,1,tuberculose,BARRA DO BUGRES,3
1,27,1,tuberculose,BARRA DO GARCAS,3
1,27,1,tuberculose,BRASNORTE,1
1,27,1,tuberculose,CACERES,15
1,27,1,tuberculose,CAMPO VERDE,2
1,27,1,tuberculose,CANARANA,1
1,27,1,tuberculose,CHAPADA DOS GUIMARAES,3
1,27,1,tuberculose,COLIDER,4
1,27,1,tuberculose,COLNIZA,1
1,27,1,tuberculose,COMODORO,1
1,27,1,tuberculose,CUIABA,67
1,27,1,tuberculose,DIAMANTINO,1
1,27,1,tuberculose,FELIZ NATAL,1
1,27,1,tuberculose,GENERAL CARNEIRO,1
1,27,1,tuberculose,GUIRATINGA,3
1,27,1,tuberculose,ITAJUBA,1
1,27,1,tuberculose,ITIQUIRA,1
1,27,1,tuberculose,JANGADA,4
1,27,1,tuberculose,JAURU,2
1,27,1,tuberculose,JUARA,1
1,27,1,tuberculose,JUINA,2
1,27,1,tuberculose,JURUENA,1
1,27,1,tuberculose,JUSCIMEIRA,1
1,27,1,tuberculose,MIRASSOL D OESTE,3
1,27,1,tuberculose,MUNICIPIO IGNORADO-RO,1
1,27,1,tuberculose,NOSSA SENHORA DO LIVRAMENTO,4
1,27,1,tuberculose,NOVA BANDEIRANTES,2
1,27,1,tuberculose,NOVA CANAA DO NORTE,1
1,27,1,tuberculose,NOVA NAZARE,1
1,27,1,tuberculose,NOVO SAO JOAQUIM,3
1,27,1,tuberculose,PARANATINGA,4
1,27,1,tuberculose,PEIXOTO DE AZEVEDO,3
1,27,1,tuberculose,PIMENTA BUENO,1
1,27,1,tuberculose,POCONE,3
1,27,1,tuberculose,PONTES E LACERDA,3
1,27,1,tuberculose,PORTO ESPERIDIAO,1
1,27,1,tuberculose,QUERENCIA,1
1,27,1,tuberculose,RONDONOPOLIS,15
1,27,1,tuberculose,ROSARIO OESTE,4
1,27,1,tuberculose,SALTO DO CEU,2
1,27,1,tuberculose,SANTA TEREZINHA,2
1,27,1,tuberculose,SANTO ANTONIO DO LEVERGER,2
1,27,1,tuberculose,SAO JOSE DO RIO CLARO,1
1,27,1,tuberculose,SINOP,3
1,27,1,tuberculose,SORRISO,7
1,27,1,tuberculose,TANGARA DA SERRA,3
1,27,1,tuberculose,TERRA NOVA DO NORTE,1
1,27,1,tuberculose,TESOURO,1
1,27,1,tuberculose,VARZEA GRANDE,32
1,27,1,tuberculose,VILA BELA DA S TRINDADE,3
1,45,1,dengue,BARRA DO GARCAS,1
1,45,1,dengue,CACERES,1
1,45,1,dengue,COLIDER,1
1,45,1,dengue,COLNIZA,1
1,45,1,dengue,CUIABA,1
1,45,1,dengue,GUARANTA DO NORTE,1
1,45,1,dengue,JACIARA,1
1,45,1,dengue,JUARA,1
1,45,1,dengue,MIRASSOL D OESTE,1
1,45,1,dengue,PEDRA PRETA,1
1,45,1,dengue,PONTAL DO ARAGUAIA,1
1,45,1,dengue,RONDONOPOLIS,1
1,45,1,dengue,SINOP,2
1,45,1,dengue,TORIXOREU,1
1,45,1,dengue,VARZEA GRANDE,1
1,45,1,hepatite_a,CUIABA,4
1,45,1,hepatite_a,GUARANTA DO NORTE,1
1,45,1,hepatite_a,JURUENA,1
1,45,1,hepatite_a,MARCELANDIA,1
1,45,1,hepatite_a,MIRASSOL D OESTE,1
1,45,1,hepatite_a,NOVA BANDEIRANTES,1
1,45,1,hepatite_a,NOVA MONTE VERDE,1
1,45,1,hepatite_a,PEIXOTO DE AZEVEDO,2
1,45,1,hepatite_a,RESERVA DO CABACAL,1
1,45,1,hepatite_a,RONDONOPOLIS,3
1,45,1,hepatite_a,SAO FELIX DO ARAGUAIA,1
1,45,1,hepatite_a,SINOP,1
1,45,1,hepatite_a,TERRA NOVA DO NORTE,1
1,45,1,hepatite_a,VARZEA GRANDE,2
1,45,1,hepatite_c_hcv,ALTA FLORESTA,1
1,45,1,hepatite_c_hcv,ARAGARCAS,1
1,45,1,hepatite_c_hcv,CONFRESA,1
1,45,1,hepatite_c_hcv,COTRIGUACU,1
1,45,1,hepatite_c_hcv,JUARA,1
1,45,1,hepatite_c_hcv,PARANAITA,1
1,45,1,hepatite_c_hcv,PEIXOTO DE AZEVEDO,1
1,45,1,hepatite_c_hcv,VARZEA GRANDE,2
1,45,1,meningite,*IGNORADO,2
1,45,1,meningite,ACORIZAL,1
1,45,1,meningite,ALTA FLORESTA,1
1,45,1,meningite,ARIPUANA,1
1,45,1,meningite,BARRA DO BUGRES,1
1,45,1,meningite,CACERES,5
1,45,1,meningite,CAMPOS DE JULIO,1
1,45,1,meningite,CHAPADA DOS GUIMARAES,1
1,45,1,meningite,CUIABA,11
1,45,1,meningite,FELIZ NATAL,1
1,45,1,meningite,GUARANTA DO NORTE,2
1,45,1,meningite,GUIRATINGA,1
1,45,1,meningite,MIRASSOL D OESTE,1
1,45,1,meningite,NOBRES,1
1,45,1,meningite,NOSSA SENHORA DO LIVRAMENTO,1
1,45,1,meningite,NOVA OLIMPIA,1
1,45,1,meningite,NOVO MUNDO,1
1,45,1,meningite,NOVO PROGRESSO,1
1,45,1,meningite,PARANATINGA,1
1,45,1,meningite,PEDRA PRETA,1
1,45,1,meningite,POCONE,1
1,45,1,meningite,PORTO DOS GAUCHOS,1
1,45,1,meningite,PRESIDENTE MEDICI,1
1,45,1,meningite,PRIMAVERA DO LESTE,1
1,45,1,meningite,RONDONOPOLIS,4
1,45,1,meningite,SANTA RITA DO ARAGUAIA,1
1,45,1,meningite,SENADOR LA ROCQUE,1
1,45,1,meningite,SINOP,2
1,45,1,meningite,SORRISO,2
1,45,1,meningite,TANGARA DA SERRA,3
1,45,1,meningite,VARZEA GRANDE,5
1,45,1,outros,,42
1,45,1,outros,*EM BRANCO,1
1,45,1,outros,*IGNORADO,30
1,45,1,outros,ABAETE,1
1,45,1,outros,ACOPIARA,1
1,45,1,outros,ACORIZAL,71
1,45,1,outros,ACREUNA,3
1,45,1,outros,ADELANDIA,1
1,45,1,outros,AGUA BOA,214
1,45,1,outros,ALEGRETE,1
1,45,1,outros,ALFENAS,1
1,45,1,outros,ALTA FLORESTA,638
1,45,1,outros,ALTAMIRA,16
1,45,1,outros,ALTO ALEGRE DO MARANHAO,1
1,45,1,outros,ALTO ARAGUAIA,191
1,45,1,outros,ALTO BOA VISTA,53
1,45,1,outros,ALTO GARCAS,128
1,45,1,outros,ALTO PARAGUAI,101
1,45,1,outros,ALTO PIQUIRI,1
1,45,1,outros,ALTO TAQUARI,67
1,45,1,outros,ALVORADA D OESTE,2
1,45,1,outros,ALVORADA DO SUL,1
1,45,1,outros,AMERICO BRASILIENSE,1
1,45,1,outros,ANANAS,1
1,45,1,outros,ANAPOLIS,5
1,45,1,outros,ANDRADINA,3
1,45,1,outros,APARECIDA DE GOIANIA,3
1,45,1,outros,APIACAS,70
1,45,1,outros,APIUNA,1
1,45,1,outros,ARACAJU,1
1,45,1,outros,ARACATUBA,1
1,45,1,outros,ARAGARCAS,57
1,45,1,outros,ARAGOIANIA,1
1,45,1,outros,ARAGUAIANA,30
1,45,1,outros,ARAGUAINHA,13
1,45,1,outros,ARAGUARI,1
1,45,1,outros,ARAPUTANGA,187
1,45,1,outros,ARENAPOLIS,161
1,45,1,outros,ARENOPOLIS,1
1,45,1,outros,ARIPUANA,171
1,45,1,outros,ARIQUEMES,1
1,45,1,outros,ARUANA,3
1,45,1,outros,ASTORGA,1
1,45,1,outros,AURIFLAMA,1
1,45,1,outros,AVANHANDAVA,1
1,45,1,outros,BACABAL,2
1,45,1,outros,BADY BASSITT,1
1,45,1,outros,BALIZA,11
1,45,1,outros,BALNEARIO BARRA DO SUL,1
1,45,1,outros,BALNEARIO CAMBORIU,1
1,45,1,outros,BARAO DE MELGACO,74
1,45,1,outros,BARRA DE SAO FRANCISCO,1
1,45,1,outros,BARRA DO BUGRES,373
1,45,1,outros,BARRA DO CORDA,2
1,45,1,outros,BARRA DO GARCAS,850
1,45,1,outros,BARRETOS,1
1,45,1,outros,BARUERI,1
1,45,1,outros,BAURU,1
1,45,1,outros,BEBEDOURO,1
1,45,1,outros,BELA VISTA,2
1,45,1,outros,BELA VISTA DE GOIAS,1
1,45,1,outros,BELEM,2
1,45,1,outros,BELO HORIZONTE,1
1,45,1,outros,BLUMENAU,1
1,45,1,outros,BOA VISTA,1
1,45,1,outros,BOCAINA,1
1,45,1,outros,BOM JARDIM DE GOIAS,8
1,45,1,outros,BOM JESUS DE GOIAS,1
1,45,1,outros,BOM JESUS DO ARAGUAIA,41
1,45,1,outros,BRASNORTE,168
1,45,1,outros,BRITANIA,1
1,45,1,outros,BURITICUPU,1
1,45,1,outros,BURITIS,2
1,45,1,outros,CABIXI,2
1,45,1,outros,CABREUVA,1
1,45,1,outros,CACERES,1424
1,45,1,outros,CACOAL,12
1,45,1,outros,CACU,1
1,45,1,outros,CAFELANDIA,1
1,45,1,outros,CAIAPONIA,2
1,45,1,outros,CAIEIRAS,1
1,45,1,outros,CALDAS NOVAS,1
1,45,1,outros,CAMPINAPOLIS,173
1,45,1,outros,CAMPINAS,2
1,45,1,outros,CAMPO ERE,1
1,45,1,outros,CAMPO GRANDE,21
1,45,1,outros,CAMPO LIMPO PAULISTA,1
1,45,1,outros,CAMPO NOVO DE RONDONIA,2
1,45,1,outros,CAMPO NOVO DO PARECIS,277
1,45,1,outros,CAMPO VERDE,319
1,45,1,outros,CAMPOS DE JULIO,44
1,45,1,outros,CANAA DOS CARAJAS,1
1,45,1,outros,CANABRAVA DO NORTE,38
1,45,1,outros,CANARANA,200
1,45,1,outros,CAPANEMA,1
1,45,1,outros,CAPITAO LEONIDAS MARQUES,1
1,45,1,outros,CARAGUATATUBA,1
1,45,1,outros,CARAUBAS DO PIAUI,1
1,45,1,outros,CARDOSO,1
1,45,1,outros,CARLINDA,147
1,45,1,outros,CASCAVEL,4
1,45,1,outros,CASSILANDIA,4
1,45,1,outros,CASTANHEIRA,78
1,45,1,outros,CASTANHEIRAS,1
1,45,1,outros,CASTRO,1
1,45,1,outros,CATALAO,1
1,45,1,outros,CAXIAS,1
1,45,1,outros,CEREJEIRAS,6
1,45,1,outros,CHAPADA DOS GUIMARAES,204
1,45,1,outros,CHAPADAO DO SUL,1
1,45,1,outros,CHAPECO,2
1,45,1,outros,CIANORTE,1
1,45,1,outros,CLAUDIA,104
1,45,1,outros,COCALINHO,58
1,45,1,outros,COLIDER,438
1,45,1,outros,COLINA,1
1,45,1,outros,COLNIZA,220
1,45,1,outros,COLORADO,3
1,45,1,outros,COLORADO DO OESTE,12
1,45,1,outros,COMODORO,220
1,45,1,outros,CONCHAL,1
1,45,1,outros,CONFRESA,249
1,45,1,outros,CONQUISTA D OESTE,26
1,45,1,outros,CORNELIO PROCOPIO,1
1,45,1,outros,CORONEL SAPUCAIA,1
1,45,1,outros,CORUMBA,3
1,45,1,outros,CORUMBIARA,2
1,45,1,outros,COSMORAMA,2
1,45,1,outros,COSTA RICA,3
1,45,1,outros,COTRIGUACU,90
1,45,1,outros,CUIABA,7863
1,45,1,outros,CURIONOPOLIS,1
1,45,1,outros,CURITIBA,2
1,45,1,outros,CURRAIS NOVOS,1
1,45,1,outros,CURVELANDIA,54
1,45,1,outros,DENISE,90
1,45,1,outros,DIADEMA,2
1,45,1,outros,DIAMANTINO,259
1,45,1,outros,DOIS IRMAOS DO TOCANTINS,1
1,45,1,outros,DOIS RIACHOS,1
1,45,1,outros,DOM AQUINO,129
1,45,1,outros,DOURADOS,2
1,45,1,outros,DOVERLANDIA,2
1,45,1,outros,DRACENA,2
1,45,1,outros,DUARTINA,1
1,45,1,outros,ENGENHEIRO BELTRAO,2
1,45,1,outros,EREBANGO,1
1,45,1,outros,ESPIGAO D OESTE,2
1,45,1,outros,ESPIGAO DOESTE,4
1,45,1,outros,ESTEIO,1
1,45,1,outros,ESTRELA D OESTE,1
1,45,1,outros,FAINA,1
1,45,1,outros,FAXINAL DOS GUEDES,1
1,45,1,outros,FAZENDA NOVA,1
1,45,1,outros,FELIZ,1
1,45,1,outros,FELIZ NATAL,88
1,45,1,outros,FERNANDES TOURINHO,1
1,45,1,outros,FERNANDOPOLIS,2
1,45,1,outros,FIGUEIROPOLIS D OESTE,57
1,45,1,outros,FORMOSA,1
1,45,1,outros,FORMOSA DA SERRA NEGRA,1
1,45,1,outros,FORMOSO DO ARAGUAIA,3
1,45,1,outros,FOZ DO IGUACU,1
1,45,1,outros,FRANCISCO BELTRAO,2
1,45,1,outros,FRONTEIRA,1
1,45,1,outros,GAUCHA DO NORTE,45
1,45,1,outros,GENERAL CARNEIRO,83
1,45,1,outros,GLORIA D OESTE,50
1,45,1,outros,GOIANIA,16
1,45,1,outros,GOVERNADOR EDISON LOBAO,1
1,45,1,outros,GOVERNADOR EUGENIO BARROS,1
1,45,1,outros,GOVERNADOR JORGE TEIXEIRA,1
1,45,1,outros,GOVERNADOR NUNES FREIRE,2
1,45,1,outros,GOVERNADOR VALADARES,1
1,45,1,outros,GRACA ARANHA,2
1,45,1,outros,GRANJA,1
1,45,1,outros,GRAVATA,1
1,45,1,outros,GUAJARA-MIRIM,1
1,45,1,outros,GUARANI DAS MISSOES,1
1,45,1,outros,GUARANIACU,1
1,45,1,outros,GUARANTA DO NORTE,342
1,45,1,outros,GUARDA-MOR,1
1,45,1,outros,GUIRATINGA,197
1,45,1,outros,HIDROLANDIA,1
1,45,1,outros,IBATEGUARA,1
1,45,1,outros,IBITITA,1
1,45,1,outros,IGARAPE GRANDE,1
1,45,1,outros,ILHA SOLTEIRA,2
1,45,1,outros,IMPERATRIZ,3
1,45,1,outros,INDAIAL,1
1,45,1,outros,INDIAVAI,37
1,45,1,outros,IPIRANGA DO NORTE,36
1,45,1,outros,IPORA,2
1,45,1,outros,ITABERAI,1
1,45,1,outros,ITAGIBA,1
1,45,1,outros,ITAITUBA,2
1,45,1,outros,ITAJA,1
1,45,1,outros,ITAMARAJU,1
1,45,1,outros,ITAMBACURI,1
1,45,1,outros,ITANHANGA,43
1,45,1,outros,ITAPECERICA DA SERRA,1
1,45,1,outros,ITAPEMA,2
1,45,1,outros,ITAPIRAPUA,1
1,45,1,outros,ITAPUA DO OESTE,2
1,45,1,outros,ITARUMA,1
1,45,1,outros,ITAUBA,60
1,45,1,outros,ITAUNA DO SUL,1
1,45,1,outros,ITIQUIRA,114
1,45,1,outros,ITU,1
1,45,1,outros,ITUMBIARA,3
1,45,1,outros,ITURAMA,1
1,45,1,outros,JACAREACANGA,2
1,45,1,outros,JACIARA,366
1,45,1,outros,JALES,1
1,45,1,outros,JANDAIA DO SUL,1
1,45,1,outros,JANGADA,108
1,45,1,outros,JARAGUA DO SUL,1
1,45,1,outros,JARAGUARI,1
1,45,1,outros,JARDINOPOLIS,1
1,45,1,outros,JATAI,6
1,45,1,outros,JAU,1
1,45,1,outros,JAURU,138
1,45,1,outros,JEQUITIBA,1
1,45,1,outros,JI-PARANA,11
1,45,1,outros,JOAQUIM GOMES,1
1,45,1,outros,JOSELANDIA,1
1,45,1,outros,JUARA,420
1,45,1,outros,JUINA,509
1,45,1,outros,JUIZ DE FORA,1
1,45,1,outros,JURUENA,69
1,45,1,outros,JUSCIMEIRA,155
1,45,1,outros,JUSSARA,4
1,45,1,outros,LAGO DA PEDRA,1
1,45,1,outros,LAGOA DA CONFUSAO,24
1,45,1,outros,LAGOA GRANDE DO MARANHAO,1
1,45,1,outros,LAMBARI D OESTE,55
1,45,1,outros,LARANJAL DO JARI,1
1,45,1,outros,LIVRAMENTO,1
1,45,1,outros,LONDRINA,2
1,45,1,outros,LUCAS DO RIO VERDE,355
1,45,1,outros,LUCIARA,31
1,45,1,outros,LUIS EDUARDO MAGALHAES,1
1,45,1,outros,MACEDONIA,1
1,45,1,outros,MACHADINHO D OESTE,3
1,45,1,outros,MADRE DE DEUS,1
1,45,1,outros,MANAUS,2
1,45,1,outros,MANDAGUACU,1
1,45,1,outros,MARABA,1
1,45,1,outros,MARACACUME,1
1,45,1,outros,MARACAS,1
1,45,1,outros,MARANHAOZINHO,1
1,45,1,outros,MARCELANDIA,131
1,45,1,outros,MARIBONDO,1
1,45,1,outros,MARINGA,3
1,45,1,outros,MARMELEIRO,1
1,45,1,outros,MARTINOPOLIS,1
1,45,1,outros,MATO RICO,1
1,45,1,outros,MATUPA,183
1,45,1,outros,MEDICILANDIA,1
1,45,1,outros,MIGUELOPOLIS,1
1,45,1,outros,MINEIROS,2
1,45,1,outros,MIRANDA,1
1,45,1,outros,MIRANDOPOLIS,1
1,45,1,outros,MIRANORTE,1
1,45,1,outros,MIRASSOL D OESTE,394
1,45,1,outros,MONTE ALEGRE DE SERGIPE,1
1,45,1,outros,MONTE BELO DO SUL,1
1,45,1,outros,MONTE NEGRO,1
1,45,1,outros,MONTES ALTOS,1
1,45,1,outros,MONTES CLAROS DE GOIAS,3
1,45,1,outros,MUNICIPIO IGNORADO-MS,1
1,45,1,outros,MUNICIPIO IGNORADO-MT,47
1,45,1,outros,MUNICIPIO IGNORADO-PA,1
1,45,1,outros,MUNICIPIO IGNORADO-RO,1
1,45,1,outros,NAVIRAI,1
1,45,1,outros,NIQUELANDIA,1
1,45,1,outros,NOBRES,246
1,45,1,outros,NORTELANDIA,112
1,45,1,outros,NOSSA SENHORA DO LIVRAMENTO,155
1,45,1,outros,NOVA ANDRADINA,2
1,45,1,outros,NOVA BANDEIRANTES,106
1,45,1,outros,NOVA BRASILANDIA,67
1,45,1,outros,NOVA BRASILANDIA D OESTE,1
1,45,1,outros,NOVA CANAA DO NORTE,131
1,45,1,outros,NOVA GUARITA,52
1,45,1,outros,NOVA LACERDA,58
1,45,1,outros,NOVA LONDRINA,2
1,45,1,outros,NOVA MARILANDIA,37
1,45,1,outros,NOVA MARINGA,58
1,45,1,outros,NOVA MONTE VERDE,62
1,45,1,outros,NOVA MUTUM,255
1,45,1,outros,NOVA NAZARE,21
1,45,1,outros,NOVA OLIMPIA,171
1,45,1,outros,NOVA SANTA HELENA,33
1,45,1,outros,NOVA UBIRATA,59
1,45,1,outros,NOVA XAVANTINA,234
1,45,1,outros,NOVO ACORDO,1
1,45,1,outros,NOVO HORIZONTE,3
1,45,1,outros,NOVO HORIZONTE DO NORTE,45
1,45,1,outros,NOVO MUNDO,55
1,45,1,outros,NOVO PROGRESSO,6
1,45,1,outros,NOVO REPARTIMENTO,1
1,45,1,outros,NOVO SANTO ANTONIO,20
1,45,1,outros,NOVO SAO JOAQUIM,100
1,45,1,outros,OLIMPIA,1
1,45,1,outros,ORIENTE,1
1,45,1,outros,OSVALDO CRUZ,1
1,45,1,outros,PACAEMBU,3
1,45,1,outros,PALMEIRA DOESTE,1
1,45,1,outros,PALOTINA,1
1,45,1,outros,PARA DE MINAS,1
1,45,1,outros,PARAISO DO NORTE,1
1,45,1,outros,PARANAGUA,1
1,45,1,outros,PARANAIGUARA,1
1,45,1,outros,PARANAITA,142
1,45,1,outros,PARANATINGA,237
1,45,1,outros,PAROBE,1
1,45,1,outros,PASSO DE TORRES,1
1,45,1,outros,PASSOS,1
1,45,1,outros,PAULO AFONSO,1
1,45,1,outros,PEDRA PRETA,247
1,45,1,outros,PEDRO DO ROSARIO,1
1,45,1,outros,PEDRO GOMES,1
1,45,1,outros,PEIXOTO DE AZEVEDO,389
1,45,1,outros,PENEDO,1
1,45,1,outros,PEREIRA BARRETO,2
1,45,1,outros,PEROLA D OESTE,1
1,45,1,outros,PIMENTA BUENO,2
1,45,1,outros,PINHALZINHO,1
1,45,1,outros,PIRACANJUBA,1
1,45,1,outros,PIRANHAS,1
1,45,1,outros,PIRAPOZINHO,1
1,45,1,outros,PLANALTO DA SERRA,33
1,45,1,outros,POCONE,471
1,45,1,outros,POLONI,1
1,45,1,outros,PONTA GROSSA,1
1,45,1,outros,PONTA PORA,1
1,45,1,outros,PONTAL DO ARAGUAIA,51
1,45,1,outros,PONTE BRANCA,27
1,45,1,outros,PONTES E LACERDA,576
1,45,1,outros,PORANGABA,1
1,45,1,outros,PORTO ALEGRE DO NORTE,104
1,45,1,outros,PORTO DOS GAUCHOS,60
1,45,1,outros,PORTO ESPERIDIAO,123
1,45,1,outros,PORTO ESTRELA,49
1,45,1,outros,PORTO FRANCO,1
1,45,1,outros,PORTO GRANDE,1
1,45,1,outros,PORTO NACIONAL,1
1,45,1,outros,PORTO SEGURO,1
1,45,1,outros,PORTO VELHO,10
1,45,1,outros,POTE,1
1,45,1,outros,POXOREO,286
1,45,1,outros,PRESIDENTE MEDICI,2
1,45,1,outros,PRESIDENTE PRUDENTE,2
1,45,1,outros,PRESIDENTE VENCESLAU,1
1,45,1,outros,PRIMAVERA DO LESTE,570
1,45,1,outros,PROMISSAO,1
1,45,1,outros,QUERENCIA,122
1,45,1,outros,REDENCAO,1
1,45,1,outros,RESERVA DO CABACAL,32
1,45,1,outros,RIACHUELO,1
1,45,1,outros,RIBEIRAO CASCALHEIRA,111
1,45,1,outros,RIBEIRAOZINHO,32
1,45,1,outros,RIO BRANCO,94
1,45,1,outros,RIO BRILHANTE,1
1,45,1,outros,RIO CLARO,1
1,45,1,outros,RIO DO SUL,1
1,45,1,outros,RIO VERDE,1
1,45,1,outros,RIO VERDE DE MATO GROSSO,1
1,45,1,outros,ROLIM DE MOURA,6
1,45,1,outros,RONDOLANDIA,17
1,45,1,outros,RONDONOPOLIS,2801
1,45,1,outros,ROSARIO OESTE,272
1,45,1,outros,RUSSAS,1
1,45,1,outros,SABOEIRO,1
1,45,1,outros,SALTO DO CEU,61
1,45,1,outros,SANDOLANDIA,1
1,45,1,outros,SANGAO,1
1,45,1,outros,SANTA CARMEM,54
1,45,1,outros,SANTA CRUZ DO RIO PARDO,1
1,45,1,outros,SANTA CRUZ DO XINGU,16
1,45,1,outros,SANTA FE DO SUL,4
1,45,1,outros,SANTA HELENA,1
1,45,1,outros,SANTA HELENA DE GOIAS,1
1,45,1,outros,SANTA LUZIA D OESTE,2
1,45,1,outros,SANTA LUZIA DO PARUA,1
1,45,1,outros,SANTA LUZIA DOESTE,1
1,45,1,outros,SANTA MARIA DAS BARREIRAS,1
1,45,1,outros,SANTA RITA DO ARAGUAIA,26
1,45,1,outros,SANTA RITA DO TRIVELATO,20
1,45,1,outros,SANTA TERESA,1
1,45,1,outros,SANTA TEREZINHA,85
1,45,1,outros,SANTA TEREZINHA DE GOIAS,1
1,45,1,outros,SANTANA DO ARAGUAIA,2
1,45,1,outros,SANTAREM,2
1,45,1,outros,SANTO AFONSO,39
1,45,1,outros,SANTO ANGELO,1
1,45,1,outros,SANTO ANTONIO DA PLATINA,1
1,45,1,outros,SANTO ANTONIO DO LESTE,35
1,45,1,outros,SANTO ANTONIO DO LEVERGER,255
1,45,1,outros,SAO BERNARDO DO CAMPO,1
1,45,1,outros,SAO FELIPE D OESTE,1
1,45,1,outros,SAO FELIX DO ARAGUAIA,109
1,45,1,outros,SAO FRANCISCO DO CONDE,2
1,45,1,outros,SAO GABRIEL DO OESTE,3
1,45,1,outros,SAO GONCALO DO PARA,1
1,45,1,outros,SAO JOAO DOS PATOS,1
1,45,1,outros,SAO JOSE DO POVO,39
1,45,1,outros,SAO JOSE DO RIO CLARO,216
1,45,1,outros,SAO JOSE DO RIO PRETO,7
1,45,1,outros,SAO JOSE DO XINGU,51
1,45,1,outros,SAO JOSE DOS PINHAIS,1
1,45,1,outros,SAO JOSE DOS QUATRO MARCOS,294
1,45,1,outros,SAO LUIS,2
1,45,1,outros,SAO MANUEL,1
1,45,1,outros,SAO MATEUS DO MARANHAO,1
1,45,1,outros,SAO MIGUEL DO ARAGUAIA,3
1,45,1,outros,SAO MIGUEL DO GUAPORE,2
1,45,1,outros,SAO MIGUEL DO IGUACU,1
1,45,1,outros,SAO PAULO,6
1,45,1,outros,SAO PEDRO DA CIPA,57
1,45,1,outros,SAO SIMAO,1
1,45,1,outros,SAPEZAL,187
1,45,1,outros,SARANDI,1
1,45,1,outros,SENGES,2
1,45,1,outros,SENTO SE,1
1,45,1,outros,SERINGUEIRAS,1
1,45,1,outros,SERRA NOVA DOURADA,12
1,45,1,outros,SERTAOZINHO,1
1,45,1,outros,SINOP,1246
1,45,1,outros,SONORA,16
1,45,1,outros,SORRISO,727
1,45,1,outros,SUMARE,1
1,45,1,outros,TABAPORA,89
1,45,1,outros,TAILANDIA,1
1,45,1,outros,TANGARA DA SERRA,991
1,45,1,outros,TAPURAH,114
1,45,1,outros,TAQUARITINGA,2
1,45,1,outros,TEIXEIROPOLIS,1
1,45,1,outros,TERENOS,1
1,45,1,outros,TERESINA,2
1,45,1,outros,TERRA NOVA,1
1,45,1,outros,TERRA NOVA DO NORTE,149
1,45,1,outros,TESOURO,34
1,45,1,outros,THEOBROMA,1
1,45,1,outros,TIMBO,1
1,45,1,outros,TIMON,1
1,45,1,outros,TOCANTINOPOLIS,1
1,45,1,outros,TOLEDO,1
1,45,1,outros,TORIXOREU,74
1,45,1,outros,TRES DE MAIO,1
1,45,1,outros,TRES PASSOS,1
1,45,1,outros,TRINDADE,1
1,45,1,outros,TUFILANDIA,1
1,45,1,outros,TUPA,1
1,45,1,outros,TUPACIGUARA,1
1,45,1,outros,TUPI PAULISTA,1
1,45,1,outros,UBERABA,3
1,45,1,outros,UBERLANDIA,4
1,45,1,outros,UNIAO DO SUL,31
1,45,1,outros,URUGUAIANA,1
1,45,1,outros,URUPA,1
1,45,1,outros,VALE DE SAO DOMINGOS,21
1,45,1,outros,VARZEA GRANDE,3679
1,45,1,outros,VERA,107
1,45,1,outros,VILA BELA DA S TRINDADE,120
1,45,1,outros,VILA RICA,188
1,45,1,outros,VILHENA,30
1,45,1,outros,VOLTA REDONDA,1
1,45,1,outros,XINGUARA,1
1,45,1,tuberculose,*IGNORADO,1
1,45,1,tuberculose,ACORIZAL,1
1,45,1,tuberculose,ALTA FLORESTA,2
1,45,1,tuberculose,ALTAMIRA,1
1,45,1,tuberculose,ALTO ARAGUAIA,1
1,45,1,tuberculose,ARAGUAIANA,2
1,45,1,tuberculose,ARENAPOLIS,1
1,45,1,tuberculose,ARIPUANA,1
1,45,1,tuberculose,BARRA DO BUGRES,3
1,45,1,tuberculose,BARRA DO GARCAS,4
1,45,1,tuberculose,BRASNORTE,1
1,45,1,tuberculose,CACERES,11
1,45,1,tuberculose,CAMPINAPOLIS,1
1,45,1,tuberculose,CANARANA,1
1,45,1,tuberculose,CLAUDIA,1
1,45,1,tuberculose,COCALINHO,1
1,45,1,tuberculose,COLIDER,1
1,45,1,tuberculose,COLNIZA,1
1,45,1,tuberculose,CONFRESA,1
1,45,1,tuberculose,COTRIGUACU,1
1,45,1,tuberculose,CUIABA,44
1,45,1,tuberculose,CURVELANDIA,3
1,45,1,tuberculose,DENISE,1
1,45,1,tuberculose,GUARANTA DO NORTE,2
1,45,1,tuberculose,JANGADA,2
1,45,1,tuberculose,JAURU,3
1,45,1,tuberculose,JUARA,2
1,45,1,tuberculose,JUINA,4
1,45,1,tuberculose,LUCAS DO RIO VERDE,4
1,45,1,tuberculose,MACEIO,1
1,45,1,tuberculose,MARCELANDIA,1
1,45,1,tuberculose,MIRASSOL D OESTE,2
1,45,1,tuberculose,NOBRES,1
1,45,1,tuberculose,NORTELANDIA,1
1,45,1,tuberculose,NOVA BANDEIRANTES,1
1,45,1,tuberculose,NOVA BRASILANDIA,1
1,45,1,tuberculose,NOVA MUTUM,1
1,45,1,tuberculose,NOVA NAZARE,1
1,45,1,tuberculose,PARANATINGA,2
1,45,1,tuberculose,PEDRA PRETA,1
1,45,1,tuberculose,PEIXOTO DE AZEVEDO,4
1,45,1,tuberculose,POCONE,5
1,45,1,tuberculose,PONTAL DO ARAGUAIA,1
1,45,1,tuberculose,PONTES E LACERDA,1
1,45,1,tuberculose,PORTO DOS GAUCHOS,3
1,45,1,tuberculose,PORTO ESPERIDIAO,3
1,45,1,tuberculose,PORTO ESTRELA,2
1,45,1,tuberculose,POXOREO,1
1,45,1,tuberculose,QUERENCIA,1
1,45,1,tuberculose,RIBEIRAO CASCALHEIRA,1
1,45,1,tuberculose,RONDONOPOLIS,10
1,45,1,tuberculose,ROSARIO OESTE,2
1,45,1,tuberculose,SANTA CARMEM,1
1,45,1,tuberculose,SANTA RITA DO ARAGUAIA,1
1,45,1,tuberculose,SANTA RITA DO TRIVELATO,1
1,45,1,tuberculose,SANTO ANTONIO DO LEVERGER,4
1,45,1,tuberculose,SAO JOSE DOS QUATRO MARCOS,2
1,45,1,tuberculose,SINOP,4
1,45,1,tuberculose,SORRISO,3
1,45,1,tuberculose,TANGARA DA SERRA,8
1,45,1,tuberculose,TERRA NOVA DO NORTE,1
1,45,1,tuberculose,VARZEA GRANDE,26
1,45,1,tuberculose,VILA BELA DA S TRINDADE,1
1,45,1,tuberculose,VILA RICA,1
